episode,dqn_routing_reward,dqn_bottleneck_util,spf_bottleneck_util,dqn_avg_latency,spf_avg_latency,multicast_reward,multicast_bw_saved_mbps,ddos_accuracy,ddos_false_positive
1,-2.3068,52.60,47.12,26.00,14.00,33.9000,60.00,0.0,1.0
2,-2.9823,28.82,95.64,22.50,17.00,33.9000,60.00,0.0,1.0
3,-4.6000,50.00,50.00,53.00,53.00,22.6000,40.00,0.0,1.0
4,-1.8606,23.29,24.71,14.40,11.80,45.2000,80.00,0.0,0.0
5,-2.5140,54.27,39.36,10.00,8.00,33.9000,60.00,0.0,1.0
6,-1.0679,24.53,24.53,8.00,8.00,22.6000,40.00,0.0,1.0
7,-8.4500,15.24,29.22,3.00,3.00,22.6000,40.00,0.0,1.0
8,-1.0680,22.03,24.53,4.00,2.00,22.6000,40.00,0.0,0.0
9,-2.3839,43.89,43.22,9.80,6.20,22.6000,40.00,0.0,1.0
10,-2.0311,20.72,28.74,14.00,14.00,45.2000,80.00,0.0,0.0
11,-4.7500,50.00,17.88,56.00,8.00,27.2000,50.00,0.0,1.0
12,-0.9823,18.82,17.54,2.00,2.00,38.5000,70.00,0.0,1.0
13,-1.4379,49.19,42.02,2.00,2.00,27.2000,50.00,0.0,1.0
14,-1.2086,23.78,28.57,12.80,9.60,27.2000,50.00,0.0,1.0
15,-1.1137,50.00,27.58,56.00,8.00,38.5000,70.00,0.0,0.0
16,-2.0107,20.72,27.38,14.00,14.00,45.2000,80.00,0.0,0.0
17,-1.5005,53.37,53.37,2.00,2.00,22.6000,40.00,0.0,1.0
18,-268.5989,93.02,93.02,2.00,2.00,33.9000,60.00,0.0,1.0
19,-5.4000,29.84,29.84,12.20,12.20,33.9000,60.00,0.0,1.0
20,-1.1101,27.34,27.34,8.00,8.00,33.9000,60.00,0.0,0.0
21,-2.4358,47.29,47.29,8.00,8.00,45.2000,80.00,0.0,0.0
22,-143.3705,92.68,92.68,5.00,5.00,33.9000,60.00,0.0,1.0
23,-5.8750,14.34,14.34,13.50,13.50,33.9000,60.00,0.0,1.0
24,-1.6350,26.00,26.00,12.90,12.90,22.6000,40.00,0.0,1.0
25,-2.4629,54.58,54.58,14.00,14.00,45.2000,80.00,0.0,1.0
26,-1.0629,24.19,24.19,8.00,8.00,45.2000,80.00,0.0,0.0
27,-3.8500,50.00,50.00,50.00,50.00,33.9000,60.00,0.0,0.0
28,-3.5655,29.83,29.83,22.00,22.00,22.6000,40.00,0.0,0.0
29,-2.4848,47.12,47.12,8.20,8.20,45.2000,80.00,0.0,1.0
30,-244.3916,20.51,20.51,14.00,14.00,33.9000,60.00,0.0,1.0
31,-1.0776,25.17,25.17,8.00,8.00,33.9000,60.00,0.0,1.0
32,-1.7019,27.30,27.30,2.00,2.00,33.9000,60.00,0.0,0.0
33,-3.3979,53.60,45.86,16.00,17.00,38.5000,70.00,0.0,1.0
34,-2.9230,94.88,94.88,14.20,14.20,22.6000,40.00,0.0,0.0
35,-4.7500,27.90,27.90,8.00,8.00,45.2000,80.00,0.0,0.0
36,-1.8618,17.45,17.45,14.00,14.00,22.6000,40.00,1.0,0.0
37,-4.6565,54.27,53.77,26.20,20.50,45.2000,80.00,1.0,0.0
38,-102.2394,29.28,29.28,9.00,9.00,22.6000,40.00,0.0,0.0
39,-1.7758,14.27,50.00,13.40,50.00,22.6000,40.00,0.0,0.0
40,-2.1367,21.53,21.53,8.00,8.00,33.9000,60.00,0.0,0.0
41,-1.4105,47.37,47.37,8.00,8.00,45.2000,80.00,1.0,0.0
42,-241.0504,97.24,97.24,5.00,5.00,22.6000,40.00,0.0,0.0
43,-3.8500,50.00,50.00,50.00,50.00,45.2000,80.00,1.0,0.0
44,-1.8788,10.43,10.43,4.90,4.90,45.2000,80.00,1.0,0.0
45,-2.5189,53.58,53.58,14.00,14.00,33.9000,60.00,1.0,0.0
46,-1.0590,23.94,23.94,8.00,8.00,33.9000,60.00,1.0,0.0
47,-5.8500,16.31,50.00,16.00,78.00,45.2000,80.00,0.0,0.0
48,-1.7376,15.34,15.34,2.00,2.00,38.5000,70.00,1.0,0.0
49,-2.7571,54.64,54.64,6.80,6.80,22.6000,40.00,0.0,0.0
50,-2.0117,27.44,27.44,14.00,14.00,22.6000,40.00,1.0,0.0
51,-0.8649,10.99,10.99,8.00,8.00,22.6000,40.00,1.0,0.0
52,-1.4522,11.76,11.76,3.00,3.00,22.6000,40.00,1.0,0.0
53,-2.1799,48.66,54.36,8.00,5.00,27.2000,50.00,1.0,0.0
54,-2.3721,11.46,11.46,8.10,8.10,27.2000,50.00,0.0,0.0
55,-6.1500,28.30,28.30,14.00,14.00,22.6000,40.00,1.0,0.0
56,-1.9402,22.68,17.26,10.00,14.00,33.9000,60.00,1.0,0.0
57,-2.6742,44.94,50.75,16.00,17.00,33.9000,60.00,1.0,0.0
58,-3.0180,27.87,91.72,22.00,14.00,33.9000,60.00,1.0,0.0
59,-1.6640,24.27,24.32,14.00,4.70,22.6000,40.00,0.0,0.0
60,-2.0396,29.64,23.47,10.00,14.00,45.2000,80.00,1.0,0.0
61,-2.2369,46.47,53.35,10.00,14.00,22.6000,40.00,1.0,0.0
62,-2.3259,21.20,21.20,6.00,6.00,45.2000,80.00,0.0,0.0
63,-7.4500,18.24,18.24,2.50,2.50,22.6000,40.00,1.0,0.0
64,-0.8040,10.26,10.26,7.00,7.00,45.2000,80.00,1.0,0.0
65,-1.4434,49.56,49.56,8.00,8.00,45.2000,80.00,0.0,0.0
66,-2.0097,21.14,21.14,14.00,14.00,22.6000,40.00,1.0,0.0
67,-7.1250,26.44,50.00,23.00,83.00,22.6000,40.00,1.0,0.0
68,-4.6841,14.80,14.80,4.00,4.00,33.9000,60.00,0.0,0.0
69,-2.7296,45.64,42.40,12.30,17.80,33.9000,60.00,1.0,0.0
70,-78.5638,15.98,15.98,14.00,14.00,22.6000,40.00,0.0,0.0
71,-2.9292,13.53,13.53,8.00,8.00,27.2000,50.00,0.0,0.0
72,-2.3682,22.88,29.61,16.50,14.00,27.2000,50.00,1.0,0.0
73,-2.2609,54.06,50.49,5.00,5.00,22.6000,40.00,1.0,0.0
74,-2.6603,23.68,29.57,16.10,20.40,27.2000,50.00,1.0,0.0
75,-0.8941,12.94,12.94,8.00,8.00,27.2000,50.00,0.0,0.0
76,-1.9918,19.45,26.38,10.00,14.00,45.2000,80.00,1.0,0.0
77,-1.4086,47.24,47.24,2.00,2.00,33.9000,60.00,1.0,0.0
78,-1.9943,24.62,24.62,9.00,9.00,45.2000,80.00,1.0,0.0
79,-3.1245,21.63,50.00,24.10,50.00,33.9000,60.00,0.0,0.0
80,-1.0588,23.92,23.92,8.00,8.00,45.2000,80.00,1.0,0.0
81,-2.5130,54.20,54.93,10.00,14.00,45.2000,80.00,0.0,0.0
82,-269.4047,21.16,21.16,2.00,2.00,45.2000,80.00,1.0,0.0
83,-4.6000,50.00,50.00,53.00,53.00,45.2000,80.00,0.0,0.0
84,-1.4795,28.97,25.42,8.90,15.30,22.6000,40.00,1.0,0.0
85,-2.5227,54.85,52.13,10.00,14.00,22.6000,40.00,0.0,0.0
86,-68.4113,18.21,18.21,8.00,8.00,45.2000,80.00,0.0,0.0
87,-3.8500,50.00,50.00,50.00,50.00,45.2000,80.00,1.0,0.0
88,-1.8981,22.00,27.45,5.00,5.00,45.2000,80.00,0.0,0.0
89,-1.0057,38.38,38.38,2.60,2.60,33.9000,60.00,1.0,0.0
90,-1.0025,20.16,20.16,8.00,8.00,38.5000,70.00,0.0,0.0
91,-1.9562,23.75,23.75,14.00,14.00,38.5000,70.00,1.0,0.0
92,-2.2185,27.90,27.90,18.00,18.00,27.2000,50.00,1.0,0.0
93,-2.9750,51.66,54.39,8.00,5.00,38.5000,70.00,0.0,0.0
94,-104.8454,29.62,29.62,19.20,19.20,38.5000,70.00,1.0,0.0
95,-6.1500,29.36,29.36,14.00,14.00,38.5000,70.00,0.0,0.0
96,-2.1172,27.81,27.81,10.00,14.00,22.6000,40.00,1.0,0.0
97,-3.7227,51.28,51.28,30.00,24.50,45.2000,80.00,0.0,0.0
98,-3.4155,22.38,91.44,16.00,16.50,45.2000,80.00,1.0,0.0
99,-0.6886,17.90,17.90,2.40,2.40,22.6000,40.00,0.0,0.0
100,-3.5017,28.38,21.58,10.00,14.00,45.2000,80.00,1.0,0.0
101,-3.2917,50.11,50.11,8.00,8.00,33.9000,60.00,1.0,0.0
102,-89.2161,90.64,90.64,4.00,2.00,22.6000,40.00,1.0,0.0
103,-3.8500,50.00,50.00,50.00,50.00,45.2000,80.00,1.0,0.0
104,-1.7287,28.35,22.58,11.20,15.80,22.6000,40.00,1.0,0.0
105,-3.8722,54.09,53.14,10.00,14.00,33.9000,60.00,1.0,0.0
106,-184.3011,24.44,24.44,14.00,14.00,33.9000,60.00,0.0,0.0
107,-3.8500,50.00,50.00,50.00,50.00,45.2000,80.00,0.0,0.0
108,-1.1440,12.55,12.55,2.00,2.00,38.5000,70.00,1.0,0.0
109,-3.2808,42.47,53.21,16.50,12.90,45.2000,80.00,1.0,0.0
110,-268.9708,23.87,23.87,14.00,14.00,27.2000,50.00,0.0,0.0
111,-6.1500,27.77,27.77,14.00,14.00,38.5000,70.00,1.0,0.0
112,-0.9897,19.32,27.49,2.00,2.00,38.5000,70.00,1.0,0.0
113,-2.2583,54.92,53.89,5.00,5.00,27.2000,50.00,1.0,0.0
114,-1.5134,19.89,19.89,12.30,12.30,22.6000,40.00,1.0,0.0
115,-6.1500,16.72,28.56,14.00,14.00,22.6000,40.00,1.0,0.0
116,-2.1073,27.15,20.88,10.00,14.00,22.6000,40.00,0.0,0.0
117,-2.2462,42.97,53.08,5.00,5.00,22.6000,40.00,1.0,0.0
118,-2.4947,17.98,17.98,20.50,20.50,45.2000,80.00,1.0,0.0
119,-5.4000,21.09,50.00,15.20,50.00,33.9000,60.00,1.0,0.0
120,-2.1403,29.35,23.34,10.00,14.00,45.2000,80.00,1.0,0.0
121,-2.3939,43.78,43.78,14.00,14.00,45.2000,80.00,1.0,0.0
122,-283.7863,21.78,21.78,18.00,18.00,22.6000,40.00,1.0,0.0
123,-6.4250,29.95,50.00,27.00,83.50,22.6000,40.00,0.0,0.0
124,-1.0654,23.79,20.36,11.80,9.20,22.6000,40.00,1.0,0.0
125,-1.3675,44.50,44.50,8.00,8.00,22.6000,40.00,1.0,0.0
126,-0.8663,11.09,11.09,8.00,8.00,22.6000,40.00,1.0,0.0
127,-1.0324,15.72,18.82,3.00,3.00,22.6000,40.00,0.0,0.0
128,-0.8681,29.54,29.54,2.50,2.50,22.6000,40.00,1.0,0.0
129,-4.1053,43.46,43.46,4.50,4.50,38.5000,70.00,0.0,0.0
130,-2.8956,16.33,16.33,8.00,8.00,45.2000,80.00,1.0,0.0
131,-1.0750,25.00,25.00,8.00,8.00,22.6000,40.00,1.0,0.0
132,-1.9282,29.28,23.54,19.50,13.50,38.5000,70.00,0.0,0.0
133,-1.4279,40.74,48.53,2.00,2.00,22.6000,40.00,1.0,0.0
134,-2.7127,22.31,26.32,15.10,8.40,22.6000,40.00,0.0,0.0
135,-1.1099,27.32,27.32,8.00,8.00,22.6000,40.00,1.0,0.0
136,-2.1317,15.67,15.67,8.00,8.00,22.6000,40.00,1.0,0.0
137,-4.5247,49.21,49.21,22.00,22.00,33.9000,60.00,1.0,0.0
138,-153.6048,91.15,97.82,5.00,5.00,33.9000,60.00,1.0,0.0
139,-6.0350,24.16,24.16,5.00,5.00,22.6000,40.00,1.0,0.0
140,-0.8597,10.64,10.64,8.00,8.00,45.2000,80.00,0.0,0.0
141,-2.5210,47.89,47.89,14.00,14.00,45.2000,80.00,1.0,0.0
142,-79.0737,96.75,92.28,2.00,2.00,22.6000,40.00,0.0,0.0
143,-4.6000,50.00,50.00,53.00,53.00,45.2000,80.00,0.0,0.0
144,-3.1984,26.97,26.97,7.00,7.00,33.9000,60.00,1.0,0.0
145,-3.2597,54.50,54.50,8.00,8.00,22.6000,40.00,1.0,0.0
146,-264.4283,24.22,24.22,8.00,8.00,33.9000,60.00,0.0,0.0
147,-6.9250,28.06,28.06,30.00,24.50,45.2000,80.00,1.0,0.0
148,-4.8601,15.26,15.26,16.50,16.50,45.2000,80.00,1.0,0.0
149,-2.9972,50.05,50.05,6.30,6.30,33.9000,60.00,1.0,0.0
150,-1.9194,26.02,26.02,14.00,14.00,33.9000,60.00,1.0,0.0
151,-1.8716,18.11,18.11,14.00,14.00,22.6000,40.00,0.0,0.0
152,-2.9934,22.89,28.32,28.70,21.50,22.6000,40.00,1.0,0.0
153,-1.3709,44.73,44.73,2.00,2.00,38.5000,70.00,1.0,0.0
154,-1.7215,21.57,27.77,15.80,14.10,38.5000,70.00,0.0,0.0
155,-2.0015,23.36,23.36,14.00,14.00,38.5000,70.00,1.0,0.0
156,-1.0172,21.15,21.15,8.00,8.00,45.2000,80.00,1.0,0.0
157,-2.1827,53.41,50.26,5.00,5.00,33.9000,60.00,0.0,0.0
158,-2.6071,25.48,25.48,20.50,20.50,22.6000,40.00,1.0,0.0
159,-1.0546,23.64,23.64,8.00,8.00,45.2000,80.00,1.0,0.0
160,-1.9759,23.54,25.06,10.00,14.00,22.6000,40.00,1.0,0.0
161,-1.2599,37.32,37.32,8.00,8.00,33.9000,60.00,0.0,0.0
162,-275.0535,95.56,95.19,5.00,5.00,45.2000,80.00,1.0,0.0
163,-3.8500,50.00,50.00,50.00,50.00,33.9000,60.00,1.0,0.0
164,-0.8443,27.95,27.95,2.50,2.50,22.6000,40.00,1.0,0.0
165,-3.2881,48.54,48.54,8.00,8.00,45.2000,80.00,0.0,0.0
166,-1.1261,28.41,28.41,8.00,8.00,27.2000,50.00,1.0,0.0
167,-6.8250,23.44,23.44,20.50,20.50,22.6000,40.00,1.0,0.0
168,-3.3027,29.56,29.56,3.00,3.00,38.5000,70.00,1.0,0.0
169,-1.9769,47.82,47.82,6.40,6.40,45.2000,80.00,1.0,0.0
170,-1.8705,21.45,21.45,14.00,14.00,27.2000,50.00,0.0,0.0
171,-1.0575,23.83,23.83,8.00,8.00,38.5000,70.00,1.0,0.0
172,-2.8726,20.69,20.69,13.50,13.50,22.6000,40.00,0.0,0.0
173,-2.0851,45.26,45.26,2.00,2.00,38.5000,70.00,1.0,0.0
174,-0.8065,21.43,21.43,3.70,3.70,27.2000,50.00,0.0,0.0
175,-1.9874,18.38,18.38,14.00,14.00,38.5000,70.00,1.0,0.0
176,-2.1199,27.99,28.57,10.00,14.00,22.6000,40.00,1.0,0.0
177,-3.9410,52.89,52.89,13.50,13.50,22.6000,40.00,0.0,0.0
178,-222.7765,94.99,94.99,2.00,2.00,22.6000,40.00,1.0,0.0
179,-4.5550,23.15,23.15,3.90,3.90,33.9000,60.00,1.0,0.0
180,-2.0404,24.66,18.25,10.00,14.00,22.6000,40.00,1.0,0.0
181,-1.5133,54.22,54.22,8.00,8.00,33.9000,60.00,0.0,0.0
182,-2.8067,27.11,91.38,18.00,19.50,22.6000,40.00,1.0,0.0
183,-7.0000,28.17,28.17,20.50,15.00,45.2000,80.00,1.0,0.0
184,-2.3222,23.15,28.62,13.80,13.00,45.2000,80.00,1.0,0.0
185,-2.2494,43.29,43.29,14.00,14.00,45.2000,80.00,1.0,0.0
186,-1.1201,28.00,28.00,8.00,8.00,33.9000,60.00,1.0,0.0
187,-3.8500,50.00,50.00,50.00,50.00,45.2000,80.00,0.0,0.0
188,-3.4743,13.67,13.67,11.00,11.00,33.9000,60.00,0.0,0.0
189,-3.3922,48.61,48.61,6.40,6.40,38.5000,70.00,0.0,0.0
190,-193.1991,14.03,14.03,8.00,8.00,33.9000,60.00,1.0,0.0
191,-2.0009,26.73,25.01,14.00,14.00,33.9000,60.00,1.0,0.0
192,-0.9789,12.47,12.47,2.00,2.00,38.5000,70.00,0.0,0.0
193,-1.4109,47.17,47.17,2.00,2.00,22.6000,40.00,1.0,0.0
194,-2.6046,16.18,16.18,20.70,20.70,38.5000,70.00,1.0,0.0
195,-6.1500,18.56,28.32,14.00,14.00,22.6000,40.00,1.0,0.0
196,-1.9328,26.94,26.94,10.00,14.00,22.6000,40.00,1.0,0.0
197,-2.6711,41.40,49.58,17.00,13.50,22.6000,40.00,0.0,0.0
198,-105.4299,92.06,92.06,5.00,5.00,22.6000,40.00,0.0,0.0
199,-2.9129,27.02,50.00,22.50,75.00,45.2000,80.00,1.0,0.0
200,-2.9129,22.15,22.15,8.00,8.00,33.9000,60.00,1.0,0.0
201,-2.4034,52.79,53.86,10.00,14.00,45.2000,80.00,0.0,0.0
202,-198.0800,96.30,96.30,5.00,5.00,33.9000,60.00,1.0,0.0
203,-4.6000,50.00,50.00,53.00,53.00,22.6000,40.00,0.0,0.0
204,-2.4422,26.17,18.72,16.50,12.70,22.6000,40.00,0.0,0.0
205,-1.4812,52.08,52.08,8.00,8.00,33.9000,60.00,1.0,0.0
206,-71.1392,24.07,24.07,8.00,8.00,45.2000,80.00,0.0,0.0
207,-4.6000,50.00,50.00,53.00,53.00,38.5000,70.00,1.0,0.0
208,-1.7082,19.95,18.22,2.00,2.00,22.6000,40.00,1.0,0.0
209,-3.0789,47.13,45.16,16.00,20.00,22.6000,40.00,0.0,0.0
210,-0.9589,17.26,17.26,8.00,8.00,22.6000,40.00,1.0,0.0
211,-6.1500,17.30,24.46,14.00,14.00,22.6000,40.00,1.0,0.0
212,-1.8254,29.64,25.03,5.00,5.00,38.5000,70.00,1.0,0.0
213,-1.4409,40.82,52.33,2.00,2.00,22.6000,40.00,0.0,0.0
214,-1.3510,23.04,23.04,3.20,3.20,38.5000,70.00,1.0,0.0
215,-4.7500,23.84,28.36,14.00,14.00,33.9000,60.00,0.0,0.0
216,-2.1013,26.75,22.71,10.00,14.00,22.6000,40.00,1.0,0.0
217,-1.4746,46.91,46.91,2.00,2.00,45.2000,80.00,1.0,0.0
218,-219.3670,97.30,97.30,2.00,2.00,45.2000,80.00,1.0,0.0
219,-5.9750,26.41,26.41,9.70,9.70,22.6000,40.00,1.0,0.0
220,-1.0452,23.01,23.01,8.00,8.00,45.2000,80.00,0.0,0.0
221,-3.2581,37.82,37.82,8.00,8.00,45.2000,80.00,0.0,0.0
222,-108.1027,19.55,19.55,4.00,4.00,22.6000,40.00,0.0,0.0
223,-5.3500,50.00,50.00,53.00,53.00,33.9000,60.00,0.0,0.0
224,-2.4591,18.37,18.37,10.80,10.80,45.2000,80.00,1.0,0.0
225,-2.3724,36.89,36.89,8.00,8.00,33.9000,60.00,1.0,0.0
226,-1.0952,26.35,26.35,8.00,8.00,22.6000,40.00,0.0,0.0
227,-1.9253,23.35,23.35,13.50,13.50,38.5000,70.00,1.0,0.0
228,-1.0279,21.86,21.86,2.00,2.00,33.9000,60.00,0.0,0.0
229,-2.1211,41.45,49.41,11.60,15.60,38.5000,70.00,1.0,0.0
230,-2.8422,27.64,27.64,8.00,8.00,33.9000,60.00,1.0,0.0
231,-4.7500,10.21,10.21,8.00,8.00,38.5000,70.00,1.0,0.0
232,-1.3083,22.22,22.22,7.50,7.50,38.5000,70.00,0.0,0.0
233,-1.4708,44.37,51.78,2.00,2.00,22.6000,40.00,1.0,0.0
234,-1.6863,22.81,22.81,5.00,5.00,20.5000,40.00,1.0,0.0
235,-1.0311,22.08,22.08,8.00,8.00,22.6000,40.00,1.0,0.0
236,-2.9474,28.47,28.47,8.00,8.00,33.9000,60.00,1.0,0.0
237,-2.2051,42.55,53.86,5.00,5.00,33.9000,60.00,0.0,0.0
238,-1.0652,21.01,21.01,3.00,3.00,33.9000,60.00,0.0,0.0
239,-4.5950,22.82,22.82,13.20,13.20,45.2000,80.00,1.0,0.0
240,-1.0468,23.12,23.12,8.00,8.00,22.6000,40.00,1.0,0.0
241,-1.2479,36.52,36.52,8.00,8.00,45.2000,80.00,1.0,0.0
242,-0.7246,19.98,19.98,2.50,2.50,22.6000,40.00,0.0,0.0
243,-0.6922,17.81,17.81,2.50,2.50,45.2000,80.00,1.0,0.0
244,-3.0530,20.17,20.17,12.50,12.50,22.6000,40.00,1.0,0.0
245,-2.2692,46.39,44.61,10.00,14.00,45.2000,80.00,0.0,0.0
246,-204.5415,21.41,21.41,14.00,14.00,22.6000,40.00,1.0,0.0
247,-4.6000,50.00,50.00,53.00,53.00,33.9000,60.00,1.0,0.0
248,-2.5785,23.26,24.86,5.00,5.00,33.9000,60.00,0.0,0.0
249,-2.8211,43.00,43.00,4.30,4.30,22.6000,40.00,1.0,0.0
250,-2.8913,22.97,22.97,8.00,8.00,22.6000,40.00,0.0,0.0
251,-6.1500,23.33,28.33,14.00,14.00,38.5000,70.00,1.0,0.0
252,-3.2284,26.25,26.25,4.50,4.50,27.2000,50.00,1.0,0.0
253,-3.6804,51.36,53.86,22.20,20.50,22.6000,40.00,0.0,0.0
254,-1.3726,12.17,12.17,11.80,11.80,38.5000,70.00,1.0,0.0
255,-2.8646,19.92,19.92,8.00,8.00,27.2000,50.00,0.0,0.0
256,-0.9378,15.86,15.86,8.00,8.00,22.6000,40.00,1.0,0.0
257,-2.1645,51.05,54.72,5.00,5.00,45.2000,80.00,1.0,0.0
258,-111.6150,97.02,97.02,2.00,2.00,33.9000,60.00,0.0,0.0
259,-3.3552,23.68,50.00,30.00,75.00,33.9000,60.00,1.0,0.0
260,-0.9711,18.07,18.07,8.00,8.00,33.9000,60.00,0.0,0.0
261,-2.4489,49.93,45.16,10.00,14.00,33.9000,60.00,0.0,0.0
262,-183.9910,91.79,91.79,2.00,2.00,45.2000,80.00,0.0,0.0
263,-4.6000,50.00,50.00,53.00,53.00,22.6000,40.00,1.0,0.0
264,-1.5696,24.87,24.87,6.40,6.40,22.6000,40.00,0.0,0.0
265,-2.4059,43.50,53.72,14.00,14.00,45.2000,80.00,0.0,0.0
266,-0.9916,19.44,19.44,8.00,8.00,22.6000,40.00,1.0,0.0
267,-4.6000,50.00,50.00,53.00,53.00,33.9000,60.00,0.0,0.0
268,-4.2449,29.66,29.66,18.00,18.00,38.5000,70.00,1.0,0.0
269,-2.4312,51.77,54.08,16.40,14.40,22.6000,40.00,1.0,0.0
270,-103.8974,22.46,22.46,8.00,8.00,22.6000,40.00,1.0,0.0
271,-6.1500,28.38,24.74,14.00,14.00,27.2000,50.00,1.0,0.0
272,-1.8456,26.37,27.91,5.00,5.00,22.6000,40.00,1.0,0.0
273,-3.3309,48.33,48.33,9.50,9.50,45.2000,80.00,1.0,0.0
274,-2.5608,25.38,25.38,14.00,14.00,22.6000,40.00,1.0,0.0
275,-1.0857,25.71,25.71,8.00,8.00,38.5000,70.00,1.0,0.0
276,-2.0489,28.92,28.92,14.00,14.00,33.9000,60.00,1.0,0.0
277,-2.0981,43.21,49.50,5.00,5.00,45.2000,80.00,1.0,0.0
278,-1.3193,26.28,26.28,6.50,6.50,45.2000,80.00,1.0,0.0
279,-3.8500,13.44,13.44,6.80,6.80,22.6000,40.00,1.0,0.0
280,-1.8634,17.56,17.56,14.00,14.00,33.9000,60.00,1.0,0.0
281,-3.3188,43.19,43.19,8.00,8.00,22.6000,40.00,1.0,0.0
282,-1.9897,27.65,27.65,13.50,13.50,33.9000,60.00,1.0,0.0
283,-2.5722,29.82,27.16,18.50,13.50,45.2000,80.00,1.0,0.0
284,-2.8212,20.00,20.00,2.70,2.70,45.2000,80.00,1.0,0.0
285,-2.5142,54.28,44.52,10.00,14.00,45.2000,80.00,1.0,0.0
286,-245.3807,16.18,16.18,8.00,8.00,27.2000,50.00,1.0,0.0
287,-0.8324,28.82,28.82,2.00,2.00,45.2000,80.00,1.0,0.0
288,-4.6159,29.89,29.89,5.50,5.50,33.9000,60.00,1.0,0.0
289,-2.3806,49.04,49.04,14.90,14.90,33.9000,60.00,1.0,0.0
290,-0.9994,19.96,19.96,8.00,8.00,22.6000,40.00,1.0,0.0
291,-4.7500,26.25,26.25,8.00,8.00,22.6000,40.00,1.0,0.0
292,-0.8867,27.45,27.45,3.50,3.50,33.9000,60.00,1.0,0.0
293,-2.1795,47.06,48.63,5.00,5.00,22.6000,40.00,1.0,0.0
294,-1.7700,29.33,29.33,14.60,14.60,22.6000,40.00,1.0,0.0
295,-1.9439,22.93,24.10,14.00,14.00,38.5000,70.00,1.0,0.0
296,-0.9979,19.86,19.86,8.00,8.00,22.6000,40.00,1.0,0.0
297,-3.7953,54.10,54.99,19.00,16.50,45.2000,80.00,1.0,0.0
298,-254.8927,23.20,97.46,18.00,19.50,45.2000,80.00,1.0,0.0
299,-1.4869,24.00,24.00,8.40,8.40,22.6000,40.00,1.0,0.0
300,-1.9924,19.50,19.50,10.00,14.00,22.6000,40.00,1.0,0.0
301,-2.1766,38.44,38.44,14.00,14.00,45.2000,80.00,1.0,0.0
302,-58.2327,85.92,85.92,5.00,5.00,22.6000,40.00,1.0,0.0
303,-2.5825,23.84,23.84,20.50,15.00,45.2000,80.00,1.0,0.0
304,-0.9205,23.70,23.70,5.30,5.30,22.6000,40.00,1.0,0.0
305,-2.3933,44.78,52.89,14.00,14.00,22.6000,40.00,1.0,0.0
306,-1.9310,22.07,22.07,14.00,14.00,33.9000,60.00,1.0,0.0
307,-3.8500,50.00,50.00,50.00,50.00,22.6000,40.00,1.0,0.0
308,-0.9079,13.86,28.11,2.00,2.00,45.2000,80.00,1.0,0.0
309,-2.4100,44.37,48.01,14.80,13.60,33.9000,60.00,1.0,0.0
310,-286.6766,25.30,25.30,14.00,14.00,45.2000,80.00,1.0,0.0
311,-2.0275,28.50,27.45,14.00,14.00,22.6000,40.00,1.0,0.0
312,-1.0920,22.17,15.71,2.00,2.00,38.5000,70.00,1.0,0.0
313,-2.1486,48.20,45.90,2.00,2.00,22.6000,40.00,1.0,0.0
314,-1.3754,16.69,29.99,10.50,6.70,22.6000,40.00,1.0,0.0
315,-4.7500,28.79,28.79,8.00,8.00,27.2000,50.00,1.0,0.0
316,-2.9220,14.12,14.12,8.00,8.00,33.9000,60.00,1.0,0.0
317,-1.4060,47.78,43.73,3.00,3.00,33.9000,60.00,1.0,0.0
318,-88.7264,95.73,95.73,2.00,2.00,22.6000,40.00,1.0,0.0
319,-2.1733,26.40,26.40,10.70,10.70,33.9000,60.00,1.0,0.0
320,-0.9626,17.51,17.51,8.00,8.00,45.2000,80.00,1.0,0.0
321,-2.3287,49.86,51.95,10.00,14.00,33.9000,60.00,1.0,0.0
322,-129.5678,97.53,97.53,5.00,5.00,33.9000,60.00,1.0,0.0
323,-2.7560,26.60,26.60,6.00,6.00,45.2000,80.00,1.0,0.0
324,-2.5199,24.40,23.50,14.30,15.90,22.6000,40.00,1.0,0.0
325,-2.5128,54.87,54.87,8.00,8.00,33.9000,60.00,1.0,0.0
326,-2.7912,16.73,16.73,8.00,8.00,22.6000,40.00,1.0,0.0
327,-3.7500,30.00,30.00,24.50,24.50,38.5000,70.00,1.0,0.0
328,-1.8721,24.90,24.90,5.00,5.00,45.2000,80.00,1.0,0.0
329,-1.9160,54.07,54.07,10.10,10.10,45.2000,80.00,1.0,0.0
330,-2.0077,18.45,18.45,14.00,14.00,45.2000,80.00,1.0,0.0
331,-1.9805,26.53,26.53,14.00,14.00,38.5000,70.00,1.0,0.0
332,-0.8930,21.20,21.20,5.50,5.50,33.9000,60.00,1.0,0.0
333,-1.3927,40.44,47.25,2.00,2.00,38.5000,70.00,1.0,0.0
334,-1.9008,14.39,29.72,14.00,17.10,33.9000,60.00,1.0,0.0
335,-1.0746,24.98,24.98,8.00,8.00,22.6000,40.00,1.0,0.0
336,-1.8783,26.38,26.38,10.00,14.00,45.2000,80.00,1.0,0.0
337,-2.5664,48.04,48.04,2.00,2.00,22.6000,40.00,1.0,0.0
338,-2.4754,20.80,20.80,6.00,6.00,45.2000,80.00,1.0,0.0
339,-0.9665,17.76,17.76,8.00,8.00,22.6000,40.00,1.0,0.0
340,-1.9262,27.53,27.53,10.00,14.00,22.6000,40.00,1.0,0.0
341,-1.3347,42.31,42.31,8.00,8.00,45.2000,80.00,1.0,0.0
342,-2.5841,25.31,28.00,6.50,5.00,33.9000,60.00,1.0,0.0
343,-8.4500,21.79,27.82,3.00,3.00,22.6000,40.00,1.0,0.0
344,-2.6127,27.23,28.00,14.40,14.50,45.2000,80.00,1.0,0.0
345,-2.4200,48.00,49.98,10.00,14.00,22.6000,40.00,1.0,0.0
346,-1.9611,24.08,24.08,14.00,14.00,27.2000,50.00,1.0,0.0
347,-3.8500,50.00,50.00,50.00,50.00,45.2000,80.00,1.0,0.0
348,-1.2484,28.23,28.23,4.50,4.50,45.2000,80.00,1.0,0.0
349,-2.6455,52.70,51.64,19.10,20.50,22.6000,40.00,1.0,0.0
350,-0.9362,15.75,15.75,8.00,8.00,33.9000,60.00,1.0,0.0
351,-4.7500,27.05,27.05,8.00,8.00,27.2000,50.00,1.0,0.0
352,-2.7735,29.90,29.90,16.50,16.50,27.2000,50.00,1.0,0.0
353,-1.5198,41.96,54.65,2.00,2.00,22.6000,40.00,1.0,0.0
354,-0.7978,13.19,13.19,6.00,6.00,27.2000,50.00,1.0,0.0
355,-0.9404,16.03,16.03,8.00,8.00,22.6000,40.00,1.0,0.0
356,-1.8750,18.33,26.55,14.00,14.00,22.6000,40.00,1.0,0.0
357,-5.8839,39.77,39.77,9.50,9.50,45.2000,80.00,1.0,0.0
358,-2.3876,27.51,27.51,7.50,7.50,33.9000,60.00,1.0,0.0
359,-2.3232,25.20,27.88,15.20,20.10,22.6000,40.00,1.0,0.0
360,-1.9151,21.00,21.00,14.00,14.00,45.2000,80.00,1.0,0.0
361,-1.4262,48.41,48.41,8.00,8.00,22.6000,40.00,1.0,0.0
362,-3.0303,25.35,25.35,23.00,23.00,22.6000,40.00,1.0,0.0
363,-5.4000,24.52,50.00,24.50,75.00,45.2000,80.00,1.0,0.0
364,-1.3624,20.16,20.16,9.20,9.20,33.9000,60.00,1.0,0.0
365,-3.8896,49.24,47.81,10.00,14.00,33.9000,60.00,1.0,0.0
366,-0.9635,17.57,17.57,8.00,8.00,45.2000,80.00,1.0,0.0
367,-3.8500,50.00,50.00,50.00,50.00,45.2000,80.00,1.0,0.0
368,-0.8208,21.38,21.38,4.00,4.00,38.5000,70.00,1.0,0.0
369,-3.4095,42.22,51.12,20.00,21.10,45.2000,80.00,1.0,0.0
370,-2.0157,19.79,19.79,14.00,14.00,45.2000,80.00,1.0,0.0
371,-2.7907,12.36,12.36,8.00,8.00,27.2000,50.00,1.0,0.0
372,-1.8107,23.88,21.98,13.00,11.00,22.6000,40.00,1.0,0.0
373,-2.9390,53.00,53.50,5.00,5.00,22.6000,40.00,1.0,0.0
374,-0.8130,13.87,13.87,6.10,6.10,38.5000,70.00,1.0,0.0
375,-2.0029,26.86,26.86,14.00,14.00,22.6000,40.00,1.0,0.0
376,-0.8560,10.40,10.40,8.00,8.00,33.9000,60.00,1.0,0.0
377,-2.3676,52.84,52.84,13.50,13.50,45.2000,80.00,1.0,0.0
378,-177.2205,94.31,94.31,2.00,2.00,45.2000,80.00,1.0,0.0
379,-2.5679,22.73,22.73,4.90,4.90,33.9000,60.00,1.0,0.0
380,-2.1459,11.79,11.79,8.00,8.00,33.9000,60.00,1.0,0.0
381,-2.4783,51.33,51.33,8.00,8.00,33.9000,60.00,1.0,0.0
382,-4.1607,29.72,95.71,27.00,22.00,45.2000,80.00,1.0,0.0
383,-2.4967,13.95,13.95,5.00,5.00,22.6000,40.00,1.0,0.0
384,-1.3396,16.31,16.31,9.90,9.90,45.2000,80.00,1.0,0.0
385,-2.4635,35.99,35.99,8.00,8.00,45.2000,80.00,1.0,0.0
386,-0.8766,11.77,11.77,8.00,8.00,33.9000,60.00,1.0,0.0
387,-0.9242,28.28,28.28,4.00,4.00,22.6000,40.00,1.0,0.0
388,-0.9216,25.11,16.33,2.00,2.00,27.2000,50.00,1.0,0.0
389,-2.7606,54.03,46.52,20.70,16.30,22.6000,40.00,1.0,0.0
390,-1.0692,24.61,24.61,8.00,8.00,38.5000,70.00,1.0,0.0
391,-0.8562,10.41,10.41,8.00,8.00,22.6000,40.00,1.0,0.0
392,-0.9942,19.61,22.41,2.00,2.00,27.2000,50.00,1.0,0.0
393,-3.7623,48.78,49.39,24.00,20.50,22.6000,40.00,1.0,0.0
394,-2.8419,15.94,20.88,10.70,4.50,27.2000,50.00,1.0,0.0
395,-2.9408,19.11,19.11,8.00,8.00,27.2000,50.00,1.0,0.0
396,-2.9292,10.59,10.59,8.00,8.00,45.2000,80.00,1.0,0.0
397,-1.9551,53.67,53.67,11.00,11.00,22.6000,40.00,1.0,0.0
398,-121.0509,93.21,93.21,2.00,2.00,45.2000,80.00,1.0,0.0
399,-2.3528,26.19,26.19,9.80,9.80,33.9000,60.00,1.0,0.0
400,-2.0467,20.27,29.17,10.00,14.00,45.2000,80.00,1.0,0.0
401,-1.3753,45.02,45.02,8.00,8.00,33.9000,60.00,1.0,0.0
402,-63.1112,86.89,86.89,5.00,5.00,45.2000,80.00,1.0,0.0
403,-3.8500,50.00,50.00,50.00,50.00,45.2000,80.00,1.0,0.0
404,-2.5810,29.34,29.34,8.90,8.90,33.9000,60.00,1.0,0.0
405,-1.3642,44.28,44.28,8.00,8.00,45.2000,80.00,1.0,0.0
406,-1.9950,21.60,21.60,14.00,14.00,38.5000,70.00,1.0,0.0
407,-4.6000,50.00,50.00,56.00,53.00,38.5000,70.00,1.0,0.0
408,-3.0314,28.76,28.76,22.00,22.00,33.9000,60.00,1.0,0.0
409,-1.0617,41.78,41.78,2.70,2.70,45.2000,80.00,1.0,0.0
410,-1.8864,19.09,19.09,14.00,14.00,33.9000,60.00,1.0,0.0
411,-2.0363,23.38,29.09,14.00,14.00,33.9000,60.00,1.0,0.0
412,-1.8055,23.70,23.70,5.00,5.00,22.6000,40.00,1.0,0.0
413,-4.6086,53.91,53.91,18.00,18.00,27.2000,50.00,1.0,0.0
414,-144.5398,19.99,19.99,10.10,10.10,22.6000,40.00,1.0,0.0
415,-1.7851,12.34,12.34,14.00,14.00,22.6000,40.00,1.0,0.0
416,-2.0173,21.15,26.40,10.00,14.00,22.6000,40.00,1.0,0.0
417,-4.2273,45.95,45.95,14.00,14.00,22.6000,40.00,1.0,0.0
418,-0.8440,17.93,17.93,5.50,5.50,22.6000,40.00,1.0,0.0
419,-4.6300,27.83,27.83,15.20,15.20,22.6000,40.00,1.0,0.0
420,-3.5488,23.90,29.92,10.00,14.00,45.2000,80.00,1.0,0.0
421,-3.8878,54.87,45.47,10.00,14.00,33.9000,60.00,1.0,0.0
422,-114.1526,91.51,91.51,5.00,5.00,33.9000,60.00,1.0,0.0
423,-4.6000,50.00,50.00,53.00,53.00,22.6000,40.00,1.0,0.0
424,-2.0476,14.25,14.25,9.30,9.30,22.6000,40.00,1.0,0.0
425,-1.3476,43.17,43.17,8.00,8.00,45.2000,80.00,1.0,0.0
426,-1.9734,24.90,24.90,14.00,14.00,33.9000,60.00,1.0,0.0
427,-7.9500,28.71,28.71,9.50,9.50,33.9000,60.00,1.0,0.0
428,-1.0802,25.35,21.89,2.00,2.00,22.6000,40.00,1.0,0.0
429,-1.0877,40.18,40.18,3.70,3.70,22.6000,40.00,1.0,0.0
430,-278.5954,22.02,22.02,8.00,8.00,38.5000,70.00,1.0,0.0
431,-4.7500,19.08,19.08,8.00,8.00,38.5000,70.00,1.0,0.0
432,-0.9975,19.83,15.71,2.00,2.00,22.6000,40.00,1.0,0.0
433,-3.2164,53.83,51.27,19.00,16.50,27.2000,50.00,1.0,0.0
434,-1.1341,23.27,23.27,9.70,9.70,38.5000,70.00,1.0,0.0
435,-1.0233,21.55,21.55,8.00,8.00,22.6000,40.00,1.0,0.0
436,-2.0353,22.35,28.71,10.00,14.00,33.9000,60.00,1.0,0.0
437,-3.3710,51.40,51.40,22.00,22.00,33.9000,60.00,1.0,0.0
438,-84.9660,90.18,90.18,2.00,2.00,33.9000,60.00,1.0,0.0
439,-1.5313,21.75,21.75,12.10,12.10,45.2000,80.00,1.0,0.0
440,-0.9364,15.76,15.76,8.00,8.00,45.2000,80.00,1.0,0.0
441,-2.3714,47.95,53.19,10.00,14.00,33.9000,60.00,1.0,0.0
442,-252.6386,94.39,94.39,2.00,2.00,22.6000,40.00,1.0,0.0
443,-4.6000,50.00,50.00,53.00,53.00,33.9000,60.00,1.0,0.0
444,-1.0541,18.27,18.27,9.60,9.60,45.2000,80.00,1.0,0.0
445,-2.4622,54.94,54.94,8.00,8.00,45.2000,80.00,1.0,0.0
446,-277.2189,25.31,25.31,8.00,8.00,22.6000,40.00,1.0,0.0
447,-4.6000,50.00,50.00,53.00,53.00,27.2000,50.00,1.0,0.0
448,-2.6049,20.32,28.53,16.00,13.50,22.6000,40.00,1.0,0.0
449,-1.6081,43.88,43.88,7.00,7.00,33.9000,60.00,1.0,0.0
450,-2.8580,24.28,24.28,8.00,8.00,38.5000,70.00,1.0,0.0
451,-1.1403,29.35,29.35,8.00,8.00,27.2000,50.00,1.0,0.0
452,-1.3612,29.08,29.08,6.50,6.50,27.2000,50.00,1.0,0.0
453,-1.4431,49.54,54.93,2.00,2.00,27.2000,50.00,1.0,0.0
454,-3.3447,28.64,28.64,6.20,6.20,27.2000,50.00,1.0,0.0
455,-0.9775,18.50,18.50,8.00,8.00,22.6000,40.00,1.0,0.0
456,-2.0966,26.44,28.23,10.00,14.00,45.2000,80.00,1.0,0.0
457,-2.1292,48.62,50.29,10.00,11.00,45.2000,80.00,1.0,0.0
458,-1.9614,28.45,27.55,10.00,11.00,45.2000,80.00,1.0,0.0
459,-2.1589,19.51,19.51,14.40,14.40,33.9000,60.00,1.0,0.0
460,-1.8346,15.64,15.64,14.00,14.00,33.9000,60.00,1.0,0.0
461,-2.4004,46.70,46.76,10.00,14.00,45.2000,80.00,1.0,0.0
462,-239.2772,97.21,97.21,5.00,5.00,22.6000,40.00,1.0,0.0
463,-3.2201,23.68,50.00,16.00,78.00,45.2000,80.00,1.0,0.0
464,-2.5231,16.91,16.91,8.80,8.80,22.6000,40.00,1.0,0.0
465,-2.4436,49.57,48.23,10.00,14.00,33.9000,60.00,1.0,0.0
466,-156.6703,10.70,10.70,8.00,8.00,33.9000,60.00,1.0,0.0
467,-2.8367,29.11,50.00,18.00,81.50,22.6000,40.00,1.0,0.0
468,-0.9633,18.86,18.86,2.00,2.00,45.2000,80.00,1.0,0.0
469,-2.3241,43.61,43.61,15.40,15.40,33.9000,60.00,1.0,0.0
470,-1.9984,26.56,26.56,14.00,14.00,33.9000,60.00,1.0,0.0
471,-1.0593,23.95,23.95,8.00,8.00,27.2000,50.00,1.0,0.0
472,-2.3587,11.72,11.72,6.00,6.00,22.6000,40.00,1.0,0.0
473,-2.2144,50.96,51.04,5.00,5.00,27.2000,50.00,1.0,0.0
474,-1.2640,21.93,22.91,6.70,15.40,27.2000,50.00,1.0,0.0
475,-1.0752,25.01,25.01,8.00,8.00,45.2000,80.00,1.0,0.0
476,-1.8414,16.10,16.10,14.00,14.00,45.2000,80.00,1.0,0.0
477,-1.4829,48.86,48.86,3.00,3.00,33.9000,60.00,1.0,0.0
478,-112.4320,24.96,24.96,23.00,23.00,22.6000,40.00,1.0,0.0
479,-3.8500,23.17,50.00,16.30,50.00,22.6000,40.00,1.0,0.0
480,-2.8239,11.45,11.45,8.00,8.00,33.9000,60.00,1.0,0.0
481,-1.4558,50.39,50.39,8.00,8.00,45.2000,80.00,1.0,0.0
482,-90.6204,90.79,90.79,2.00,2.00,22.6000,40.00,1.0,0.0
483,-3.8500,50.00,50.00,50.00,50.00,33.9000,60.00,1.0,0.0
484,-0.7641,18.61,18.61,3.70,3.70,45.2000,80.00,1.0,0.0
485,-2.4423,51.01,51.01,8.00,8.00,22.6000,40.00,1.0,0.0
486,-0.9350,15.67,15.67,8.00,8.00,45.2000,80.00,1.0,0.0
487,-4.6000,50.00,50.00,53.00,53.00,38.5000,70.00,1.0,0.0
488,-3.5091,26.64,26.64,15.00,15.00,45.2000,80.00,1.0,0.0
489,-2.4922,44.46,54.28,10.20,11.60,22.6000,40.00,1.0,0.0
490,-2.0395,29.30,29.30,14.00,14.00,38.5000,70.00,1.0,0.0
491,-1.0173,21.15,21.15,8.00,8.00,27.2000,50.00,1.0,0.0
492,-0.9025,13.50,27.71,2.00,2.00,38.5000,70.00,1.0,0.0
493,-1.7105,52.37,47.77,6.50,5.00,22.6000,40.00,1.0,0.0
494,-0.8402,10.68,10.68,7.60,7.60,27.2000,50.00,1.0,0.0
495,-2.9452,18.48,18.48,8.00,8.00,27.2000,50.00,1.0,0.0
496,-1.0621,24.14,24.14,8.00,8.00,22.6000,40.00,1.0,0.0
497,-3.1291,52.23,53.60,20.50,16.50,45.2000,80.00,1.0,0.0
498,-262.6621,26.78,26.78,9.50,9.50,33.9000,60.00,1.0,0.0
499,-1.5745,24.63,24.63,12.10,12.10,45.2000,80.00,1.0,0.0
500,-0.9209,14.73,14.73,8.00,8.00,45.2000,80.00,1.0,0.0
501,-1.3621,44.14,44.14,8.00,8.00,33.9000,60.00,1.0,0.0
502,-92.0530,29.59,29.59,12.00,12.00,33.9000,60.00,1.0,0.0
503,-2.6724,29.83,29.83,20.50,20.50,33.9000,60.00,1.0,0.0
504,-2.1034,26.83,26.83,14.70,14.70,22.6000,40.00,1.0,0.0
505,-2.4854,52.36,52.36,10.00,14.00,22.6000,40.00,1.0,0.0
506,-98.5925,21.15,21.15,14.00,14.00,45.2000,80.00,1.0,0.0
507,-3.8500,50.00,50.00,50.00,50.00,38.5000,70.00,1.0,0.0
508,-3.0456,29.71,29.71,22.00,22.00,22.6000,40.00,1.0,0.0
509,-2.3364,49.42,49.42,13.90,13.90,27.2000,50.00,1.0,0.0
510,-0.9392,15.95,15.95,8.00,8.00,33.9000,60.00,1.0,0.0
511,-1.0260,21.74,21.74,8.00,8.00,22.6000,40.00,1.0,0.0
512,-1.3162,22.74,22.74,7.50,7.50,38.5000,70.00,1.0,0.0
513,-1.3876,44.18,44.18,8.50,8.50,38.5000,70.00,1.0,0.0
514,-210.1228,24.45,24.45,11.40,11.40,38.5000,70.00,1.0,0.0
515,-1.0645,24.30,24.30,8.00,8.00,38.5000,70.00,1.0,0.0
516,-2.1180,27.87,26.14,10.00,14.00,22.6000,40.00,1.0,0.0
517,-3.0427,54.51,54.51,15.00,15.00,45.2000,80.00,1.0,0.0
518,-62.0856,86.69,90.10,5.00,5.00,33.9000,60.00,1.0,0.0
519,-1.4672,21.63,24.48,4.70,7.70,33.9000,60.00,1.0,0.0
520,-1.9277,27.60,21.85,10.00,14.00,33.9000,60.00,1.0,0.0
521,-1.4702,51.34,51.34,8.00,8.00,22.6000,40.00,1.0,0.0
522,-0.8529,16.52,25.19,8.00,3.50,45.2000,80.00,1.0,0.0
523,-3.8500,50.00,50.00,50.00,50.00,33.9000,60.00,1.0,0.0
524,-2.3453,21.69,26.19,16.40,28.70,33.9000,60.00,1.0,0.0
525,-2.3926,53.58,53.58,10.00,14.00,22.6000,40.00,1.0,0.0
526,-2.9312,28.01,28.01,8.00,8.00,45.2000,80.00,1.0,0.0
527,-6.7250,26.76,50.00,16.00,78.50,22.6000,40.00,1.0,0.0
528,-0.9365,16.40,16.40,2.00,2.00,45.2000,80.00,1.0,0.0
529,-3.9792,38.28,54.67,19.10,18.20,38.5000,70.00,1.0,0.0
530,-2.0380,28.80,28.80,14.00,14.00,27.2000,50.00,1.0,0.0
531,-1.1231,28.20,28.20,8.00,8.00,27.2000,50.00,1.0,0.0
532,-2.5174,15.31,15.31,13.50,13.50,22.6000,40.00,1.0,0.0
533,-1.3782,45.21,53.19,2.00,2.00,22.6000,40.00,1.0,0.0
534,-191.4283,18.01,18.01,6.10,6.10,33.9000,60.00,1.0,0.0
535,-1.9455,23.03,28.81,14.00,14.00,38.5000,70.00,1.0,0.0
536,-1.9139,20.93,20.93,14.00,14.00,45.2000,80.00,1.0,0.0
537,-1.1279,38.53,38.53,5.00,5.00,33.9000,60.00,1.0,0.0
538,-3.4641,21.98,21.98,7.50,7.50,45.2000,80.00,1.0,0.0
539,-1.4475,25.17,25.17,9.40,9.40,22.6000,40.00,1.0,0.0
540,-3.5030,23.13,26.87,14.00,14.00,45.2000,80.00,1.0,0.0
541,-3.2613,50.32,50.32,8.00,8.00,33.9000,60.00,1.0,0.0
542,-1.9704,26.36,26.36,13.50,13.50,33.9000,60.00,1.0,0.0
543,-3.8500,50.00,50.00,50.00,50.00,22.6000,40.00,1.0,0.0
544,-1.2798,11.65,26.95,10.10,8.00,22.6000,40.00,1.0,0.0
545,-2.4134,54.23,54.23,10.00,14.00,45.2000,80.00,1.0,0.0
546,-1.8992,19.95,19.95,14.00,14.00,33.9000,60.00,1.0,0.0
547,-6.3250,28.43,50.00,18.00,81.50,33.9000,60.00,1.0,0.0
548,-1.0336,22.45,22.24,2.00,2.00,33.9000,60.00,1.0,0.0
549,-1.9346,52.64,52.64,10.90,10.90,22.6000,40.00,1.0,0.0
550,-2.0191,27.94,27.94,14.00,14.00,45.2000,80.00,1.0,0.0
551,-4.7500,25.81,25.81,14.00,14.00,22.6000,40.00,1.0,0.0
552,-3.3509,28.04,28.04,16.50,16.50,22.6000,40.00,1.0,0.0
553,-4.3454,42.06,42.06,15.00,15.00,22.6000,40.00,1.0,0.0
554,-2.6028,27.60,27.60,6.10,6.10,38.5000,70.00,1.0,0.0
555,-1.9710,24.74,24.74,14.00,14.00,38.5000,70.00,1.0,0.0
556,-2.0926,26.18,20.19,10.00,14.00,45.2000,80.00,1.0,0.0
557,-2.2582,53.88,49.90,5.00,5.00,45.2000,80.00,1.0,0.0
558,-0.8236,14.91,14.91,6.00,6.00,22.6000,40.00,1.0,0.0
559,-1.5226,24.84,22.47,11.00,13.90,22.6000,40.00,1.0,0.0
560,-2.1327,28.84,22.90,10.00,14.00,33.9000,60.00,1.0,0.0
561,-3.2732,53.84,53.84,8.00,8.00,22.6000,40.00,1.0,0.0
562,-168.8049,96.43,96.43,2.00,2.00,22.6000,40.00,1.0,0.0
563,-7.3750,24.79,24.79,4.00,4.00,33.9000,60.00,1.0,0.0
564,-3.0598,28.99,27.89,25.50,24.70,22.6000,40.00,1.0,0.0
565,-3.9074,49.91,49.88,10.00,14.00,33.9000,60.00,1.0,0.0
566,-1.9991,26.61,26.61,14.00,14.00,45.2000,80.00,1.0,0.0
567,-4.6000,50.00,50.00,53.00,53.00,33.9000,60.00,1.0,0.0
568,-1.8362,25.75,25.75,5.00,5.00,22.6000,40.00,1.0,0.0
569,-2.6721,44.60,48.14,17.30,21.00,22.6000,40.00,1.0,0.0
570,-1.9808,25.39,25.39,14.00,14.00,27.2000,50.00,1.0,0.0
571,-0.9686,17.90,17.90,8.00,8.00,27.2000,50.00,1.0,0.0
572,-1.1137,19.25,19.25,4.50,4.50,22.6000,40.00,1.0,0.0
573,-1.3444,42.96,42.96,2.00,2.00,22.6000,40.00,1.0,0.0
574,-1.8530,20.80,20.80,7.40,7.40,22.6000,40.00,1.0,0.0
575,-4.7500,13.98,13.98,8.00,8.00,38.5000,70.00,1.0,0.0
576,-2.0061,27.07,27.07,10.00,14.00,22.6000,40.00,1.0,0.0
577,-1.3991,46.60,46.60,2.00,2.00,22.6000,40.00,1.0,0.0
578,-131.0233,88.59,88.59,5.00,5.00,22.6000,40.00,1.0,0.0
579,-2.1893,20.29,50.00,19.70,50.00,33.9000,60.00,1.0,0.0
580,-1.0893,25.96,25.96,8.00,8.00,22.6000,40.00,1.0,0.0
581,-2.3645,44.30,44.30,10.00,14.00,45.2000,80.00,1.0,0.0
582,-124.2265,22.16,22.16,4.50,4.50,45.2000,80.00,1.0,0.0
583,-4.6000,50.00,50.00,53.00,53.00,45.2000,80.00,1.0,0.0
584,-1.5820,29.80,16.97,10.70,8.90,33.9000,60.00,1.0,0.0
585,-1.2909,39.39,39.39,8.00,8.00,33.9000,60.00,1.0,0.0
586,-1.0924,26.16,26.16,8.00,8.00,45.2000,80.00,1.0,0.0
587,-3.8500,50.00,50.00,50.00,50.00,22.6000,40.00,1.0,0.0
588,-3.5460,26.40,17.39,27.00,22.00,27.2000,50.00,1.0,0.0
589,-1.6264,42.76,44.37,7.70,6.70,33.9000,60.00,1.0,0.0
590,-1.9171,22.56,22.56,14.00,14.00,22.6000,40.00,1.0,0.0
591,-1.8504,22.59,22.59,14.00,14.00,22.6000,40.00,1.0,0.0
592,-1.8931,29.54,29.64,5.00,5.00,27.2000,50.00,1.0,0.0
593,-3.8185,47.90,47.90,7.50,7.50,27.2000,50.00,1.0,0.0
594,-101.5632,24.02,94.58,16.90,17.20,22.6000,40.00,1.0,0.0
595,-0.8746,11.64,11.64,8.00,8.00,27.2000,50.00,1.0,0.0
596,-2.8897,15.48,15.48,8.00,8.00,45.2000,80.00,1.0,0.0
597,-2.2355,54.82,52.54,5.00,5.00,33.9000,60.00,1.0,0.0
598,-0.7931,12.87,12.87,6.00,6.00,22.6000,40.00,1.0,0.0
599,-1.2244,19.53,19.53,3.50,3.50,45.2000,80.00,1.0,0.0
600,-1.0137,20.91,20.91,8.00,8.00,22.6000,40.00,1.0,0.0
601,-1.2575,37.17,37.17,8.00,8.00,45.2000,80.00,1.0,0.0
602,-266.4236,22.80,22.80,2.50,2.50,33.9000,60.00,1.0,0.0
603,-4.6000,50.00,50.00,53.00,53.00,45.2000,80.00,1.0,0.0
604,-2.3358,27.97,27.97,8.70,8.70,45.2000,80.00,1.0,0.0
605,-3.3210,43.41,43.41,8.00,8.00,33.9000,60.00,1.0,0.0
606,-0.8734,11.56,11.56,8.00,8.00,27.2000,50.00,1.0,0.0
607,-3.8500,50.00,50.00,50.00,50.00,22.6000,40.00,1.0,0.0
608,-1.1061,23.74,29.94,3.00,3.00,27.2000,50.00,1.0,0.0
609,-1.9946,50.30,49.44,12.80,9.50,45.2000,80.00,1.0,0.0
610,-1.9711,24.74,24.74,14.00,14.00,45.2000,80.00,1.0,0.0
611,-2.0089,27.26,25.57,14.00,14.00,22.6000,40.00,1.0,0.0
612,-0.9109,14.06,25.26,2.00,2.00,22.6000,40.00,1.0,0.0
613,-2.1857,44.72,39.45,5.00,5.00,27.2000,50.00,1.0,0.0
614,-1.2487,13.22,13.22,8.80,8.80,22.6000,40.00,1.0,0.0
615,-6.1500,26.69,24.64,14.00,14.00,27.2000,50.00,1.0,0.0
616,-2.0595,28.81,28.81,8.00,8.00,22.6000,40.00,1.0,0.0
617,-1.8378,49.53,49.53,3.00,3.00,33.9000,60.00,1.0,0.0
618,-2.0797,28.65,28.65,15.00,15.00,33.9000,60.00,1.0,0.0
619,-2.3250,25.67,29.29,20.80,9.90,22.6000,40.00,1.0,0.0
620,-0.9844,18.96,18.96,8.00,8.00,33.9000,60.00,1.0,0.0
621,-2.4706,51.37,51.37,10.00,14.00,45.2000,80.00,1.0,0.0
622,-68.5728,87.70,87.70,16.50,16.50,33.9000,60.00,1.0,0.0
623,-4.6000,50.00,50.00,53.00,53.00,22.6000,40.00,1.0,0.0
624,-2.0647,27.98,23.86,14.90,24.90,33.9000,60.00,1.0,0.0
625,-2.5069,54.12,54.12,8.00,8.00,45.2000,80.00,1.0,0.0
626,-1.0708,24.72,24.72,8.00,8.00,22.6000,40.00,1.0,0.0
627,-3.8500,50.00,50.00,50.00,50.00,33.9000,60.00,1.0,0.0
628,-1.7676,24.51,24.51,10.00,10.00,45.2000,80.00,1.0,0.0
629,-1.7214,44.82,44.82,9.50,9.50,22.6000,40.00,1.0,0.0
630,-1.0116,20.77,20.77,8.00,8.00,33.9000,60.00,1.0,0.0
631,-2.0269,28.46,28.46,14.00,14.00,27.2000,50.00,1.0,0.0
632,-1.0179,24.05,24.05,2.00,2.00,38.5000,70.00,1.0,0.0
633,-3.7460,54.95,54.95,20.50,20.50,22.6000,40.00,1.0,0.0
634,-1.5790,15.66,15.66,5.80,5.80,22.6000,40.00,1.0,0.0
635,-0.8688,11.26,11.26,8.00,8.00,27.2000,50.00,1.0,0.0
636,-0.9851,19.01,19.01,8.00,8.00,45.2000,80.00,1.0,0.0
637,-2.0528,40.19,51.28,5.00,5.00,22.6000,40.00,1.0,0.0
638,-1.3680,18.01,18.01,3.00,3.00,45.2000,80.00,1.0,0.0
639,-0.8400,27.67,27.67,2.50,2.50,22.6000,40.00,1.0,0.0
640,-3.5240,25.73,28.27,10.00,14.00,22.6000,40.00,1.0,0.0
641,-2.5150,54.34,45.50,10.00,14.00,22.6000,40.00,1.0,0.0
642,-3.1096,25.64,25.64,24.50,24.50,45.2000,80.00,1.0,0.0
643,-4.6000,50.00,50.00,53.00,53.00,22.6000,40.00,1.0,0.0
644,-1.2754,18.36,18.36,8.00,8.00,22.6000,40.00,1.0,0.0
645,-3.2679,35.99,35.99,8.00,8.00,45.2000,80.00,1.0,0.0
646,-1.9733,24.89,24.89,14.00,14.00,45.2000,80.00,1.0,0.0
647,-3.8500,50.00,50.00,50.00,50.00,22.6000,40.00,1.0,0.0
648,-0.7521,10.14,10.14,6.00,6.00,22.6000,40.00,1.0,0.0
649,-1.9025,50.50,50.50,10.90,10.90,22.6000,40.00,1.0,0.0
650,-236.1773,22.12,22.12,14.00,14.00,22.6000,40.00,1.0,0.0
651,-0.8941,12.94,12.94,8.00,8.00,27.2000,50.00,1.0,0.0
652,-0.9967,19.78,19.78,2.00,2.00,38.5000,70.00,1.0,0.0
653,-2.8653,41.72,41.72,6.50,6.50,33.9000,60.00,1.0,0.0
654,-1.1198,22.65,22.65,9.60,9.60,38.5000,70.00,1.0,0.0
655,-1.9052,20.34,28.99,14.00,14.00,27.2000,50.00,1.0,0.0
656,-2.0993,18.80,18.80,8.00,8.00,45.2000,80.00,1.0,0.0
657,-2.7874,52.49,53.53,16.00,17.00,45.2000,80.00,1.0,0.0
658,-0.8189,16.66,21.26,9.50,4.00,45.2000,80.00,1.0,0.0
659,-1.7949,23.31,23.31,16.10,16.10,33.9000,60.00,1.0,0.0
660,-2.1237,28.24,28.24,10.00,14.00,33.9000,60.00,1.0,0.0
661,-3.7865,50.09,50.09,10.00,14.00,33.9000,60.00,1.0,0.0
662,-133.6337,93.93,93.93,2.00,2.00,22.6000,40.00,1.0,0.0
663,-4.6000,50.00,50.00,53.00,53.00,22.6000,40.00,1.0,0.0
664,-2.5234,25.72,25.72,13.60,13.60,45.2000,80.00,1.0,0.0
665,-3.3049,47.99,47.99,8.00,8.00,45.2000,80.00,1.0,0.0
666,-2.9356,21.32,21.32,8.00,8.00,38.5000,70.00,1.0,0.0
667,-0.7000,15.00,15.00,3.50,3.50,45.2000,80.00,1.0,0.0
668,-2.5065,23.24,23.24,5.00,5.00,33.9000,60.00,1.0,0.0
669,-3.1999,50.58,46.30,15.70,18.30,38.5000,70.00,1.0,0.0
670,-108.4454,21.87,21.87,14.00,14.00,22.6000,40.00,1.0,0.0
671,-4.7500,24.54,24.54,8.00,8.00,38.5000,70.00,1.0,0.0
672,-0.9687,26.25,26.25,5.50,5.50,22.6000,40.00,1.0,0.0
673,-1.7855,42.37,42.37,11.00,11.00,27.2000,50.00,1.0,0.0
674,-1.8960,27.59,27.59,2.80,2.80,27.2000,50.00,1.0,0.0
675,-1.9250,22.66,22.66,14.00,14.00,38.5000,70.00,1.0,0.0
676,-2.0292,21.94,22.43,10.00,14.00,22.6000,40.00,1.0,0.0
677,-1.3132,47.54,47.54,6.00,6.00,33.9000,60.00,1.0,0.0
678,-227.8541,89.98,89.98,2.00,2.00,22.6000,40.00,1.0,0.0
679,-4.3500,12.40,12.40,4.00,4.00,33.9000,60.00,1.0,0.0
680,-1.1348,22.97,28.99,10.00,8.00,33.9000,60.00,1.0,0.0
681,-2.5130,54.20,54.20,10.00,14.00,33.9000,60.00,1.0,0.0
682,-102.5001,23.50,23.50,7.50,7.50,45.2000,80.00,1.0,0.0
683,-1.1639,27.59,27.59,3.00,3.00,45.2000,80.00,1.0,0.0
684,-2.5067,22.64,29.12,20.80,25.00,33.9000,60.00,1.0,0.0
685,-2.1514,36.76,36.76,14.00,14.00,22.6000,40.00,1.0,0.0
686,-120.0733,26.02,26.02,14.00,14.00,33.9000,60.00,1.0,0.0
687,-3.8500,50.00,50.00,50.00,50.00,22.6000,40.00,1.0,0.0
688,-1.0423,22.82,21.67,2.00,2.00,22.6000,40.00,1.0,0.0
689,-1.6569,41.53,41.53,2.50,2.50,27.2000,50.00,1.0,0.0
690,-289.2001,23.63,23.63,8.00,8.00,22.6000,40.00,1.0,0.0
691,-1.9027,23.32,23.32,14.00,14.00,27.2000,50.00,1.0,0.0
692,-1.1284,25.64,21.70,2.00,2.00,27.2000,50.00,1.0,0.0
693,-3.2415,48.09,48.09,16.50,16.50,22.6000,40.00,1.0,0.0
694,-2.0775,22.83,29.43,16.70,13.60,38.5000,70.00,1.0,0.0
695,-1.0695,24.63,24.63,8.00,8.00,38.5000,70.00,1.0,0.0
696,-2.9493,14.08,14.08,8.00,8.00,22.6000,40.00,1.0,0.0
697,-2.2528,53.52,53.96,5.00,5.00,22.6000,40.00,1.0,0.0
698,-3.4343,27.29,97.75,24.50,13.50,22.6000,40.00,1.0,0.0
699,-2.1727,22.57,22.57,2.40,2.40,22.6000,40.00,1.0,0.0
700,-2.9006,26.02,26.02,8.00,8.00,22.6000,40.00,1.0,0.0
701,-2.4591,36.85,36.85,8.00,8.00,22.6000,40.00,1.0,0.0
702,-147.2300,94.59,94.59,2.00,2.00,33.9000,60.00,1.0,0.0
703,-6.8500,26.85,26.85,30.00,24.50,33.9000,60.00,1.0,0.0
704,-2.6156,16.02,16.02,12.00,12.00,33.9000,60.00,1.0,0.0
705,-3.2986,44.20,44.20,8.00,8.00,33.9000,60.00,1.0,0.0
706,-0.8596,10.64,10.64,8.00,8.00,22.6000,40.00,1.0,0.0
707,-4.6000,50.00,50.00,53.00,53.00,22.6000,40.00,1.0,0.0
708,-2.6463,28.08,28.08,20.50,20.50,45.2000,80.00,1.0,0.0
709,-2.3645,53.30,53.30,13.30,13.30,45.2000,80.00,1.0,0.0
710,-1.8985,27.82,27.82,14.00,14.00,22.6000,40.00,1.0,0.0
711,-4.7500,28.65,28.65,14.00,14.00,27.2000,50.00,1.0,0.0
712,-1.8264,25.10,25.10,5.00,5.00,38.5000,70.00,1.0,0.0
713,-1.3211,41.41,48.10,2.00,2.00,22.6000,40.00,1.0,0.0
714,-1.5471,21.14,21.14,12.60,12.60,38.5000,70.00,1.0,0.0
715,-1.8637,17.58,17.58,14.00,14.00,27.2000,50.00,1.0,0.0
716,-2.8145,16.30,16.30,8.00,8.00,45.2000,80.00,1.0,0.0
717,-2.6986,43.24,49.65,17.00,13.50,33.9000,60.00,1.0,0.0
718,-181.4377,95.85,95.85,2.00,2.00,45.2000,80.00,1.0,0.0
719,-0.8613,26.41,20.09,11.60,5.20,22.6000,40.00,1.0,0.0
720,-2.8956,15.43,15.43,8.00,8.00,22.6000,40.00,1.0,0.0
721,-1.5156,54.37,54.37,8.00,8.00,22.6000,40.00,1.0,0.0
722,-75.9059,29.50,29.50,20.50,20.50,45.2000,80.00,1.0,0.0
723,-2.2081,22.21,28.28,13.50,9.00,45.2000,80.00,1.0,0.0
724,-2.0431,19.97,19.97,5.00,5.00,22.6000,40.00,1.0,0.0
725,-2.3712,44.75,46.40,10.00,14.00,22.6000,40.00,1.0,0.0
726,-0.8592,10.61,10.61,8.00,8.00,33.9000,60.00,1.0,0.0
727,-6.9500,50.00,50.00,100.00,50.00,22.6000,40.00,1.0,0.0
728,-3.4354,21.75,21.75,20.50,20.50,22.6000,40.00,1.0,0.0
729,-2.2139,52.59,46.07,10.50,15.60,33.9000,60.00,1.0,0.0
730,-138.8866,24.78,24.78,8.00,8.00,22.6000,40.00,1.0,0.0
731,-1.9462,23.08,27.67,14.00,14.00,27.2000,50.00,1.0,0.0
732,-2.9562,29.65,29.65,16.50,16.50,22.6000,40.00,1.0,0.0
733,-2.7623,49.16,49.16,13.50,13.50,38.5000,70.00,1.0,0.0
734,-1.5183,14.89,14.89,13.90,13.90,22.6000,40.00,1.0,0.0
735,-1.0025,20.17,20.17,8.00,8.00,27.2000,50.00,1.0,0.0
736,-1.8840,27.94,18.93,10.00,14.00,22.6000,40.00,1.0,0.0
737,-2.5013,46.75,52.46,12.00,13.50,33.9000,60.00,1.0,0.0
738,-180.1313,87.57,87.57,5.00,5.00,33.9000,60.00,1.0,0.0
739,-2.8720,27.00,27.00,8.40,8.40,33.9000,60.00,1.0,0.0
740,-3.5495,26.67,26.67,14.00,14.00,45.2000,80.00,1.0,0.0
741,-3.2297,38.97,38.97,8.00,8.00,45.2000,80.00,1.0,0.0
742,-104.8686,93.82,93.82,5.00,5.00,45.2000,80.00,1.0,0.0
743,-4.6000,50.00,50.00,53.00,53.00,22.6000,40.00,1.0,0.0
744,-0.8577,21.18,21.18,4.80,4.80,45.2000,80.00,1.0,0.0
745,-2.3766,51.77,51.77,14.00,14.00,45.2000,80.00,1.0,0.0
746,-146.6854,18.54,18.54,14.00,14.00,33.9000,60.00,1.0,0.0
747,-5.8000,28.21,50.00,21.00,100.00,33.9000,60.00,1.0,0.0
748,-3.3169,20.85,27.88,20.50,20.50,33.9000,60.00,1.0,0.0
749,-1.7992,50.02,50.02,4.80,4.80,45.2000,80.00,1.0,0.0
750,-188.3499,25.72,25.72,14.00,14.00,45.2000,80.00,1.0,0.0
751,-1.0846,25.64,25.64,8.00,8.00,38.5000,70.00,1.0,0.0
752,-1.0926,26.17,24.70,2.00,2.00,22.6000,40.00,1.0,0.0
753,-2.0298,47.24,47.24,2.00,2.00,27.2000,50.00,1.0,0.0
754,-0.7708,23.72,23.72,2.30,2.30,38.5000,70.00,1.0,0.0
755,-2.0427,29.52,17.52,14.00,14.00,33.9000,60.00,1.0,0.0
756,-2.1418,29.45,18.54,10.00,14.00,33.9000,60.00,1.0,0.0
757,-1.3640,44.27,50.17,2.00,2.00,45.2000,80.00,1.0,0.0
758,-1.0647,20.98,20.98,3.00,3.00,33.9000,60.00,1.0,0.0
759,-2.8305,25.80,25.80,16.20,16.20,22.6000,40.00,1.0,0.0
760,-2.1008,26.72,29.52,10.00,14.00,45.2000,80.00,1.0,0.0
761,-3.8598,44.53,44.53,10.00,14.00,45.2000,80.00,1.0,0.0
762,-219.7225,25.92,97.28,21.00,17.00,33.9000,60.00,1.0,0.0
763,-3.8500,50.00,50.00,50.00,50.00,33.9000,60.00,1.0,0.0
764,-2.1401,24.34,24.34,17.50,17.50,45.2000,80.00,1.0,0.0
765,-1.4319,48.79,48.79,8.00,8.00,22.6000,40.00,1.0,0.0
766,-151.5647,25.13,25.13,14.00,14.00,33.9000,60.00,1.0,0.0
767,-3.8500,50.00,50.00,50.00,50.00,38.5000,70.00,1.0,0.0
768,-1.8418,26.30,27.24,5.00,5.00,38.5000,70.00,1.0,0.0
769,-2.9168,47.34,47.34,13.20,13.20,45.2000,80.00,1.0,0.0
770,-1.8696,17.98,17.98,14.00,14.00,22.6000,40.00,1.0,0.0
771,-2.8689,16.89,16.89,8.00,8.00,22.6000,40.00,1.0,0.0
772,-1.8500,26.67,22.10,5.00,5.00,27.2000,50.00,1.0,0.0
773,-2.6107,54.05,54.05,18.00,18.00,38.5000,70.00,1.0,0.0
774,-2.0494,23.29,23.29,16.00,4.70,27.2000,50.00,1.0,0.0
775,-4.7500,16.74,16.74,8.00,8.00,27.2000,50.00,1.0,0.0
776,-3.4978,25.06,25.06,10.00,14.00,45.2000,80.00,1.0,0.0
777,-3.1211,51.41,49.12,9.00,4.50,22.6000,40.00,1.0,0.0
778,-138.2059,94.13,94.13,5.00,5.00,45.2000,80.00,1.0,0.0
779,-2.0304,24.41,24.41,7.60,7.60,45.2000,80.00,1.0,0.0
780,-1.9144,18.50,20.96,10.00,14.00,33.9000,60.00,1.0,0.0
781,-2.4902,52.68,50.10,10.00,14.00,22.6000,40.00,1.0,0.0
782,-167.0154,97.88,97.88,2.00,2.00,22.6000,40.00,1.0,0.0
783,-6.7250,20.80,50.00,16.00,78.50,22.6000,40.00,1.0,0.0
784,-0.9698,18.65,18.65,7.80,7.80,45.2000,80.00,1.0,0.0
785,-1.3017,40.12,40.12,8.00,8.00,33.9000,60.00,1.0,0.0
786,-1.0068,20.45,20.45,8.00,8.00,33.9000,60.00,1.0,0.0
787,-2.4343,27.29,50.00,17.00,75.00,38.5000,70.00,1.0,0.0
788,-1.7760,16.75,16.75,6.50,6.50,22.6000,40.00,1.0,0.0
789,-2.9831,53.72,50.25,19.10,23.70,22.6000,40.00,1.0,0.0
790,-1.0157,21.05,21.05,8.00,8.00,45.2000,80.00,1.0,0.0
791,-2.8272,10.50,10.50,8.00,8.00,22.6000,40.00,1.0,0.0
792,-3.3484,25.78,25.78,14.00,14.00,27.2000,50.00,1.0,0.0
793,-2.2454,54.56,54.56,5.00,5.00,38.5000,70.00,1.0,0.0
794,-261.3879,27.78,27.78,10.60,10.60,38.5000,70.00,1.0,0.0
795,-1.9801,25.34,25.23,14.00,14.00,38.5000,70.00,1.0,0.0
796,-2.1345,28.97,29.87,10.00,14.00,22.6000,40.00,1.0,0.0
797,-2.5155,51.73,51.73,2.00,2.00,45.2000,80.00,1.0,0.0
798,-233.0333,97.09,97.09,5.00,5.00,22.6000,40.00,1.0,0.0
799,-0.8029,21.19,21.19,3.70,3.70,33.9000,60.00,1.0,0.0
800,-0.8904,12.69,12.69,8.00,8.00,33.9000,60.00,1.0,0.0
801,-1.5159,54.40,54.40,8.00,8.00,33.9000,60.00,1.0,0.0
802,-0.8210,24.73,24.73,3.00,3.00,33.9000,60.00,1.0,0.0
803,-1.5200,29.67,13.71,9.50,4.00,22.6000,40.00,1.0,0.0
804,-1.5379,26.90,24.16,8.50,16.70,45.2000,80.00,1.0,0.0
805,-2.4301,48.67,46.54,10.00,14.00,33.9000,60.00,1.0,0.0
806,-1.0647,24.31,24.31,8.00,8.00,27.2000,50.00,1.0,0.0
807,-6.9500,50.00,50.00,100.00,50.00,22.6000,40.00,1.0,0.0
808,-1.8348,25.65,24.16,5.00,5.00,33.9000,60.00,1.0,0.0
809,-1.1337,41.58,41.58,4.20,4.20,22.6000,40.00,1.0,0.0
810,-94.7721,25.37,25.37,14.00,14.00,22.6000,40.00,1.0,0.0
811,-0.9723,18.15,18.15,8.00,8.00,38.5000,70.00,1.0,0.0
812,-1.8707,24.72,24.72,12.00,12.00,27.2000,50.00,1.0,0.0
813,-2.1556,47.04,53.71,5.00,5.00,22.6000,40.00,1.0,0.0
814,-1.7781,26.88,26.88,15.50,15.50,27.2000,50.00,1.0,0.0
815,-4.7500,23.72,24.69,14.00,14.00,22.6000,40.00,1.0,0.0
816,-1.0869,25.80,25.80,8.00,8.00,33.9000,60.00,1.0,0.0
817,-1.0759,38.40,38.40,4.00,4.00,22.6000,40.00,1.0,0.0
818,-0.8176,14.51,14.51,6.00,6.00,33.9000,60.00,1.0,0.0
819,-2.1307,24.05,20.82,14.40,11.70,45.2000,80.00,1.0,0.0
820,-3.5192,29.38,27.95,10.00,14.00,45.2000,80.00,1.0,0.0
821,-1.3745,44.97,44.97,8.00,8.00,33.9000,60.00,1.0,0.0
822,-2.2004,26.69,96.62,12.00,13.50,22.6000,40.00,1.0,0.0
823,-4.6000,50.00,50.00,53.00,53.00,45.2000,80.00,1.0,0.0
824,-2.1394,24.88,24.88,11.70,11.70,33.9000,60.00,1.0,0.0
825,-1.3059,40.39,40.39,8.00,8.00,33.9000,60.00,1.0,0.0
826,-0.9580,17.20,17.20,8.00,8.00,33.9000,60.00,1.0,0.0
827,-3.8500,50.00,50.00,50.00,50.00,27.2000,50.00,1.0,0.0
828,-1.0938,26.25,22.60,2.00,2.00,38.5000,70.00,1.0,0.0
829,-1.7946,47.98,47.98,9.50,9.50,33.9000,60.00,1.0,0.0
830,-64.2630,25.04,25.04,8.00,8.00,22.6000,40.00,1.0,0.0
831,-2.0241,28.28,29.70,14.00,14.00,38.5000,70.00,1.0,0.0
832,-1.8720,28.13,25.78,5.00,5.00,27.2000,50.00,1.0,0.0
833,-2.9741,42.53,42.53,5.00,5.00,22.6000,40.00,1.0,0.0
834,-1.8395,28.97,17.27,10.10,15.70,38.5000,70.00,1.0,0.0
835,-2.0477,29.85,26.82,14.00,14.00,38.5000,70.00,1.0,0.0
836,-1.1056,27.04,27.04,8.00,8.00,22.6000,40.00,1.0,0.0
837,-1.4375,49.17,48.19,2.00,2.00,45.2000,80.00,1.0,0.0
838,-211.8973,19.12,19.12,5.50,5.50,22.6000,40.00,1.0,0.0
839,-6.1850,25.52,25.52,16.60,16.60,45.2000,80.00,1.0,0.0
840,-1.9393,21.46,25.16,10.00,14.00,22.6000,40.00,1.0,0.0
841,-1.4064,47.09,47.09,8.00,8.00,45.2000,80.00,1.0,0.0
842,-1.2614,22.42,22.42,6.50,6.50,22.6000,40.00,1.0,0.0
843,-2.2460,29.73,50.00,12.00,78.50,33.9000,60.00,1.0,0.0
844,-2.2932,18.28,18.28,9.70,9.70,33.9000,60.00,1.0,0.0
845,-2.3121,53.89,47.47,10.00,14.00,33.9000,60.00,1.0,0.0
846,-2.0272,28.48,28.48,14.00,14.00,27.2000,50.00,1.0,0.0
847,-3.8500,50.00,50.00,50.00,50.00,38.5000,70.00,1.0,0.0
848,-0.9421,22.81,22.81,6.00,6.00,33.9000,60.00,1.0,0.0
849,-3.1291,50.67,46.96,13.70,14.20,33.9000,60.00,1.0,0.0
850,-0.9241,14.94,14.94,8.00,8.00,33.9000,60.00,1.0,0.0
851,-6.1500,13.81,29.19,14.00,14.00,27.2000,50.00,1.0,0.0
852,-2.6408,29.39,25.06,5.00,5.00,38.5000,70.00,1.0,0.0
853,-2.1824,48.83,51.04,5.00,5.00,27.2000,50.00,1.0,0.0
854,-1.2844,24.96,24.96,6.20,6.20,27.2000,50.00,1.0,0.0
855,-1.0554,23.69,23.69,8.00,8.00,33.9000,60.00,1.0,0.0
856,-2.1014,26.76,27.45,10.00,14.00,33.9000,60.00,1.0,0.0
857,-3.2485,50.59,50.59,3.00,3.00,45.2000,80.00,1.0,0.0
858,-1.1957,13.69,13.69,3.00,3.00,33.9000,60.00,1.0,0.0
859,-2.3051,24.22,24.22,15.00,15.00,22.6000,40.00,1.0,0.0
860,-2.9484,11.28,11.28,8.00,8.00,22.6000,40.00,1.0,0.0
861,-1.4277,48.51,48.51,8.00,8.00,33.9000,60.00,1.0,0.0
862,-2.8107,22.38,97.40,19.50,13.50,22.6000,40.00,1.0,0.0
863,-3.8500,50.00,50.00,50.00,50.00,45.2000,80.00,1.0,0.0
864,-1.4257,13.38,13.38,12.50,12.50,33.9000,60.00,1.0,0.0
865,-1.2403,36.02,36.02,8.00,8.00,33.9000,60.00,1.0,0.0
866,-1.9979,26.53,26.53,14.00,14.00,22.6000,40.00,1.0,0.0
867,-3.8500,50.00,50.00,50.00,50.00,22.6000,40.00,1.0,0.0
868,-0.9228,28.18,28.18,4.00,4.00,22.6000,40.00,1.0,0.0
869,-1.3258,48.05,48.05,6.10,6.10,45.2000,80.00,1.0,0.0
870,-1.8882,19.22,19.22,14.00,14.00,33.9000,60.00,1.0,0.0
871,-1.9564,27.64,23.76,14.00,14.00,38.5000,70.00,1.0,0.0
872,-5.4012,12.52,16.87,17.70,12.00,27.2000,50.00,1.0,0.0
873,-2.9387,49.25,52.61,5.00,5.00,22.6000,40.00,1.0,0.0
874,-150.2677,28.11,93.81,15.90,21.90,22.6000,40.00,1.0,0.0
875,-1.9256,21.71,14.43,14.00,14.00,22.6000,40.00,1.0,0.0
876,-2.0239,21.59,25.91,10.00,14.00,22.6000,40.00,1.0,0.0
877,-2.3011,53.41,53.41,12.00,12.00,33.9000,60.00,1.0,0.0
878,-106.3876,92.13,92.13,5.00,5.00,45.2000,80.00,1.0,0.0
879,-1.9951,25.68,50.00,14.20,75.00,22.6000,40.00,1.0,0.0
880,-0.9777,18.51,18.51,8.00,8.00,45.2000,80.00,1.0,0.0
881,-2.4322,48.81,46.11,10.00,14.00,33.9000,60.00,1.0,0.0
882,-132.6318,95.13,95.13,2.00,2.00,33.9000,60.00,1.0,0.0
883,-2.4226,12.92,28.36,6.50,5.00,33.9000,60.00,1.0,0.0
884,-1.9858,29.63,27.72,22.30,19.40,33.9000,60.00,1.0,0.0
885,-1.3300,42.00,42.00,8.00,8.00,33.9000,60.00,1.0,0.0
886,-86.4148,27.46,27.46,14.00,14.00,33.9000,60.00,1.0,0.0
887,-6.9500,50.00,50.00,50.00,50.00,38.5000,70.00,1.0,0.0
888,-1.1270,29.38,26.46,2.00,2.00,45.2000,80.00,1.0,0.0
889,-1.8622,54.48,50.96,8.90,12.10,22.6000,40.00,1.0,0.0
890,-136.9007,29.07,29.07,14.00,14.00,45.2000,80.00,1.0,0.0
891,-2.0003,26.69,22.88,14.00,14.00,38.5000,70.00,1.0,0.0
892,-1.7395,23.86,26.84,5.00,5.00,22.6000,40.00,1.0,0.0
893,-5.4159,45.25,45.25,4.00,4.00,22.6000,40.00,1.0,0.0
894,-1.5681,21.54,21.54,12.90,12.90,38.5000,70.00,1.0,0.0
895,-2.0379,29.19,22.38,14.00,14.00,22.6000,40.00,1.0,0.0
896,-2.1171,29.32,29.32,14.00,14.00,45.2000,80.00,1.0,0.0
897,-1.3221,41.47,52.91,2.00,2.00,45.2000,80.00,1.0,0.0
898,-2.8520,14.67,14.67,3.00,3.00,33.9000,60.00,1.0,0.0
899,-2.0684,28.47,28.47,2.20,2.20,33.9000,60.00,1.0,0.0
900,-3.5058,22.69,22.69,10.00,14.00,22.6000,40.00,1.0,0.0
901,-2.4814,52.09,49.15,10.00,14.00,45.2000,80.00,1.0,0.0
902,-159.2186,96.75,96.75,2.00,2.00,33.9000,60.00,1.0,0.0
903,-1.9122,27.48,27.48,12.00,12.00,45.2000,80.00,1.0,0.0
904,-1.4238,13.92,27.40,12.30,11.00,22.6000,40.00,1.0,0.0
905,-2.2163,49.44,41.08,10.00,14.00,33.9000,60.00,1.0,0.0
906,-0.8506,10.04,10.04,8.00,8.00,45.2000,80.00,1.0,0.0
907,-3.8500,50.00,50.00,50.00,50.00,45.2000,80.00,1.0,0.0
908,-1.0673,23.01,28.00,2.00,2.00,38.5000,70.00,1.0,0.0
909,-3.0362,45.87,53.37,16.10,19.10,22.6000,40.00,1.0,0.0
910,-1.9971,26.47,26.47,14.00,14.00,45.2000,80.00,1.0,0.0
911,-1.9741,24.94,27.94,14.00,14.00,38.5000,70.00,1.0,0.0
912,-0.9982,19.88,15.99,2.00,2.00,38.5000,70.00,1.0,0.0
913,-2.1684,52.11,47.89,5.00,5.00,38.5000,70.00,1.0,0.0
914,-2.2582,24.21,24.21,19.90,19.90,22.6000,40.00,1.0,0.0
915,-0.9905,19.37,19.37,8.00,8.00,22.6000,40.00,1.0,0.0
916,-1.0423,22.82,22.82,8.00,8.00,33.9000,60.00,1.0,0.0
917,-1.4297,48.65,48.65,2.00,2.00,33.9000,60.00,1.0,0.0
918,-70.0627,29.56,29.56,23.00,23.00,45.2000,80.00,1.0,0.0
919,-1.8777,29.18,29.18,10.80,10.80,45.2000,80.00,1.0,0.0
920,-2.1424,29.49,29.49,10.00,14.00,33.9000,60.00,1.0,0.0
921,-1.2880,39.20,39.20,8.00,8.00,33.9000,60.00,1.0,0.0
922,-1.4759,28.40,28.40,9.00,9.00,45.2000,80.00,1.0,0.0
923,-7.9500,27.25,50.00,23.00,83.00,45.2000,80.00,1.0,0.0
924,-1.5354,27.87,27.87,5.00,5.00,33.9000,60.00,1.0,0.0
925,-2.4414,49.43,53.39,10.00,14.00,33.9000,60.00,1.0,0.0
926,-0.8779,11.86,11.86,8.00,8.00,22.6000,40.00,1.0,0.0
927,-4.6000,50.00,50.00,53.00,53.00,22.6000,40.00,1.0,0.0
928,-2.7459,28.77,28.77,13.50,13.50,22.6000,40.00,1.0,0.0
929,-1.6018,50.12,50.12,5.00,5.00,33.9000,60.00,1.0,0.0
930,-2.9075,11.03,11.03,8.00,8.00,45.2000,80.00,1.0,0.0
931,-0.9134,14.23,14.23,8.00,8.00,27.2000,50.00,1.0,0.0
932,-3.1960,25.74,25.74,20.50,20.50,22.6000,40.00,1.0,0.0
933,-1.2550,45.34,45.34,5.50,5.50,38.5000,70.00,1.0,0.0
934,-1.4189,21.93,21.93,11.00,9.80,27.2000,50.00,1.0,0.0
935,-0.9676,17.84,17.84,8.00,8.00,22.6000,40.00,1.0,0.0
936,-1.0693,24.62,24.62,8.00,8.00,22.6000,40.00,1.0,0.0
937,-1.7689,41.26,41.26,11.00,11.00,45.2000,80.00,1.0,0.0
938,-216.1061,91.74,91.74,2.00,2.00,33.9000,60.00,1.0,0.0
939,-1.6952,27.68,27.68,13.60,13.60,22.6000,40.00,1.0,0.0
940,-2.9422,10.21,10.21,8.00,8.00,33.9000,60.00,1.0,0.0
941,-1.3245,41.63,41.63,8.00,8.00,45.2000,80.00,1.0,0.0
942,-3.2808,28.72,90.78,21.00,17.00,22.6000,40.00,1.0,0.0
943,-4.6000,50.00,50.00,53.00,53.00,33.9000,60.00,1.0,0.0
944,-0.9352,17.68,17.68,7.40,7.40,22.6000,40.00,1.0,0.0
945,-3.2861,38.46,38.46,8.00,8.00,45.2000,80.00,1.0,0.0
946,-1.0169,21.13,21.13,8.00,8.00,27.2000,50.00,1.0,0.0
947,-3.8500,50.00,50.00,50.00,50.00,22.6000,40.00,1.0,0.0
948,-0.8273,25.15,25.15,3.00,3.00,45.2000,80.00,1.0,0.0
949,-2.3387,41.58,51.33,16.30,19.60,38.5000,70.00,1.0,0.0
950,-2.0066,27.11,27.11,14.00,14.00,22.6000,40.00,1.0,0.0
951,-2.0014,26.76,26.76,14.00,14.00,38.5000,70.00,1.0,0.0
952,-3.0147,29.31,29.31,21.50,21.50,22.6000,40.00,1.0,0.0
953,-1.8415,54.12,54.12,3.00,3.00,45.2000,80.00,1.0,0.0
954,-0.8936,23.24,23.24,4.90,4.90,33.9000,60.00,1.0,0.0
955,-0.8514,10.10,10.10,8.00,8.00,27.2000,50.00,1.0,0.0
956,-1.9806,26.45,16.72,10.00,14.00,45.2000,80.00,1.0,0.0
957,-2.7709,44.54,44.54,6.00,6.00,33.9000,60.00,1.0,0.0
958,-195.2711,88.54,88.54,2.00,2.00,33.9000,60.00,1.0,0.0
959,-1.1442,11.28,11.28,7.50,7.50,33.9000,60.00,1.0,0.0
960,-3.5170,29.94,23.81,10.00,14.00,45.2000,80.00,1.0,0.0
961,-2.5056,53.71,53.71,10.00,14.00,45.2000,80.00,1.0,0.0
962,-1.0950,24.67,24.67,8.50,8.50,33.9000,60.00,1.0,0.0
963,-3.8500,50.00,50.00,50.00,50.00,33.9000,60.00,1.0,0.0
964,-1.2915,27.10,21.58,5.70,12.00,22.6000,40.00,1.0,0.0
965,-2.4953,53.02,37.37,10.00,8.00,33.9000,60.00,1.0,0.0
966,-0.9007,13.38,13.38,8.00,8.00,27.2000,50.00,1.0,0.0
967,-8.5000,14.71,14.71,4.50,4.50,22.6000,40.00,1.0,0.0
968,-1.0483,16.07,22.92,2.00,2.00,33.9000,60.00,1.0,0.0
969,-1.0675,35.83,35.83,4.60,4.60,45.2000,80.00,1.0,0.0
970,-2.0139,27.59,27.59,14.00,14.00,22.6000,40.00,1.0,0.0
971,-2.0495,27.79,27.79,14.00,14.00,33.9000,60.00,1.0,0.0
972,-1.8583,27.22,23.49,5.00,5.00,27.2000,50.00,1.0,0.0
973,-1.4211,52.56,48.08,2.00,2.00,38.5000,70.00,1.0,0.0
974,-0.7897,18.98,18.98,4.10,4.10,33.9000,60.00,1.0,0.0
975,-1.9671,24.47,24.47,14.00,14.00,33.9000,60.00,1.0,0.0
976,-2.8837,20.35,20.35,8.00,8.00,22.6000,40.00,1.0,0.0
977,-1.4879,49.20,49.20,3.00,3.00,45.2000,80.00,1.0,0.0
978,-2.4444,29.63,96.40,16.00,17.00,33.9000,60.00,1.0,0.0
979,-0.5820,11.80,11.80,2.10,2.10,45.2000,80.00,1.0,0.0
980,-1.0919,26.13,26.13,8.00,8.00,22.6000,40.00,1.0,0.0
981,-2.4145,54.30,54.30,10.00,14.00,45.2000,80.00,1.0,0.0
982,-103.4252,91.89,91.89,5.00,5.00,45.2000,80.00,1.0,0.0
983,-4.6000,50.00,50.00,53.00,53.00,22.6000,40.00,1.0,0.0
984,-2.5916,10.60,10.60,7.20,7.20,33.9000,60.00,1.0,0.0
985,-1.2383,35.89,35.89,8.00,8.00,33.9000,60.00,1.0,0.0
986,-1.9331,22.20,22.20,14.00,14.00,45.2000,80.00,1.0,0.0
987,-3.8500,50.00,50.00,50.00,50.00,33.9000,60.00,1.0,0.0
988,-1.7755,19.48,19.48,4.50,4.50,22.6000,40.00,1.0,0.0
989,-2.1138,47.28,50.92,20.50,15.00,22.6000,40.00,1.0,0.0
990,-1.9932,26.21,26.21,14.00,14.00,22.6000,40.00,1.0,0.0
991,-1.0726,24.84,24.84,8.00,8.00,27.2000,50.00,1.0,0.0
992,-1.8212,24.75,23.64,5.00,5.00,22.6000,40.00,1.0,0.0
993,-3.7757,50.05,52.65,24.50,24.50,22.6000,40.00,1.0,0.0
994,-1.6558,26.72,26.99,13.10,9.80,22.6000,40.00,1.0,0.0
995,-1.1240,28.27,28.27,8.00,8.00,22.6000,40.00,1.0,0.0
996,-0.8861,12.40,12.40,8.00,8.00,33.9000,60.00,1.0,0.0
997,-1.5760,50.06,50.06,4.50,4.50,33.9000,60.00,1.0,0.0
998,-81.2075,95.12,95.12,2.00,2.00,33.9000,60.00,1.0,0.0
999,-2.2489,14.92,27.60,16.50,15.10,33.9000,60.00,1.0,0.0
1000,-2.9467,22.76,22.76,8.00,8.00,33.9000,60.00,1.0,0.0
1001,-2.2993,46.62,52.49,14.00,14.00,33.9000,60.00,1.0,0.0
1002,-176.4149,25.54,25.54,15.00,15.00,45.2000,80.00,1.0,0.0
1003,-1.2712,23.08,23.08,6.50,6.50,45.2000,80.00,1.0,0.0
1004,-0.8429,20.86,20.86,4.60,4.60,45.2000,80.00,1.0,0.0
1005,-3.7639,46.49,48.72,14.00,14.00,33.9000,60.00,1.0,0.0
1006,-1.0579,23.86,23.86,8.00,8.00,38.5000,70.00,1.0,0.0
1007,-3.8500,50.00,50.00,50.00,50.00,45.2000,80.00,1.0,0.0
1008,-3.6698,23.81,23.81,14.00,14.00,45.2000,80.00,1.0,0.0
1009,-2.6072,49.48,49.08,19.30,22.10,45.2000,80.00,1.0,0.0
1010,-1.0684,24.56,24.56,8.00,8.00,22.6000,40.00,1.0,0.0
1011,-1.9356,26.35,26.35,14.00,14.00,22.6000,40.00,1.0,0.0
1012,-0.8938,11.25,11.25,8.50,8.50,38.5000,70.00,1.0,0.0
1013,-2.1793,48.62,48.62,5.00,5.00,22.6000,40.00,1.0,0.0
1014,-106.7240,19.72,92.16,28.20,16.70,33.9000,60.00,1.0,0.0
1015,-4.7500,16.23,16.23,14.00,14.00,22.6000,40.00,1.0,0.0
1016,-0.9025,13.50,13.50,8.00,8.00,33.9000,60.00,1.0,0.0
1017,-4.2066,54.71,54.71,20.50,20.50,33.9000,60.00,1.0,0.0
1018,-1.0136,19.24,19.24,8.50,8.50,22.6000,40.00,1.0,0.0
1019,-2.3743,22.95,50.00,16.60,59.80,45.2000,80.00,1.0,0.0
1020,-1.9579,27.20,23.86,10.00,14.00,33.9000,60.00,1.0,0.0
1021,-2.4757,51.71,53.25,10.00,14.00,45.2000,80.00,1.0,0.0
1022,-1.4245,27.32,27.32,3.00,3.00,22.6000,40.00,1.0,0.0
1023,-3.8500,50.00,50.00,50.00,50.00,45.2000,80.00,1.0,0.0
1024,-2.0933,15.22,15.22,11.90,11.90,33.9000,60.00,1.0,0.0
1025,-2.4302,48.68,53.94,10.00,14.00,33.9000,60.00,1.0,0.0
1026,-1.0037,20.25,20.25,8.00,8.00,45.2000,80.00,1.0,0.0
1027,-3.4594,28.96,50.00,24.50,75.00,22.6000,40.00,1.0,0.0
1028,-1.1482,29.88,22.64,2.00,2.00,27.2000,50.00,1.0,0.0
1029,-3.3455,42.73,42.73,3.60,3.60,33.9000,60.00,1.0,0.0
1030,-0.9584,17.23,17.23,8.00,8.00,22.6000,40.00,1.0,0.0
1031,-1.0067,20.44,20.44,8.00,8.00,38.5000,70.00,1.0,0.0
1032,-1.8583,27.22,19.76,5.00,5.00,22.6000,40.00,1.0,0.0
1033,-1.3161,41.07,54.78,2.00,2.00,33.9000,60.00,1.0,0.0
1034,-2.6062,26.75,25.77,20.10,16.00,22.6000,40.00,1.0,0.0
1035,-4.7500,22.32,25.89,14.00,14.00,22.6000,40.00,1.0,0.0
1036,-2.0462,23.08,28.39,10.00,14.00,45.2000,80.00,1.0,0.0
1037,-2.2900,53.72,53.72,6.50,6.50,22.6000,40.00,1.0,0.0
1038,-1.3675,26.17,26.17,7.50,7.50,22.6000,40.00,1.0,0.0
1039,-1.8797,23.65,23.65,14.30,14.30,45.2000,80.00,1.0,0.0
1040,-0.9479,16.53,16.53,8.00,8.00,22.6000,40.00,1.0,0.0
1041,-1.2607,37.38,37.38,8.00,8.00,22.6000,40.00,1.0,0.0
1042,-0.8329,22.19,22.19,4.00,4.00,45.2000,80.00,1.0,0.0
1043,-5.3500,50.00,50.00,53.00,53.00,45.2000,80.00,1.0,0.0
1044,-2.2242,27.28,27.28,18.30,18.30,22.6000,40.00,1.0,0.0
1045,-2.4734,51.56,54.64,10.00,14.00,45.2000,80.00,1.0,0.0
1046,-1.9524,23.49,23.49,14.00,14.00,45.2000,80.00,1.0,0.0
1047,-3.8500,50.00,50.00,50.00,50.00,33.9000,60.00,1.0,0.0
1048,-1.1266,15.55,15.55,2.00,2.00,22.6000,40.00,1.0,0.0
1049,-2.3084,46.89,46.89,14.10,14.10,33.9000,60.00,1.0,0.0
1050,-1.0367,22.45,22.45,8.00,8.00,33.9000,60.00,1.0,0.0
1051,-1.8147,14.31,14.31,14.00,14.00,38.5000,70.00,1.0,0.0
1052,-2.6508,28.38,28.38,20.50,20.50,33.9000,60.00,1.0,0.0
1053,-3.0744,41.82,41.82,2.00,2.00,22.6000,40.00,1.0,0.0
1054,-1.1477,27.18,27.18,8.80,8.80,22.6000,40.00,1.0,0.0
1055,-0.8798,11.99,11.99,8.00,8.00,38.5000,70.00,1.0,0.0
1056,-2.1447,29.65,29.08,10.00,14.00,22.6000,40.00,1.0,0.0
1057,-3.4134,47.54,47.54,7.50,7.50,22.6000,40.00,1.0,0.0
1058,-1.1082,28.65,28.65,3.00,3.00,22.6000,40.00,1.0,0.0
1059,-2.1566,20.49,20.49,5.70,5.70,22.6000,40.00,1.0,0.0
1060,-1.1316,28.77,28.77,8.00,8.00,22.6000,40.00,1.0,0.0
1061,-3.3085,53.90,49.25,10.00,8.00,22.6000,40.00,1.0,0.0
1062,-2.3731,24.87,95.17,16.00,17.00,45.2000,80.00,1.0,0.0
1063,-3.8500,50.00,50.00,50.00,50.00,22.6000,40.00,1.0,0.0
1064,-1.3880,11.20,11.20,12.40,12.40,33.9000,60.00,1.0,0.0
1065,-1.2947,39.65,39.65,8.00,8.00,45.2000,80.00,1.0,0.0
1066,-2.0284,29.82,29.82,14.00,14.00,27.2000,50.00,1.0,0.0
1067,-7.4500,12.43,12.43,2.50,2.50,22.6000,40.00,1.0,0.0
1068,-0.9555,17.03,16.70,2.00,2.00,22.6000,40.00,1.0,0.0
1069,-2.3562,47.49,47.49,4.30,4.30,22.6000,40.00,1.0,0.0
1070,-1.9526,23.50,23.50,14.00,14.00,45.2000,80.00,1.0,0.0
1071,-4.7500,18.02,18.02,8.00,8.00,33.9000,60.00,1.0,0.0
1072,-3.0128,25.16,25.16,14.00,14.00,22.6000,40.00,1.0,0.0
1073,-3.8110,43.30,43.30,19.50,19.50,38.5000,70.00,1.0,0.0
1074,-1.7627,13.81,13.81,8.40,8.40,38.5000,70.00,1.0,0.0
1075,-1.9879,25.86,25.86,14.00,14.00,38.5000,70.00,1.0,0.0
1076,-2.1358,29.06,21.11,10.00,14.00,22.6000,40.00,1.0,0.0
1077,-1.3138,47.59,47.59,6.00,6.00,22.6000,40.00,1.0,0.0
1078,-71.7268,89.03,89.03,5.00,5.00,33.9000,60.00,1.0,0.0
1079,-0.6929,11.19,11.19,4.50,4.50,22.6000,40.00,1.0,0.0
1080,-2.1019,12.63,12.63,8.00,8.00,33.9000,60.00,1.0,0.0
1081,-1.2389,35.93,35.93,8.00,8.00,33.9000,60.00,1.0,0.0
1082,-1.3126,25.84,25.84,6.50,6.50,22.6000,40.00,1.0,0.0
1083,-0.7077,17.18,17.18,3.00,3.00,33.9000,60.00,1.0,0.0
1084,-1.5394,20.96,20.96,12.50,12.50,45.2000,80.00,1.0,0.0
1085,-3.2947,40.85,40.85,8.00,8.00,45.2000,80.00,1.0,0.0
1086,-1.8581,17.20,17.20,14.00,14.00,27.2000,50.00,1.0,0.0
1087,-3.8500,50.00,50.00,50.00,50.00,33.9000,60.00,1.0,0.0
1088,-0.9447,18.20,25.92,2.00,2.00,33.9000,60.00,1.0,0.0
1089,-1.8173,54.16,54.16,8.10,8.10,22.6000,40.00,1.0,0.0
1090,-201.0020,16.04,16.04,8.00,8.00,33.9000,60.00,1.0,0.0
1091,-0.8612,10.75,10.75,8.00,8.00,33.9000,60.00,1.0,0.0
1092,-0.8010,25.07,25.07,2.50,2.50,38.5000,70.00,1.0,0.0
1093,-1.4618,50.79,52.13,2.00,2.00,33.9000,60.00,1.0,0.0
1094,-1.9504,23.36,25.22,14.00,25.40,33.9000,60.00,1.0,0.0
1095,-1.9980,26.53,28.01,14.00,14.00,22.6000,40.00,1.0,0.0
1096,-2.1307,28.71,23.73,10.00,14.00,45.2000,80.00,1.0,0.0
1097,-1.2570,37.14,37.38,2.00,2.00,33.9000,60.00,1.0,0.0
1098,-2.0235,29.90,29.90,13.50,13.50,22.6000,40.00,1.0,0.0
1099,-1.9922,29.15,50.00,18.70,57.30,45.2000,80.00,1.0,0.0
1100,-2.1333,28.89,27.05,10.00,14.00,45.2000,80.00,1.0,0.0
1101,-3.8736,51.31,51.57,10.00,14.00,22.6000,40.00,1.0,0.0
1102,-1.0355,19.04,19.04,3.00,3.00,22.6000,40.00,1.0,0.0
1103,-4.6000,50.00,50.00,53.00,53.00,33.9000,60.00,1.0,0.0
1104,-1.5726,27.84,27.84,11.10,11.10,22.6000,40.00,1.0,0.0
1105,-1.4886,52.57,52.57,8.00,8.00,45.2000,80.00,1.0,0.0
1106,-1.9570,29.10,29.10,14.00,14.00,22.6000,40.00,1.0,0.0
1107,-6.9500,29.05,29.05,6.50,6.50,27.2000,50.00,1.0,0.0
1108,-3.3164,28.24,28.24,16.50,16.50,45.2000,80.00,1.0,0.0
1109,-3.2712,48.40,48.40,17.80,17.80,22.6000,40.00,1.0,0.0
1110,-2.0330,28.87,28.87,14.00,14.00,45.2000,80.00,1.0,0.0
1111,-1.8368,15.79,15.79,14.00,14.00,22.6000,40.00,1.0,0.0
1112,-1.4584,25.56,25.56,9.50,9.50,33.9000,60.00,1.0,0.0
1113,-2.2492,48.72,47.99,5.00,5.00,27.2000,50.00,1.0,0.0
1114,-1.0865,12.44,17.15,6.00,6.20,38.5000,70.00,1.0,0.0
1115,-6.1500,28.27,28.27,14.00,14.00,38.5000,70.00,1.0,0.0
1116,-2.1015,26.76,26.76,10.00,14.00,45.2000,80.00,1.0,0.0
1117,-2.0238,48.25,48.25,14.00,14.00,22.6000,40.00,1.0,0.0
1118,-186.6432,96.00,96.00,2.00,2.00,45.2000,80.00,1.0,0.0
1119,-1.0288,29.92,29.92,5.60,5.60,33.9000,60.00,1.0,0.0
1120,-2.0892,21.54,21.54,8.00,8.00,45.2000,80.00,1.0,0.0
1121,-1.3158,41.05,41.05,8.00,8.00,45.2000,80.00,1.0,0.0
1122,-0.7127,20.85,20.85,2.00,2.00,22.6000,40.00,1.0,0.0
1123,-4.6000,50.00,50.00,53.00,53.00,22.6000,40.00,1.0,0.0
1124,-2.0885,19.23,19.23,18.00,18.00,33.9000,60.00,1.0,0.0
1125,-2.4070,47.13,52.78,10.00,14.00,45.2000,80.00,1.0,0.0
1126,-1.9440,22.93,22.93,14.00,14.00,33.9000,60.00,1.0,0.0
1127,-7.9250,20.67,20.67,8.50,8.50,33.9000,60.00,1.0,0.0
1128,-0.8655,19.37,19.37,5.50,5.50,22.6000,40.00,1.0,0.0
1129,-3.4977,54.85,52.55,29.50,28.40,38.5000,70.00,1.0,0.0
1130,-1.9074,20.49,20.49,14.00,14.00,33.9000,60.00,1.0,0.0
1131,-2.0461,29.74,29.74,14.00,14.00,22.6000,40.00,1.0,0.0
1132,-2.4182,18.61,18.61,13.50,13.50,38.5000,70.00,1.0,0.0
1133,-1.3348,38.99,38.99,3.00,3.00,22.6000,40.00,1.0,0.0
1134,-2.6851,12.69,12.69,4.40,4.40,27.2000,50.00,1.0,0.0
1135,-1.7842,12.28,19.01,14.00,14.00,38.5000,70.00,1.0,0.0
1136,-0.9207,14.71,14.71,8.00,8.00,22.6000,40.00,1.0,0.0
1137,-1.5138,39.89,39.89,2.00,2.00,22.6000,40.00,1.0,0.0
1138,-3.4730,29.87,97.04,24.50,14.00,22.6000,40.00,1.0,0.0
1139,-1.6970,23.02,17.13,6.60,16.80,33.9000,60.00,1.0,0.0
1140,-0.8992,13.28,13.28,8.00,8.00,45.2000,80.00,1.0,0.0
1141,-2.4816,47.23,49.35,14.00,14.00,45.2000,80.00,1.0,0.0
1142,-2.1501,23.34,96.96,12.00,13.50,45.2000,80.00,1.0,0.0
1143,-2.5599,27.87,27.87,5.00,5.00,22.6000,40.00,1.0,0.0
1144,-2.3504,24.69,24.69,21.60,21.60,45.2000,80.00,1.0,0.0
1145,-1.3657,44.38,44.38,8.00,8.00,22.6000,40.00,1.0,0.0
1146,-86.9279,17.17,17.17,8.00,8.00,45.2000,80.00,1.0,0.0
1147,-3.1414,27.76,27.76,24.50,24.50,33.9000,60.00,1.0,0.0
1148,-2.6139,25.93,25.93,20.50,20.50,33.9000,60.00,1.0,0.0
1149,-2.4798,45.32,43.22,18.00,25.00,33.9000,60.00,1.0,0.0
1150,-1.0417,22.78,22.78,8.00,8.00,22.6000,40.00,1.0,0.0
1151,-2.8935,10.56,10.56,8.00,8.00,33.9000,60.00,1.0,0.0
1152,-3.0042,20.17,20.17,10.00,10.00,22.6000,40.00,1.0,0.0
1153,-1.1887,49.24,49.24,3.00,3.00,27.2000,50.00,1.0,0.0
1154,-2.7116,25.78,94.56,22.50,26.10,22.6000,40.00,1.0,0.0
1155,-2.0448,27.89,27.89,14.00,14.00,33.9000,60.00,1.0,0.0
1156,-2.1479,13.08,13.08,8.00,8.00,45.2000,80.00,1.0,0.0
1157,-4.1135,54.80,53.30,26.00,23.00,22.6000,40.00,1.0,0.0
1158,-140.9125,25.67,25.67,9.50,9.50,45.2000,80.00,1.0,0.0
1159,-2.2324,17.49,50.00,21.40,57.00,22.6000,40.00,1.0,0.0
1160,-0.8825,12.17,12.17,8.00,8.00,33.9000,60.00,1.0,0.0
1161,-1.3058,40.39,40.39,8.00,8.00,22.6000,40.00,1.0,0.0
1162,-117.2144,96.24,96.24,5.00,5.00,45.2000,80.00,1.0,0.0
1163,-1.4327,25.51,25.51,9.00,9.00,33.9000,60.00,1.0,0.0
1164,-1.7969,19.13,22.61,12.20,16.10,45.2000,80.00,1.0,0.0
1165,-1.5000,53.33,53.33,8.00,8.00,45.2000,80.00,1.0,0.0
1166,-1.8749,18.32,18.32,14.00,14.00,22.6000,40.00,1.0,0.0
1167,-0.7677,11.18,11.18,6.00,6.00,33.9000,60.00,1.0,0.0
1168,-1.8429,26.20,26.20,5.00,5.00,45.2000,80.00,1.0,0.0
1169,-2.7359,53.40,53.40,20.70,20.70,22.6000,40.00,1.0,0.0
1170,-2.8775,13.65,13.65,8.00,8.00,22.6000,40.00,1.0,0.0
1171,-2.9227,15.31,15.31,8.00,8.00,27.2000,50.00,1.0,0.0
1172,-2.1870,20.80,20.80,13.50,13.50,27.2000,50.00,1.0,0.0
1173,-2.8470,49.20,53.13,15.50,17.00,38.5000,70.00,1.0,0.0
1174,-2.7675,19.17,91.05,25.60,26.10,38.5000,70.00,1.0,0.0
1175,-1.0342,22.28,22.28,8.00,8.00,38.5000,70.00,1.0,0.0
1176,-0.9369,15.79,15.79,8.00,8.00,33.9000,60.00,1.0,0.0
1177,-1.4921,49.81,46.63,2.00,2.00,22.6000,40.00,1.0,0.0
1178,-98.8489,91.50,91.50,5.00,5.00,33.9000,60.00,1.0,0.0
1179,-1.8659,19.73,19.73,13.40,13.40,45.2000,80.00,1.0,0.0
1180,-0.9512,16.75,16.75,8.00,8.00,45.2000,80.00,1.0,0.0
1181,-1.4419,49.46,49.46,8.00,8.00,45.2000,80.00,1.0,0.0
1182,-155.5528,22.17,22.17,6.50,6.50,33.9000,60.00,1.0,0.0
1183,-4.6000,50.00,50.00,53.00,53.00,45.2000,80.00,1.0,0.0
1184,-1.6892,29.28,29.28,13.00,13.00,33.9000,60.00,1.0,0.0
1185,-2.4220,48.13,47.08,14.00,14.00,22.6000,40.00,1.0,0.0
1186,-1.0582,23.88,23.88,8.00,8.00,38.5000,70.00,1.0,0.0
1187,-0.8827,27.18,27.18,3.50,3.50,22.6000,40.00,1.0,0.0
1188,-0.7201,14.67,14.67,4.00,4.00,45.2000,80.00,1.0,0.0
1189,-2.1671,42.48,42.48,18.60,18.60,33.9000,60.00,1.0,0.0
1190,-2.0403,29.35,29.35,14.00,14.00,22.6000,40.00,1.0,0.0
1191,-4.7500,29.29,29.29,8.00,8.00,45.2000,80.00,1.0,0.0
1192,-0.9672,17.81,22.69,2.00,2.00,22.6000,40.00,1.0,0.0
1193,-3.0042,51.95,51.95,15.00,15.00,33.9000,60.00,1.0,0.0
1194,-2.3294,28.36,28.36,12.90,12.90,45.2000,80.00,1.0,0.0
1195,-0.9029,13.53,13.53,8.00,8.00,27.2000,50.00,1.0,0.0
1196,-1.0810,25.40,25.40,8.00,8.00,45.2000,80.00,1.0,0.0
1197,-3.0078,52.19,52.19,20.50,20.50,33.9000,60.00,1.0,0.0
1198,-236.3447,26.08,26.08,6.50,6.50,22.6000,40.00,1.0,0.0
1199,-1.5830,23.20,23.20,12.70,12.70,22.6000,40.00,1.0,0.0
1200,-0.8924,12.83,12.83,8.00,8.00,45.2000,80.00,1.0,0.0
1201,-1.4379,49.19,49.19,8.00,8.00,33.9000,60.00,1.0,0.0
1202,-259.7204,93.30,93.30,2.00,2.00,22.6000,40.00,1.0,0.0
1203,-3.8500,50.00,50.00,50.00,50.00,22.6000,40.00,1.0,0.0
1204,-1.4789,29.92,29.92,8.60,8.60,22.6000,40.00,1.0,0.0
1205,-1.4615,50.77,50.77,8.00,8.00,22.6000,40.00,1.0,0.0
1206,-1.1445,29.64,29.64,8.00,8.00,45.2000,80.00,1.0,0.0
1207,-1.7339,28.93,28.93,14.00,14.00,33.9000,60.00,1.0,0.0
1208,-0.7708,24.72,24.72,2.00,2.00,33.9000,60.00,1.0,0.0
1209,-2.1436,44.90,46.32,11.40,9.20,45.2000,80.00,1.0,0.0
1210,-65.2008,24.14,24.14,14.00,14.00,45.2000,80.00,1.0,0.0
1211,-4.7500,25.87,26.26,14.00,14.00,33.9000,60.00,1.0,0.0
1212,-1.1418,26.12,26.12,3.00,3.00,33.9000,60.00,1.0,0.0
1213,-1.3987,46.58,49.38,2.00,2.00,22.6000,40.00,1.0,0.0
1214,-2.9864,28.76,93.79,27.10,8.50,33.9000,60.00,1.0,0.0
1215,-4.7500,27.73,22.81,14.00,14.00,27.2000,50.00,1.0,0.0
1216,-0.9445,16.30,16.30,8.00,8.00,45.2000,80.00,1.0,0.0
1217,-1.8131,49.21,49.21,9.50,9.50,45.2000,80.00,1.0,0.0
1218,-111.6924,92.53,92.53,5.00,5.00,22.6000,40.00,1.0,0.0
1219,-2.2858,25.06,28.40,20.20,15.30,33.9000,60.00,1.0,0.0
1220,-0.9917,19.45,19.45,8.00,8.00,45.2000,80.00,1.0,0.0
1221,-1.3487,43.24,43.24,8.00,8.00,22.6000,40.00,1.0,0.0
1222,-114.6856,92.75,92.75,5.00,5.00,45.2000,80.00,1.0,0.0
1223,-3.8500,50.00,50.00,100.00,50.00,45.2000,80.00,1.0,0.0
1224,-2.4691,29.16,29.16,20.30,20.30,22.6000,40.00,1.0,0.0
1225,-1.2731,38.21,38.21,8.00,8.00,45.2000,80.00,1.0,0.0
1226,-1.0365,22.44,22.44,8.00,8.00,45.2000,80.00,1.0,0.0
1227,-4.6000,50.00,50.00,53.00,53.00,45.2000,80.00,1.0,0.0
1228,-3.6562,28.08,28.08,18.00,18.00,33.9000,60.00,1.0,0.0
1229,-2.3702,50.68,50.68,14.20,14.20,45.2000,80.00,1.0,0.0
1230,-2.0242,28.28,28.28,14.00,14.00,45.2000,80.00,1.0,0.0
1231,-1.9150,21.00,21.00,14.00,14.00,38.5000,70.00,1.0,0.0
1232,-1.0212,21.42,28.61,2.00,2.00,22.6000,40.00,1.0,0.0
1233,-1.3073,40.49,51.41,2.00,2.00,27.2000,50.00,1.0,0.0
1234,-1.4343,22.95,29.24,9.80,7.60,27.2000,50.00,1.0,0.0
1235,-1.9237,21.58,21.58,14.00,14.00,38.5000,70.00,1.0,0.0
1236,-0.9177,14.51,14.51,8.00,8.00,22.6000,40.00,1.0,0.0
1237,-2.2087,50.58,53.94,5.00,5.00,45.2000,80.00,1.0,0.0
1238,-89.6610,95.38,95.38,2.00,2.00,22.6000,40.00,1.0,0.0
1239,-2.9139,23.22,23.22,11.30,11.30,45.2000,80.00,1.0,0.0
1240,-3.5096,17.49,16.56,10.00,14.00,45.2000,80.00,1.0,0.0
1241,-1.3754,45.02,45.02,8.00,8.00,22.6000,40.00,1.0,0.0
1242,-195.4358,93.93,93.93,2.00,2.00,22.6000,40.00,1.0,0.0
1243,-3.8500,50.00,50.00,100.00,50.00,22.6000,40.00,1.0,0.0
1244,-2.1906,26.14,27.37,16.10,17.60,22.6000,40.00,1.0,0.0
1245,-1.4743,51.62,51.62,8.00,8.00,22.6000,40.00,1.0,0.0
1246,-2.0478,29.85,29.85,14.00,14.00,22.6000,40.00,1.0,0.0
1247,-1.0841,11.03,22.27,3.00,3.00,45.2000,80.00,1.0,0.0
1248,-2.3765,25.10,28.66,16.00,16.50,22.6000,40.00,1.0,0.0
1249,-2.5821,53.47,45.63,17.60,17.30,38.5000,70.00,1.0,0.0
1250,-67.2308,23.42,23.42,8.00,8.00,33.9000,60.00,1.0,0.0
1251,-2.0384,29.23,29.98,14.00,14.00,22.6000,40.00,1.0,0.0
1252,-0.9788,25.25,25.25,6.00,6.00,38.5000,70.00,1.0,0.0
1253,-1.4384,49.23,46.70,2.00,2.00,22.6000,40.00,1.0,0.0
1254,-2.2148,21.01,28.53,7.70,19.60,27.2000,50.00,1.0,0.0
1255,-6.1500,20.24,24.54,14.00,14.00,22.6000,40.00,1.0,0.0
1256,-2.0341,28.26,28.94,14.00,14.00,45.2000,80.00,1.0,0.0
1257,-2.5404,49.36,49.36,18.00,18.00,45.2000,80.00,1.0,0.0
1258,-132.3803,93.83,93.83,5.00,5.00,45.2000,80.00,1.0,0.0
1259,-1.5590,22.60,22.60,12.40,12.40,33.9000,60.00,1.0,0.0
1260,-2.1053,27.02,27.02,10.00,14.00,45.2000,80.00,1.0,0.0
1261,-2.3368,54.74,54.74,8.00,8.00,22.6000,40.00,1.0,0.0
1262,-145.2126,94.47,94.47,5.00,5.00,33.9000,60.00,1.0,0.0
1263,-4.6000,50.00,50.00,53.00,53.00,33.9000,60.00,1.0,0.0
1264,-2.0905,21.70,21.70,17.30,17.30,33.9000,60.00,1.0,0.0
1265,-1.4370,49.13,49.13,8.00,8.00,22.6000,40.00,1.0,0.0
1266,-1.9399,22.66,22.66,14.00,14.00,22.6000,40.00,1.0,0.0
1267,-4.6000,50.00,50.00,53.00,53.00,33.9000,60.00,1.0,0.0
1268,-1.9493,29.96,29.96,12.00,12.00,33.9000,60.00,1.0,0.0
1269,-1.8865,51.10,51.10,10.40,10.40,27.2000,50.00,1.0,0.0
1270,-0.9289,15.26,15.26,8.00,8.00,38.5000,70.00,1.0,0.0
1271,-0.9625,17.50,17.50,8.00,8.00,22.6000,40.00,1.0,0.0
1272,-1.9611,25.74,25.74,13.50,13.50,38.5000,70.00,1.0,0.0
1273,-1.3215,41.44,41.44,2.00,2.00,38.5000,70.00,1.0,0.0
1274,-1.6743,22.29,22.29,14.80,14.80,27.2000,50.00,1.0,0.0
1275,-1.0997,26.65,26.65,8.00,8.00,27.2000,50.00,1.0,0.0
1276,-2.0324,16.72,24.41,10.00,14.00,22.6000,40.00,1.0,0.0
1277,-2.2695,54.63,54.63,5.00,5.00,22.6000,40.00,1.0,0.0
1278,-3.4208,26.38,94.85,24.50,13.50,22.6000,40.00,1.0,0.0
1279,-1.0959,29.39,29.39,7.10,7.10,45.2000,80.00,1.0,0.0
1280,-3.3957,27.02,19.71,10.00,14.00,45.2000,80.00,1.0,0.0
1281,-1.2345,35.63,35.63,8.00,8.00,45.2000,80.00,1.0,0.0
1282,-233.7249,16.40,16.40,9.50,9.50,22.6000,40.00,1.0,0.0
1283,-4.6000,50.00,50.00,53.00,53.00,22.6000,40.00,1.0,0.0
1284,-2.5873,26.15,29.30,25.90,22.40,22.6000,40.00,1.0,0.0
1285,-1.4101,47.34,47.34,8.00,8.00,45.2000,80.00,1.0,0.0
1286,-1.0582,23.88,23.88,8.00,8.00,38.5000,70.00,1.0,0.0
1287,-4.6000,50.00,50.00,53.00,53.00,45.2000,80.00,1.0,0.0
1288,-0.9611,14.07,29.96,3.00,3.00,33.9000,60.00,1.0,0.0
1289,-1.4916,37.44,45.25,6.60,2.70,45.2000,80.00,1.0,0.0
1290,-1.8835,18.90,18.90,14.00,14.00,33.9000,60.00,1.0,0.0
1291,-4.7500,29.24,23.32,14.00,14.00,22.6000,40.00,1.0,0.0
1292,-1.9552,25.34,25.34,13.50,13.50,33.9000,60.00,1.0,0.0
1293,-3.0476,54.84,54.84,20.50,20.50,22.6000,40.00,1.0,0.0
1294,-1.5626,25.84,25.84,11.50,11.50,22.6000,40.00,1.0,0.0
1295,-0.9109,14.06,14.06,8.00,8.00,22.6000,40.00,1.0,0.0
1296,-2.9235,16.52,16.52,8.00,8.00,45.2000,80.00,1.0,0.0
1297,-1.0627,42.51,42.51,2.50,2.50,22.6000,40.00,1.0,0.0
1298,-134.2693,28.19,28.19,2.50,2.50,45.2000,80.00,1.0,0.0
1299,-1.3937,10.31,10.31,4.30,4.30,22.6000,40.00,1.0,0.0
1300,-2.0108,23.68,27.38,10.00,14.00,22.6000,40.00,1.0,0.0
1301,-1.3013,40.08,40.08,8.00,8.00,22.6000,40.00,1.0,0.0
1302,-3.3235,29.90,97.76,21.00,17.00,45.2000,80.00,1.0,0.0
1303,-1.9287,23.58,23.58,13.50,13.50,33.9000,60.00,1.0,0.0
1304,-1.3028,19.85,19.85,8.10,8.10,45.2000,80.00,1.0,0.0
1305,-2.4847,35.76,35.76,8.00,8.00,33.9000,60.00,1.0,0.0
1306,-1.9257,21.71,21.71,14.00,14.00,22.6000,40.00,1.0,0.0
1307,-6.8000,29.75,50.00,18.00,81.50,22.6000,40.00,1.0,0.0
1308,-1.8682,27.88,27.88,5.00,5.00,45.2000,80.00,1.0,0.0
1309,-2.8474,49.41,49.41,11.80,11.80,22.6000,40.00,1.0,0.0
1310,-1.1476,29.84,29.84,8.00,8.00,45.2000,80.00,1.0,0.0
1311,-0.9971,19.81,19.81,8.00,8.00,27.2000,50.00,1.0,0.0
1312,-0.7877,24.18,24.18,2.50,2.50,27.2000,50.00,1.0,0.0
1313,-1.6779,49.58,49.58,5.00,5.00,22.6000,40.00,1.0,0.0
1314,-1.1213,26.08,26.08,8.60,8.60,38.5000,70.00,1.0,0.0
1315,-1.7965,13.10,13.10,14.00,14.00,22.6000,40.00,1.0,0.0
1316,-2.1338,28.92,20.85,10.00,14.00,22.6000,40.00,1.0,0.0
1317,-2.2065,50.43,44.25,5.00,5.00,22.6000,40.00,1.0,0.0
1318,-181.5454,95.83,95.83,5.00,5.00,22.6000,40.00,1.0,0.0
1319,-3.2141,22.07,50.00,7.80,50.00,22.6000,40.00,1.0,0.0
1320,-1.0831,25.54,25.54,8.00,8.00,22.6000,40.00,1.0,0.0
1321,-1.4371,49.14,49.14,8.00,8.00,33.9000,60.00,1.0,0.0
1322,-3.5935,29.56,96.09,27.00,22.00,33.9000,60.00,1.0,0.0
1323,-1.1711,29.74,29.74,8.50,8.50,33.9000,60.00,1.0,0.0
1324,-1.7433,20.48,20.48,9.90,9.90,33.9000,60.00,1.0,0.0
1325,-1.2884,39.23,39.23,8.00,8.00,45.2000,80.00,1.0,0.0
1326,-1.0065,20.43,20.43,8.00,8.00,33.9000,60.00,1.0,0.0
1327,-7.1250,28.43,50.00,23.00,83.00,45.2000,80.00,1.0,0.0
1328,-3.1722,29.45,24.81,20.50,20.50,33.9000,60.00,1.0,0.0
1329,-2.4217,54.78,54.78,14.00,14.00,45.2000,80.00,1.0,0.0
1330,-1.9331,28.07,28.07,14.00,14.00,45.2000,80.00,1.0,0.0
1331,-2.0125,27.50,21.86,14.00,14.00,22.6000,40.00,1.0,0.0
1332,-1.1277,28.51,24.09,2.00,2.00,22.6000,40.00,1.0,0.0
1333,-2.2046,50.31,50.59,5.00,5.00,27.2000,50.00,1.0,0.0
1334,-3.4129,17.86,89.90,32.90,20.70,27.2000,50.00,1.0,0.0
1335,-1.0041,20.27,20.27,8.00,8.00,22.6000,40.00,1.0,0.0
1336,-0.9985,19.90,19.90,8.00,8.00,22.6000,40.00,1.0,0.0
1337,-2.2188,51.26,49.94,5.00,5.00,22.6000,40.00,1.0,0.0
1338,-162.4228,95.21,95.21,2.00,2.00,33.9000,60.00,1.0,0.0
1339,-1.7710,17.40,24.54,12.20,15.40,22.6000,40.00,1.0,0.0
1340,-2.0947,26.31,24.86,10.00,14.00,45.2000,80.00,1.0,0.0
1341,-1.2751,38.34,38.34,8.00,8.00,33.9000,60.00,1.0,0.0
1342,-79.6985,89.45,89.45,5.00,5.00,33.9000,60.00,1.0,0.0
1343,-0.6699,17.99,17.99,2.00,2.00,22.6000,40.00,1.0,0.0
1344,-2.6386,26.57,26.57,20.80,21.80,22.6000,40.00,1.0,0.0
1345,-1.3873,45.82,45.82,8.00,8.00,45.2000,80.00,1.0,0.0
1346,-1.0412,22.74,22.74,8.00,8.00,45.2000,80.00,1.0,0.0
1347,-3.8500,50.00,50.00,50.00,50.00,22.6000,40.00,1.0,0.0
1348,-2.0264,20.09,20.09,16.50,16.50,45.2000,80.00,1.0,0.0
1349,-2.2019,49.13,49.13,11.30,11.30,22.6000,40.00,1.0,0.0
1350,-0.8800,12.00,12.00,8.00,8.00,33.9000,60.00,1.0,0.0
1351,-1.8379,15.86,26.11,14.00,14.00,38.5000,70.00,1.0,0.0
1352,-0.5823,12.16,12.16,2.00,2.00,38.5000,70.00,1.0,0.0
1353,-5.0904,54.59,54.59,6.50,6.50,27.2000,50.00,1.0,0.0
1354,-1.3503,28.35,28.35,6.50,6.50,22.6000,40.00,1.0,0.0
1355,-1.0477,23.18,23.18,8.00,8.00,22.6000,40.00,1.0,0.0
1356,-0.9503,16.69,16.69,8.00,8.00,22.6000,40.00,1.0,0.0
1357,-1.3779,45.19,45.19,2.00,2.00,22.6000,40.00,1.0,0.0
1358,-91.6081,90.81,90.81,5.00,5.00,22.6000,40.00,1.0,0.0
1359,-4.5800,17.33,17.33,11.50,11.50,33.9000,60.00,1.0,0.0
1360,-2.1378,29.18,26.38,10.00,14.00,33.9000,60.00,1.0,0.0
1361,-2.5042,51.23,51.23,8.00,8.00,45.2000,80.00,1.0,0.0
1362,-1.9309,23.73,23.73,13.50,13.50,33.9000,60.00,1.0,0.0
1363,-3.8500,50.00,50.00,50.00,50.00,45.2000,80.00,1.0,0.0
1364,-1.4791,25.27,25.27,10.00,10.00,45.2000,80.00,1.0,0.0
1365,-1.3998,46.65,46.65,8.00,8.00,33.9000,60.00,1.0,0.0
1366,-2.0489,29.93,29.93,14.00,14.00,22.6000,40.00,1.0,0.0
1367,-2.6712,29.75,20.83,20.50,15.00,33.9000,60.00,1.0,0.0
1368,-3.0006,24.89,28.37,23.00,21.50,33.9000,60.00,1.0,0.0
1369,-2.3706,38.46,38.46,2.40,2.40,22.6000,40.00,1.0,0.0
1370,-2.8621,25.48,25.48,8.00,8.00,33.9000,60.00,1.0,0.0
1371,-0.9950,19.67,19.67,8.00,8.00,45.2000,80.00,1.0,0.0
1372,-1.0122,22.05,22.05,2.00,2.00,33.9000,60.00,1.0,0.0
1373,-2.2703,54.69,53.87,5.00,5.00,45.2000,80.00,1.0,0.0
1374,-2.0232,22.54,22.54,15.70,15.70,33.9000,60.00,1.0,0.0
1375,-1.0675,24.50,24.50,8.00,8.00,22.6000,40.00,1.0,0.0
1376,-2.1130,27.54,19.29,10.00,8.00,45.2000,80.00,1.0,0.0
1377,-1.2621,45.81,45.81,5.50,5.50,33.9000,60.00,1.0,0.0
1378,-3.5534,26.98,26.98,13.50,13.50,45.2000,80.00,1.0,0.0
1379,-2.5954,28.36,50.00,19.40,50.00,45.2000,80.00,1.0,0.0
1380,-2.0151,21.01,28.95,10.00,14.00,22.6000,40.00,1.0,0.0
1381,-2.4111,47.41,49.09,10.00,14.00,33.9000,60.00,1.0,0.0
1382,-212.7809,93.10,93.10,2.00,2.00,33.9000,60.00,1.0,0.0
1383,-3.8500,50.00,50.00,50.00,50.00,45.2000,80.00,1.0,0.0
1384,-1.2531,21.54,27.72,6.60,8.50,45.2000,80.00,1.0,0.0
1385,-1.2552,37.01,37.01,8.00,8.00,45.2000,80.00,1.0,0.0
1386,-0.9992,19.95,19.95,8.00,8.00,38.5000,70.00,1.0,0.0
1387,-2.6612,29.08,29.08,20.50,20.50,22.6000,40.00,1.0,0.0
1388,-1.8303,25.35,25.35,5.00,5.00,33.9000,60.00,1.0,0.0
1389,-1.8356,46.71,46.71,10.70,10.70,22.6000,40.00,1.0,0.0
1390,-0.9468,16.46,16.46,8.00,8.00,45.2000,80.00,1.0,0.0
1391,-1.1197,27.98,27.98,8.00,8.00,22.6000,40.00,1.0,0.0
1392,-0.9684,17.89,25.22,2.00,2.00,38.5000,70.00,1.0,0.0
1393,-3.0320,53.80,53.80,20.50,20.50,33.9000,60.00,1.0,0.0
1394,-2.2048,17.89,23.19,10.20,14.80,33.9000,60.00,1.0,0.0
1395,-1.8720,18.13,25.24,14.00,14.00,27.2000,50.00,1.0,0.0
1396,-1.9909,19.40,21.33,10.00,14.00,33.9000,60.00,1.0,0.0
1397,-1.8697,54.64,54.64,9.00,9.00,22.6000,40.00,1.0,0.0
1398,-76.6031,93.99,93.99,5.00,5.00,45.2000,80.00,1.0,0.0
1399,-2.6320,13.32,13.32,5.20,5.20,33.9000,60.00,1.0,0.0
1400,-1.9713,28.69,23.22,10.00,14.00,33.9000,60.00,1.0,0.0
1401,-2.3427,41.04,49.51,14.00,14.00,22.6000,40.00,1.0,0.0
1402,-1.2468,21.45,21.45,6.50,6.50,45.2000,80.00,1.0,0.0
1403,-1.3478,18.18,28.86,9.50,4.00,33.9000,60.00,1.0,0.0
1404,-2.6932,28.55,26.03,21.30,23.60,22.6000,40.00,1.0,0.0
1405,-2.3888,51.66,53.00,10.00,14.00,22.6000,40.00,1.0,0.0
1406,-1.1495,29.97,29.97,8.00,8.00,45.2000,80.00,1.0,0.0
1407,-4.6000,50.00,50.00,53.00,53.00,22.6000,40.00,1.0,0.0
1408,-0.9791,18.61,23.87,2.00,2.00,45.2000,80.00,1.0,0.0
1409,-1.8709,49.42,49.42,6.80,6.80,22.6000,40.00,1.0,0.0
1410,-1.0596,23.97,23.97,8.00,8.00,45.2000,80.00,1.0,0.0
1411,-2.0422,26.22,29.48,14.00,14.00,22.6000,40.00,1.0,0.0
1412,-0.9026,20.17,20.17,6.00,6.00,38.5000,70.00,1.0,0.0
1413,-2.3796,51.97,51.97,14.00,14.00,27.2000,50.00,1.0,0.0
1414,-2.0141,18.61,90.12,16.70,18.70,27.2000,50.00,1.0,0.0
1415,-2.9352,14.99,14.99,8.00,8.00,22.6000,40.00,1.0,0.0
1416,-2.0264,21.76,26.83,10.00,14.00,22.6000,40.00,1.0,0.0
1417,-2.1963,49.76,43.55,5.00,5.00,22.6000,40.00,1.0,0.0
1418,-100.4897,91.64,91.64,5.00,5.00,22.6000,40.00,1.0,0.0
1419,-1.0967,13.45,13.45,5.90,5.90,33.9000,60.00,1.0,0.0
1420,-1.9537,29.62,23.58,10.00,14.00,45.2000,80.00,1.0,0.0
1421,-1.3491,43.27,43.27,8.00,8.00,45.2000,80.00,1.0,0.0
1422,-1.2671,15.94,15.94,3.00,3.00,45.2000,80.00,1.0,0.0
1423,-2.5943,24.62,28.91,20.50,15.00,45.2000,80.00,1.0,0.0
1424,-1.0814,18.76,18.76,10.00,10.00,45.2000,80.00,1.0,0.0
1425,-2.4072,39.12,53.81,10.00,14.00,33.9000,60.00,1.0,0.0
1426,-2.0292,28.61,28.61,14.00,14.00,33.9000,60.00,1.0,0.0
1427,-3.8500,50.00,50.00,50.00,50.00,27.2000,50.00,1.0,0.0
1428,-2.5810,23.73,23.73,20.50,20.50,33.9000,60.00,1.0,0.0
1429,-2.4528,51.19,48.66,15.70,25.00,45.2000,80.00,1.0,0.0
1430,-1.9856,17.93,17.93,14.00,14.00,22.6000,40.00,1.0,0.0
1431,-0.8532,10.21,10.21,8.00,8.00,22.6000,40.00,1.0,0.0
1432,-1.1259,25.06,25.06,3.00,3.00,27.2000,50.00,1.0,0.0
1433,-2.2857,52.38,52.38,12.00,12.00,27.2000,50.00,1.0,0.0
1434,-0.7601,22.00,22.00,2.60,2.60,33.9000,60.00,1.0,0.0
1435,-2.0469,29.79,27.72,14.00,14.00,27.2000,50.00,1.0,0.0
1436,-2.1444,29.63,26.15,10.00,14.00,45.2000,80.00,1.0,0.0
1437,-2.2154,51.03,51.64,5.00,5.00,33.9000,60.00,1.0,0.0
1438,-229.1052,97.02,97.02,2.00,2.00,45.2000,80.00,1.0,0.0
1439,-1.7204,17.03,27.01,11.30,11.90,45.2000,80.00,1.0,0.0
1440,-2.1239,28.26,29.49,10.00,14.00,45.2000,80.00,1.0,0.0
1441,-3.2776,48.32,48.32,8.00,8.00,33.9000,60.00,1.0,0.0
1442,-3.2992,29.94,89.34,21.00,17.00,45.2000,80.00,1.0,0.0
1443,-1.0251,18.34,24.90,3.00,3.00,33.9000,60.00,1.0,0.0
1444,-2.0958,12.05,23.47,20.30,20.50,33.9000,60.00,1.0,0.0
1445,-2.3852,50.76,44.33,10.00,14.00,45.2000,80.00,1.0,0.0
1446,-0.9345,15.63,15.63,8.00,8.00,22.6000,40.00,1.0,0.0
1447,-3.8500,50.00,50.00,50.00,50.00,45.2000,80.00,1.0,0.0
1448,-1.3219,11.46,11.46,11.00,11.00,45.2000,80.00,1.0,0.0
1449,-1.1851,45.34,45.34,4.10,4.10,33.9000,60.00,1.0,0.0
1450,-1.0403,22.69,22.69,8.00,8.00,27.2000,50.00,1.0,0.0
1451,-2.0141,27.60,27.54,14.00,14.00,33.9000,60.00,1.0,0.0
1452,-1.7516,20.11,20.11,5.00,5.00,33.9000,60.00,1.0,0.0
1453,-1.0656,42.71,42.71,2.50,2.50,38.5000,70.00,1.0,0.0
1454,-1.5100,22.18,22.18,5.00,5.00,45.2000,80.00,1.0,0.0
1455,-0.8822,12.14,12.14,8.00,8.00,27.2000,50.00,1.0,0.0
1456,-0.9470,16.47,16.47,8.00,8.00,45.2000,80.00,1.0,0.0
1457,-2.5223,48.15,54.15,12.00,13.50,33.9000,60.00,1.0,0.0
1458,-75.5204,89.00,89.00,2.00,2.00,33.9000,60.00,1.0,0.0
1459,-1.7952,18.68,18.68,18.30,18.30,33.9000,60.00,1.0,0.0
1460,-0.9452,16.35,16.35,8.00,8.00,33.9000,60.00,1.0,0.0
1461,-2.4953,50.83,50.83,8.00,8.00,45.2000,80.00,1.0,0.0
1462,-1.3658,14.38,14.38,11.00,11.00,22.6000,40.00,1.0,0.0
1463,-1.5112,29.08,29.08,9.50,9.50,33.9000,60.00,1.0,0.0
1464,-1.4207,17.38,12.70,11.20,16.60,45.2000,80.00,1.0,0.0
1465,-2.4928,52.85,44.48,10.00,14.00,33.9000,60.00,1.0,0.0
1466,-157.7251,22.71,22.71,14.00,14.00,45.2000,80.00,1.0,0.0
1467,-4.6000,50.00,50.00,53.00,53.00,22.6000,40.00,1.0,0.0
1468,-1.8059,23.73,29.06,5.00,5.00,22.6000,40.00,1.0,0.0
1469,-1.2057,48.38,48.38,3.60,3.60,33.9000,60.00,1.0,0.0
1470,-0.8850,12.33,12.33,8.00,8.00,33.9000,60.00,1.0,0.0
1471,-0.8771,11.81,11.81,8.00,8.00,27.2000,50.00,1.0,0.0
1472,-2.6043,25.28,25.28,20.50,20.50,22.6000,40.00,1.0,0.0
1473,-2.1178,44.52,50.17,5.00,5.00,38.5000,70.00,1.0,0.0
1474,-1.1671,28.81,28.81,8.70,8.70,38.5000,70.00,1.0,0.0
1475,-1.0510,23.40,23.40,8.00,8.00,27.2000,50.00,1.0,0.0
1476,-2.0968,26.46,23.00,10.00,8.00,22.6000,40.00,1.0,0.0
1477,-1.5549,53.66,54.32,3.00,3.00,45.2000,80.00,1.0,0.0
1478,-0.6691,11.27,11.27,4.00,4.00,33.9000,60.00,1.0,0.0
1479,-1.7263,27.09,27.09,14.40,14.40,33.9000,60.00,1.0,0.0
1480,-2.0566,23.77,13.53,10.00,8.00,45.2000,80.00,1.0,0.0
1481,-2.4852,52.34,35.43,10.00,8.00,33.9000,60.00,1.0,0.0
1482,-2.4302,27.01,96.01,24.50,14.00,22.6000,40.00,1.0,0.0
1483,-3.5798,28.65,50.00,27.00,83.50,33.9000,60.00,1.0,0.0
1484,-0.8440,22.93,22.93,4.00,4.00,33.9000,60.00,1.0,0.0
1485,-2.4997,53.31,48.34,10.00,14.00,22.6000,40.00,1.0,0.0
1486,-0.8681,11.21,11.21,8.00,8.00,22.6000,40.00,1.0,0.0
1487,-0.8554,18.69,18.69,5.50,5.50,22.6000,40.00,1.0,0.0
1488,-3.4317,27.12,28.80,24.50,24.50,22.6000,40.00,1.0,0.0
1489,-2.6422,36.88,36.88,9.50,9.50,33.9000,60.00,1.0,0.0
1490,-1.9371,22.47,22.47,14.00,14.00,33.9000,60.00,1.0,0.0
1491,-2.0210,28.07,24.18,14.00,14.00,38.5000,70.00,1.0,0.0
1492,-0.9868,29.56,17.25,2.00,2.00,22.6000,40.00,1.0,0.0
1493,-1.0721,39.81,39.81,3.50,3.50,27.2000,50.00,1.0,0.0
1494,-2.4273,23.44,23.44,2.40,2.40,38.5000,70.00,1.0,0.0
1495,-2.0131,27.54,18.17,14.00,14.00,22.6000,40.00,1.0,0.0
1496,-1.0005,20.03,20.03,8.00,8.00,22.6000,40.00,1.0,0.0
1497,-1.3882,45.88,51.46,2.00,2.00,22.6000,40.00,1.0,0.0
1498,-0.7470,21.47,21.47,2.50,2.50,45.2000,80.00,1.0,0.0
1499,-1.6865,16.10,23.66,10.90,9.10,45.2000,80.00,1.0,0.0
1500,-0.9731,18.21,18.21,8.00,8.00,22.6000,40.00,1.0,0.0
1501,-2.3942,52.16,52.95,14.00,14.00,45.2000,80.00,1.0,0.0
1502,-180.4026,17.37,17.37,14.00,14.00,33.9000,60.00,1.0,0.0
1503,-3.8500,50.00,50.00,50.00,50.00,45.2000,80.00,1.0,0.0
1504,-1.6326,23.51,23.51,13.60,13.60,45.2000,80.00,1.0,0.0
1505,-2.5059,53.73,49.58,10.00,14.00,33.9000,60.00,1.0,0.0
1506,-1.9512,23.41,23.41,14.00,14.00,45.2000,80.00,1.0,0.0
1507,-4.6000,50.00,50.00,53.00,53.00,22.6000,40.00,1.0,0.0
1508,-2.8453,24.69,24.69,19.50,19.50,33.9000,60.00,1.0,0.0
1509,-1.6850,46.33,46.33,7.80,7.80,22.6000,40.00,1.0,0.0
1510,-1.0822,25.48,25.48,8.00,8.00,45.2000,80.00,1.0,0.0
1511,-1.8513,16.76,16.76,14.00,14.00,22.6000,40.00,1.0,0.0
1512,-0.8879,20.86,20.86,5.50,5.50,38.5000,70.00,1.0,0.0
1513,-1.4715,49.64,46.76,2.00,2.00,22.6000,40.00,1.0,0.0
1514,-1.9226,27.17,27.17,18.30,18.30,38.5000,70.00,1.0,0.0
1515,-0.9019,13.46,13.46,8.00,8.00,27.2000,50.00,1.0,0.0
1516,-1.9517,16.78,22.61,10.00,8.00,45.2000,80.00,1.0,0.0
1517,-4.2658,50.29,50.29,11.00,11.00,45.2000,80.00,1.0,0.0
1518,-100.8239,91.67,91.67,5.00,5.00,45.2000,80.00,1.0,0.0
1519,-2.8367,19.12,50.00,27.00,55.10,45.2000,80.00,1.0,0.0
1520,-2.1495,29.97,29.97,10.00,14.00,45.2000,80.00,1.0,0.0
1521,-2.4418,49.45,50.56,10.00,8.00,33.9000,60.00,1.0,0.0
1522,-0.8139,17.59,17.59,5.00,5.00,33.9000,60.00,1.0,0.0
1523,-0.6712,16.42,16.42,2.50,2.50,33.9000,60.00,1.0,0.0
1524,-3.2057,27.38,29.55,18.10,35.50,45.2000,80.00,1.0,0.0
1525,-2.4216,48.11,51.02,10.00,14.00,33.9000,60.00,1.0,0.0
1526,-2.9035,23.77,23.77,8.00,8.00,33.9000,60.00,1.0,0.0
1527,-0.5916,11.11,11.11,2.50,2.50,33.9000,60.00,1.0,0.0
1528,-2.6747,29.98,29.98,20.50,20.50,33.9000,60.00,1.0,0.0
1529,-1.5434,45.89,45.89,5.10,5.10,33.9000,60.00,1.0,0.0
1530,-1.0659,24.39,24.39,8.00,8.00,45.2000,80.00,1.0,0.0
1531,-2.0432,29.55,24.11,14.00,14.00,22.6000,40.00,1.0,0.0
1532,-1.0036,16.91,16.91,3.00,3.00,22.6000,40.00,1.0,0.0
1533,-2.7758,51.72,54.90,16.00,17.00,38.5000,70.00,1.0,0.0
1534,-2.2838,20.25,89.22,15.60,20.40,33.9000,60.00,1.0,0.0
1535,-1.0738,50.00,24.92,56.00,8.00,33.9000,60.00,1.0,0.0
1536,-2.1274,28.49,27.66,10.00,8.00,33.9000,60.00,1.0,0.0
1537,-1.2885,39.23,47.29,2.00,2.00,22.6000,40.00,1.0,0.0
1538,-217.2534,96.78,96.78,2.00,2.00,22.6000,40.00,1.0,0.0
1539,-1.7302,25.68,50.00,8.90,56.10,33.9000,60.00,1.0,0.0
1540,-2.1460,29.73,13.97,10.00,8.00,33.9000,60.00,1.0,0.0
1541,-3.3197,54.65,43.88,10.00,8.00,33.9000,60.00,1.0,0.0
1542,-130.5133,29.88,29.88,20.50,20.50,33.9000,60.00,1.0,0.0
1543,-4.6000,50.00,50.00,53.00,53.00,33.9000,60.00,1.0,0.0
1544,-1.6147,29.67,26.64,14.20,12.30,33.9000,60.00,1.0,0.0
1545,-2.5162,54.41,36.26,10.00,8.00,45.2000,80.00,1.0,0.0
1546,-1.0084,20.56,20.56,8.00,8.00,45.2000,80.00,1.0,0.0
1547,-2.3136,29.24,20.65,13.50,9.00,27.2000,50.00,1.0,0.0
1548,-1.8684,27.89,26.30,5.00,5.00,22.6000,40.00,1.0,0.0
1549,-2.4237,46.25,47.46,16.60,17.70,33.9000,60.00,1.0,0.0
1550,-2.0291,28.60,28.60,14.00,14.00,45.2000,80.00,1.0,0.0
1551,-4.7500,24.11,12.04,20.00,8.00,27.2000,50.00,1.0,0.0
1552,-1.8739,28.26,26.25,5.00,5.00,22.6000,40.00,1.0,0.0
1553,-1.5216,46.44,46.44,4.50,4.50,22.6000,40.00,1.0,0.0
1554,-0.8080,21.20,21.20,3.80,3.80,38.5000,70.00,1.0,0.0
1555,-6.1500,28.21,28.21,14.00,14.00,22.6000,40.00,1.0,0.0
1556,-1.8922,19.48,26.86,14.00,14.00,22.6000,40.00,1.0,0.0
1557,-1.3455,43.03,50.83,2.00,2.00,22.6000,40.00,1.0,0.0
1558,-2.8223,28.15,89.03,18.00,16.50,45.2000,80.00,1.0,0.0
1559,-1.5275,16.17,16.17,13.70,13.70,22.6000,40.00,1.0,0.0
1560,-2.9350,29.00,27.89,20.00,8.00,22.6000,40.00,1.0,0.0
1561,-2.4323,47.70,52.07,14.00,14.00,22.6000,40.00,1.0,0.0
1562,-0.5955,13.03,13.03,2.00,2.00,45.2000,80.00,1.0,0.0
1563,-4.6000,50.00,50.00,53.00,53.00,22.6000,40.00,1.0,0.0
1564,-1.3257,24.38,22.82,7.20,5.80,33.9000,60.00,1.0,0.0
1565,-2.5081,53.88,47.64,10.00,14.00,45.2000,80.00,1.0,0.0
1566,-1.8820,18.80,18.80,14.00,14.00,22.6000,40.00,1.0,0.0
1567,-3.8500,50.00,50.00,50.00,50.00,22.6000,40.00,1.0,0.0
1568,-1.8563,27.27,27.27,5.00,5.00,45.2000,80.00,1.0,0.0
1569,-1.9216,45.11,53.86,12.90,14.10,22.6000,40.00,1.0,0.0
1570,-0.9605,17.37,17.37,8.00,8.00,45.2000,80.00,1.0,0.0
1571,-1.8940,19.60,19.60,14.00,14.00,38.5000,70.00,1.0,0.0
1572,-0.8725,26.66,11.50,2.00,2.00,27.2000,50.00,1.0,0.0
1573,-1.3784,51.89,51.89,6.00,6.00,22.6000,40.00,1.0,0.0
1574,-0.9410,19.40,19.40,7.00,7.00,38.5000,70.00,1.0,0.0
1575,-2.0269,28.46,23.53,14.00,14.00,27.2000,50.00,1.0,0.0
1576,-1.1388,29.25,29.25,8.00,8.00,22.6000,40.00,1.0,0.0
1577,-2.1658,47.72,53.58,5.00,5.00,33.9000,60.00,1.0,0.0
1578,-2.4304,27.03,96.65,16.50,14.00,33.9000,60.00,1.0,0.0
1579,-1.3213,29.76,29.76,5.50,5.50,45.2000,80.00,1.0,0.0
1580,-3.5237,27.49,21.65,10.00,14.00,22.6000,40.00,1.0,0.0
1581,-1.4755,51.70,51.70,8.00,8.00,45.2000,80.00,1.0,0.0
1582,-0.6827,15.52,15.52,3.00,3.00,33.9000,60.00,1.0,0.0
1583,-1.3730,26.54,26.54,7.50,7.50,45.2000,80.00,1.0,0.0
1584,-2.2434,18.07,18.07,7.10,7.10,33.9000,60.00,1.0,0.0
1585,-2.4870,52.47,53.06,10.00,14.00,22.6000,40.00,1.0,0.0
1586,-2.9326,27.91,27.91,8.00,8.00,22.6000,40.00,1.0,0.0
1587,-6.4750,50.00,50.00,84.50,84.50,22.6000,40.00,1.0,0.0
1588,-2.2442,29.62,29.62,18.00,18.00,22.6000,40.00,1.0,0.0
1589,-1.0781,39.87,39.87,3.60,3.60,45.2000,80.00,1.0,0.0
1590,-0.8597,10.65,10.65,8.00,8.00,45.2000,80.00,1.0,0.0
1591,-1.0235,21.57,21.57,8.00,8.00,38.5000,70.00,1.0,0.0
1592,-0.9486,16.57,16.57,2.00,2.00,38.5000,70.00,1.0,0.0
1593,-1.1495,36.63,36.63,6.00,6.00,38.5000,70.00,1.0,0.0
1594,-3.3475,27.83,27.83,28.60,26.30,27.2000,50.00,1.0,0.0
1595,-0.9276,15.18,15.18,8.00,8.00,22.6000,40.00,1.0,0.0
1596,-0.9838,18.92,18.92,8.00,8.00,45.2000,80.00,1.0,0.0
1597,-2.0960,43.07,48.83,5.00,5.00,45.2000,80.00,1.0,0.0
1598,-1.2808,23.72,23.72,6.50,6.50,22.6000,40.00,1.0,0.0
1599,-1.5414,28.76,24.26,10.20,15.40,22.6000,40.00,1.0,0.0
1600,-0.9000,13.33,13.33,8.00,8.00,22.6000,40.00,1.0,0.0
1601,-2.5025,53.50,54.06,10.00,14.00,45.2000,80.00,1.0,0.0
1602,-1.2428,21.19,21.19,6.50,6.50,33.9000,60.00,1.0,0.0
1603,-0.7301,18.67,18.67,3.00,3.00,22.6000,40.00,1.0,0.0
1604,-2.4531,18.17,18.17,13.10,13.10,45.2000,80.00,1.0,0.0
1605,-1.4832,52.21,52.21,8.00,8.00,22.6000,40.00,1.0,0.0
1606,-280.5858,28.91,28.91,14.00,14.00,45.2000,80.00,1.0,0.0
1607,-1.4947,22.98,22.98,11.00,11.00,33.9000,60.00,1.0,0.0
1608,-1.8980,21.53,21.53,13.50,13.50,33.9000,60.00,1.0,0.0
1609,-2.3646,49.98,51.25,14.30,14.20,22.6000,40.00,1.0,0.0
1610,-1.9872,25.81,25.81,14.00,14.00,22.6000,40.00,1.0,0.0
1611,-1.8848,18.99,18.99,14.00,14.00,38.5000,70.00,1.0,0.0
1612,-0.9281,21.88,21.88,6.00,6.00,38.5000,70.00,1.0,0.0
1613,-2.3747,51.65,51.65,14.00,14.00,27.2000,50.00,1.0,0.0
1614,-1.1513,25.75,25.75,9.30,9.30,38.5000,70.00,1.0,0.0
1615,-1.0762,25.08,25.08,8.00,8.00,22.6000,40.00,1.0,0.0
1616,-1.0075,20.50,20.50,8.00,8.00,33.9000,60.00,1.0,0.0
1617,-1.9282,51.88,51.88,11.00,11.00,33.9000,60.00,1.0,0.0
1618,-1.0872,22.48,22.48,3.00,3.00,45.2000,80.00,1.0,0.0
1619,-0.8702,29.01,29.01,2.70,2.70,33.9000,60.00,1.0,0.0
1620,-1.9156,14.37,25.49,10.00,14.00,22.6000,40.00,1.0,0.0
1621,-1.4179,47.86,47.86,8.00,8.00,22.6000,40.00,1.0,0.0
1622,-1.7157,27.71,27.71,14.00,14.00,22.6000,40.00,1.0,0.0
1623,-1.8304,28.69,28.69,10.00,10.00,33.9000,60.00,1.0,0.0
1624,-1.4362,20.41,26.09,10.60,4.00,33.9000,60.00,1.0,0.0
1625,-2.2025,40.16,53.98,14.00,14.00,22.6000,40.00,1.0,0.0
1626,-1.0312,22.08,22.08,8.00,8.00,45.2000,80.00,1.0,0.0
1627,-1.4593,20.62,20.62,11.00,11.00,45.2000,80.00,1.0,0.0
1628,-2.9701,29.68,28.45,20.50,20.50,33.9000,60.00,1.0,0.0
1629,-2.1370,53.82,43.14,10.10,17.80,22.6000,40.00,1.0,0.0
1630,-1.8219,14.79,14.79,14.00,14.00,33.9000,60.00,1.0,0.0
1631,-1.9195,21.30,21.30,14.00,14.00,38.5000,70.00,1.0,0.0
1632,-3.4476,28.18,26.80,24.50,24.50,22.6000,40.00,1.0,0.0
1633,-1.0872,39.15,39.15,4.00,4.00,22.6000,40.00,1.0,0.0
1634,-1.0070,15.80,15.80,9.40,9.40,38.5000,70.00,1.0,0.0
1635,-4.7500,10.35,10.35,8.00,8.00,38.5000,70.00,1.0,0.0
1636,-2.0871,25.80,29.89,10.00,14.00,33.9000,60.00,1.0,0.0
1637,-2.1480,46.53,54.24,5.00,5.00,45.2000,80.00,1.0,0.0
1638,-84.8313,89.97,89.97,16.50,16.50,22.6000,40.00,1.0,0.0
1639,-2.0812,22.59,26.75,12.60,15.60,45.2000,80.00,1.0,0.0
1640,-2.1285,28.56,22.19,10.00,14.00,22.6000,40.00,1.0,0.0
1641,-1.2459,36.39,36.39,8.00,8.00,33.9000,60.00,1.0,0.0
1642,-208.5088,96.58,96.58,2.00,2.00,33.9000,60.00,1.0,0.0
1643,-0.9114,24.09,24.09,5.00,5.00,22.6000,40.00,1.0,0.0
1644,-1.2944,22.63,19.84,7.10,12.00,33.9000,60.00,1.0,0.0
1645,-1.4172,47.81,47.81,8.00,8.00,22.6000,40.00,1.0,0.0
1646,-0.8629,10.86,10.86,8.00,8.00,27.2000,50.00,1.0,0.0
1647,-4.6000,50.00,50.00,53.00,53.00,22.6000,40.00,1.0,0.0
1648,-4.3036,23.23,23.23,8.50,8.50,22.6000,40.00,1.0,0.0
1649,-2.1569,51.79,46.75,9.60,12.30,33.9000,60.00,1.0,0.0
1650,-0.8969,13.13,13.13,8.00,8.00,45.2000,80.00,1.0,0.0
1651,-2.0496,29.97,29.97,14.00,14.00,33.9000,60.00,1.0,0.0
1652,-0.7403,21.02,21.02,2.50,2.50,27.2000,50.00,1.0,0.0
1653,-2.2174,51.16,53.40,5.00,5.00,38.5000,70.00,1.0,0.0
1654,-3.6122,11.17,11.17,8.90,8.90,22.6000,40.00,1.0,0.0
1655,-1.9852,25.68,29.42,14.00,14.00,22.6000,40.00,1.0,0.0
1656,-2.1315,28.77,27.65,10.00,14.00,33.9000,60.00,1.0,0.0
1657,-1.4376,49.17,49.17,2.00,2.00,45.2000,80.00,1.0,0.0
1658,-2.4732,28.21,95.63,24.50,14.00,33.9000,60.00,1.0,0.0
1659,-1.9977,28.51,22.40,13.40,26.50,33.9000,60.00,1.0,0.0
1660,-2.1477,29.84,19.14,10.00,14.00,45.2000,80.00,1.0,0.0
1661,-1.3860,45.73,45.73,8.00,8.00,45.2000,80.00,1.0,0.0
1662,-1.8121,15.81,15.81,13.50,13.50,45.2000,80.00,1.0,0.0
1663,-2.1545,23.63,50.00,12.00,78.50,33.9000,60.00,1.0,0.0
1664,-2.0651,24.01,28.17,16.10,17.80,45.2000,80.00,1.0,0.0
1665,-1.3702,44.68,44.68,8.00,8.00,45.2000,80.00,1.0,0.0
1666,-2.9443,27.02,27.02,8.00,8.00,33.9000,60.00,1.0,0.0
1667,-0.8478,23.19,23.19,4.00,4.00,22.6000,40.00,1.0,0.0
1668,-2.1288,26.92,26.92,16.50,16.50,33.9000,60.00,1.0,0.0
1669,-1.1599,44.66,44.66,3.80,3.80,45.2000,80.00,1.0,0.0
1670,-0.9393,15.95,15.95,8.00,8.00,22.6000,40.00,1.0,0.0
1671,-2.0093,27.29,27.29,14.00,14.00,22.6000,40.00,1.0,0.0
1672,-1.1206,28.04,27.51,2.00,2.00,22.6000,40.00,1.0,0.0
1673,-1.4978,53.18,44.89,2.00,2.00,38.5000,70.00,1.0,0.0
1674,-163.0672,22.99,22.99,15.90,15.90,33.9000,60.00,1.0,0.0
1675,-4.7500,17.95,17.95,8.00,8.00,38.5000,70.00,1.0,0.0
1676,-2.0978,26.52,27.88,10.00,14.00,45.2000,80.00,1.0,0.0
1677,-2.7384,49.23,54.00,16.00,17.00,22.6000,40.00,1.0,0.0
1678,-261.5097,97.58,97.58,5.00,5.00,22.6000,40.00,1.0,0.0
1679,-1.2955,18.70,23.57,8.30,11.30,33.9000,60.00,1.0,0.0
1680,-2.0539,23.59,24.52,10.00,14.00,45.2000,80.00,1.0,0.0
1681,-2.4845,40.65,54.93,14.00,14.00,33.9000,60.00,1.0,0.0
1682,-82.7747,89.83,89.83,5.00,5.00,33.9000,60.00,1.0,0.0
1683,-4.6000,50.00,50.00,53.00,53.00,33.9000,60.00,1.0,0.0
1684,-2.5746,22.97,22.97,26.60,26.60,45.2000,80.00,1.0,0.0
1685,-2.5036,46.88,46.88,8.00,8.00,33.9000,60.00,1.0,0.0
1686,-1.1064,27.09,27.09,8.00,8.00,22.6000,40.00,1.0,0.0
1687,-1.1100,24.00,24.00,3.00,3.00,33.9000,60.00,1.0,0.0
1688,-1.0968,26.45,16.05,2.00,2.00,22.6000,40.00,1.0,0.0
1689,-1.8613,38.83,38.83,9.90,9.90,38.5000,70.00,1.0,0.0
1690,-1.0996,26.64,26.64,8.00,8.00,22.6000,40.00,1.0,0.0
1691,-1.1247,28.32,28.32,8.00,8.00,45.2000,80.00,1.0,0.0
1692,-1.8876,29.60,29.17,5.00,5.00,22.6000,40.00,1.0,0.0
1693,-1.4251,48.34,49.05,2.00,2.00,38.5000,70.00,1.0,0.0
1694,-1.4165,20.43,20.43,10.20,10.20,38.5000,70.00,1.0,0.0
1695,-0.8954,13.02,13.02,8.00,8.00,38.5000,70.00,1.0,0.0
1696,-2.9187,27.82,27.82,8.00,8.00,33.9000,60.00,1.0,0.0
1697,-1.0910,36.07,36.07,5.00,5.00,22.6000,40.00,1.0,0.0
1698,-87.7216,90.40,90.40,5.00,5.00,22.6000,40.00,1.0,0.0
1699,-0.8231,18.54,18.54,4.90,4.90,45.2000,80.00,1.0,0.0
1700,-1.0076,20.51,20.51,8.00,8.00,45.2000,80.00,1.0,0.0
1701,-2.4640,50.93,49.11,10.00,14.00,45.2000,80.00,1.0,0.0
1702,-1.8238,28.25,28.25,10.00,10.00,22.6000,40.00,1.0,0.0
1703,-4.6000,50.00,50.00,53.00,53.00,45.2000,80.00,1.0,0.0
1704,-2.2380,17.87,17.87,21.40,21.40,33.9000,60.00,1.0,0.0
1705,-2.4712,51.42,50.56,10.00,14.00,45.2000,80.00,1.0,0.0
1706,-1.0464,23.09,23.09,8.00,8.00,22.6000,40.00,1.0,0.0
1707,-3.0529,26.86,50.00,23.00,83.00,33.9000,60.00,1.0,0.0
1708,-1.8346,28.97,28.97,10.00,10.00,33.9000,60.00,1.0,0.0
1709,-2.6259,50.06,48.50,19.50,26.10,45.2000,80.00,1.0,0.0
1710,-1.9671,24.47,18.68,14.00,14.00,27.2000,50.00,1.0,0.0
1711,-1.1332,28.88,28.88,8.00,8.00,22.6000,40.00,1.0,0.0
1712,-1.1301,28.67,28.67,2.00,2.00,38.5000,70.00,1.0,0.0
1713,-1.3329,42.19,49.20,2.00,2.00,27.2000,50.00,1.0,0.0
1714,-3.0768,22.09,22.09,7.60,7.60,33.9000,60.00,1.0,0.0
1715,-1.0405,22.70,22.70,8.00,8.00,27.2000,50.00,1.0,0.0
1716,-1.0280,21.87,21.87,8.00,8.00,33.9000,60.00,1.0,0.0
1717,-2.1016,46.77,52.14,10.00,11.00,45.2000,80.00,1.0,0.0
1718,-162.8231,86.80,86.80,2.00,2.00,22.6000,40.00,1.0,0.0
1719,-1.6984,22.56,22.56,15.20,15.20,22.6000,40.00,1.0,0.0
1720,-2.0891,25.94,19.19,10.00,14.00,45.2000,80.00,1.0,0.0
1721,-2.3272,52.58,54.87,10.00,14.00,45.2000,80.00,1.0,0.0
1722,-94.6362,91.18,91.18,2.00,2.00,22.6000,40.00,1.0,0.0
1723,-3.8500,50.00,50.00,50.00,50.00,22.6000,40.00,1.0,0.0
1724,-2.8129,29.19,24.30,23.50,29.30,33.9000,60.00,1.0,0.0
1725,-1.5120,54.14,54.14,8.00,8.00,45.2000,80.00,1.0,0.0
1726,-109.1824,29.74,20.36,14.00,14.00,22.6000,40.00,1.0,0.0
1727,-3.8500,50.00,50.00,50.00,50.00,33.9000,60.00,1.0,0.0
1728,-2.4308,27.05,27.05,13.50,13.50,33.9000,60.00,1.0,0.0
1729,-2.1375,50.16,50.16,15.70,15.70,33.9000,60.00,1.0,0.0
1730,-1.1270,28.47,28.47,8.00,8.00,33.9000,60.00,1.0,0.0
1731,-0.8950,13.00,13.00,8.00,8.00,27.2000,50.00,1.0,0.0
1732,-0.6652,17.68,17.68,2.00,2.00,38.5000,70.00,1.0,0.0
1733,-2.6447,39.65,49.81,17.00,14.00,38.5000,70.00,1.0,0.0
1734,-1.0424,24.16,24.16,7.60,7.60,22.6000,40.00,1.0,0.0
1735,-0.8724,11.49,11.49,8.00,8.00,38.5000,70.00,1.0,0.0
1736,-0.8964,13.10,13.10,8.00,8.00,45.2000,80.00,1.0,0.0
1737,-1.2308,48.72,48.72,4.00,4.00,22.6000,40.00,1.0,0.0
1738,-202.1466,96.42,96.42,2.00,2.00,33.9000,60.00,1.0,0.0
1739,-0.8766,25.11,25.11,4.00,4.00,22.6000,40.00,1.0,0.0
1740,-0.9603,17.35,17.35,8.00,8.00,45.2000,80.00,1.0,0.0
1741,-2.4181,47.87,54.08,10.00,14.00,33.9000,60.00,1.0,0.0
1742,-3.5368,25.79,93.47,27.00,22.00,45.2000,80.00,1.0,0.0
1743,-1.7858,25.72,29.69,10.00,11.00,22.6000,40.00,1.0,0.0
1744,-2.1298,23.32,23.32,17.60,17.60,45.2000,80.00,1.0,0.0
1745,-2.3667,54.41,54.41,10.00,14.00,22.6000,40.00,1.0,0.0
1746,-1.8258,15.06,15.06,14.00,14.00,45.2000,80.00,1.0,0.0
1747,-1.1546,26.97,27.57,3.00,3.00,22.6000,40.00,1.0,0.0
1748,-2.3704,24.69,24.69,16.00,17.00,45.2000,80.00,1.0,0.0
1749,-1.8107,53.38,53.38,8.20,8.20,22.6000,40.00,1.0,0.0
1750,-1.9505,23.36,23.36,14.00,14.00,33.9000,60.00,1.0,0.0
1751,-1.9827,25.52,22.54,14.00,14.00,22.6000,40.00,1.0,0.0
1752,-1.1124,27.49,14.84,2.00,2.00,27.2000,50.00,1.0,0.0
1753,-2.4102,40.68,40.68,18.00,18.00,27.2000,50.00,1.0,0.0
1754,-2.2453,24.69,24.69,25.70,19.50,27.2000,50.00,1.0,0.0
1755,-1.0371,22.47,22.47,8.00,8.00,38.5000,70.00,1.0,0.0
1756,-1.8910,20.91,20.91,10.00,14.00,22.6000,40.00,1.0,0.0
1757,-1.9012,50.08,50.08,11.00,11.00,45.2000,80.00,1.0,0.0
1758,-3.4288,26.92,96.91,24.50,13.50,22.6000,40.00,1.0,0.0
1759,-2.2308,22.38,50.00,19.90,58.60,33.9000,60.00,1.0,0.0
1760,-2.1173,27.82,23.26,10.00,14.00,22.6000,40.00,1.0,0.0
1761,-2.3996,46.64,46.64,10.00,14.00,22.6000,40.00,1.0,0.0
1762,-141.3743,26.80,91.49,21.00,17.00,22.6000,40.00,1.0,0.0
1763,-2.0806,23.71,23.71,16.50,16.50,33.9000,60.00,1.0,0.0
1764,-2.3679,22.78,22.78,4.70,4.70,22.6000,40.00,1.0,0.0
1765,-1.3206,41.37,41.37,8.00,8.00,33.9000,60.00,1.0,0.0
1766,-0.9005,13.37,13.37,8.00,8.00,22.6000,40.00,1.0,0.0
1767,-3.8500,50.00,50.00,50.00,50.00,33.9000,60.00,1.0,0.0
1768,-1.8313,25.42,22.94,5.00,5.00,45.2000,80.00,1.0,0.0
1769,-2.3909,49.73,40.80,14.90,16.10,33.9000,60.00,1.0,0.0
1770,-0.9504,16.69,16.69,8.00,8.00,33.9000,60.00,1.0,0.0
1771,-0.9639,17.59,17.59,8.00,8.00,38.5000,70.00,1.0,0.0
1772,-2.1740,24.93,24.93,18.00,18.00,38.5000,70.00,1.0,0.0
1773,-2.2572,48.25,53.81,5.00,5.00,22.6000,40.00,1.0,0.0
1774,-1.7414,21.42,21.42,16.40,16.40,22.6000,40.00,1.0,0.0
1775,-0.9652,17.68,17.68,8.00,8.00,38.5000,70.00,1.0,0.0
1776,-1.9278,21.85,21.85,14.00,14.00,22.6000,40.00,1.0,0.0
1777,-1.3856,45.70,50.03,2.00,2.00,22.6000,40.00,1.0,0.0
1778,-71.8071,88.35,88.35,5.00,5.00,45.2000,80.00,1.0,0.0
1779,-1.1267,27.78,27.78,8.20,8.20,45.2000,80.00,1.0,0.0
1780,-2.0063,27.09,27.09,14.00,14.00,45.2000,80.00,1.0,0.0
1781,-1.3235,41.57,41.57,8.00,8.00,45.2000,80.00,1.0,0.0
1782,-224.7827,97.11,97.11,5.00,5.00,33.9000,60.00,1.0,0.0
1783,-1.7832,25.55,25.55,10.00,10.00,22.6000,40.00,1.0,0.0
1784,-2.9097,24.98,24.98,7.20,7.20,22.6000,40.00,1.0,0.0
1785,-2.4780,51.87,49.56,10.00,14.00,22.6000,40.00,1.0,0.0
1786,-2.0396,16.44,29.31,14.00,14.00,33.9000,60.00,1.0,0.0
1787,-6.2500,50.00,50.00,80.00,84.50,45.2000,80.00,1.0,0.0
1788,-2.8266,26.77,29.74,18.50,19.50,33.9000,60.00,1.0,0.0
1789,-2.0698,54.99,47.89,12.90,13.00,45.2000,80.00,1.0,0.0
1790,-256.0489,28.62,24.95,14.00,14.00,45.2000,80.00,1.0,0.0
1791,-4.7500,15.41,15.41,8.00,8.00,27.2000,50.00,1.0,0.0
1792,-1.1212,24.75,21.58,3.00,3.00,27.2000,50.00,1.0,0.0
1793,-2.8092,53.95,47.94,16.00,17.00,27.2000,50.00,1.0,0.0
1794,-1.6067,29.78,29.78,11.20,11.20,38.5000,70.00,1.0,0.0
1795,-1.0820,25.46,25.46,8.00,8.00,22.6000,40.00,1.0,0.0
1796,-1.9182,21.21,20.12,14.00,14.00,33.9000,60.00,1.0,0.0
1797,-1.2626,37.51,46.20,2.00,2.00,45.2000,80.00,1.0,0.0
1798,-0.6633,14.22,14.22,3.00,3.00,22.6000,40.00,1.0,0.0
1799,-2.0723,22.82,50.00,16.60,50.00,33.9000,60.00,1.0,0.0
1800,-0.9613,17.42,17.42,8.00,8.00,45.2000,80.00,1.0,0.0
1801,-2.4280,48.53,37.45,10.00,8.00,45.2000,80.00,1.0,0.0
1802,-140.1387,91.70,91.70,2.00,2.00,45.2000,80.00,1.0,0.0
1803,-1.6885,25.90,25.90,14.00,14.00,22.6000,40.00,1.0,0.0
1804,-2.5444,19.86,19.86,5.10,5.10,45.2000,80.00,1.0,0.0
1805,-2.4955,53.03,51.13,10.00,14.00,33.9000,60.00,1.0,0.0
1806,-1.9745,24.97,29.91,14.00,14.00,45.2000,80.00,1.0,0.0
1807,-8.4750,28.38,28.38,5.50,5.50,45.2000,80.00,1.0,0.0
1808,-0.8950,23.00,23.00,5.00,5.00,45.2000,80.00,1.0,0.0
1809,-1.4488,43.58,43.58,9.90,9.90,33.9000,60.00,1.0,0.0
1810,-0.8515,10.10,10.10,8.00,8.00,22.6000,40.00,1.0,0.0
1811,-1.1350,23.87,29.00,20.00,8.00,22.6000,40.00,1.0,0.0
1812,-0.9881,19.21,19.21,2.00,2.00,38.5000,70.00,1.0,0.0
1813,-2.2628,50.85,50.85,12.00,12.00,22.6000,40.00,1.0,0.0
1814,-2.2016,19.21,19.21,7.60,7.60,38.5000,70.00,1.0,0.0
1815,-2.0118,27.45,27.45,14.00,14.00,27.2000,50.00,1.0,0.0
1816,-1.0027,20.18,20.18,8.00,8.00,33.9000,60.00,1.0,0.0
1817,-4.1801,53.68,53.68,20.50,20.50,45.2000,80.00,1.0,0.0
1818,-2.5890,24.27,24.27,20.50,20.50,33.9000,60.00,1.0,0.0
1819,-2.0217,21.44,21.44,16.00,16.00,22.6000,40.00,1.0,0.0
1820,-2.0901,26.01,25.98,10.00,14.00,22.6000,40.00,1.0,0.0
1821,-1.4491,49.94,49.94,8.00,8.00,45.2000,80.00,1.0,0.0
1822,-77.4446,89.26,89.26,2.00,2.00,45.2000,80.00,1.0,0.0
1823,-1.6597,23.98,23.98,14.00,14.00,45.2000,80.00,1.0,0.0
1824,-1.5616,21.78,21.78,12.70,12.70,33.9000,60.00,1.0,0.0
1825,-2.5233,54.89,54.89,10.00,14.00,33.9000,60.00,1.0,0.0
1826,-1.0470,23.13,23.13,8.00,8.00,33.9000,60.00,1.0,0.0
1827,-3.8500,50.00,50.00,50.00,50.00,45.2000,80.00,1.0,0.0
1828,-1.6429,22.86,22.86,14.00,14.00,22.6000,40.00,1.0,0.0
1829,-2.3160,49.40,49.40,13.50,13.50,22.6000,40.00,1.0,0.0
1830,-1.0274,21.83,21.83,8.00,8.00,33.9000,60.00,1.0,0.0
1831,-0.8552,10.35,10.35,8.00,8.00,38.5000,70.00,1.0,0.0
1832,-1.7751,21.67,17.31,5.00,5.00,22.6000,40.00,1.0,0.0
1833,-1.5043,53.62,49.58,2.00,2.00,38.5000,70.00,1.0,0.0
1834,-1.0045,18.63,18.63,8.50,8.50,38.5000,70.00,1.0,0.0
1835,-1.9933,26.22,26.22,14.00,14.00,22.6000,40.00,1.0,0.0
1836,-1.7881,19.39,12.54,10.00,14.00,45.2000,80.00,1.0,0.0
1837,-2.1565,47.10,47.10,5.00,5.00,22.6000,40.00,1.0,0.0
1838,-150.1874,94.69,94.69,5.00,5.00,22.6000,40.00,1.0,0.0
1839,-2.0806,29.70,50.00,14.70,55.20,22.6000,40.00,1.0,0.0
1840,-1.1186,27.91,27.91,8.00,8.00,22.6000,40.00,1.0,0.0
1841,-2.2515,43.43,52.25,14.00,14.00,45.2000,80.00,1.0,0.0
1842,-1.3972,21.48,12.96,9.50,4.00,45.2000,80.00,1.0,0.0
1843,-3.0960,29.74,29.74,23.00,23.00,45.2000,80.00,1.0,0.0
1844,-2.0167,22.45,22.45,15.60,15.60,22.6000,40.00,1.0,0.0
1845,-2.3993,53.29,53.82,14.00,14.00,33.9000,60.00,1.0,0.0
1846,-0.9017,13.45,13.45,8.00,8.00,33.9000,60.00,1.0,0.0
1847,-2.6494,28.29,28.29,20.50,20.50,45.2000,80.00,1.0,0.0
1848,-1.1398,14.32,17.80,6.50,2.50,33.9000,60.00,1.0,0.0
1849,-3.0949,50.66,51.48,22.70,20.70,33.9000,60.00,1.0,0.0
1850,-0.9307,15.38,15.38,8.00,8.00,22.6000,40.00,1.0,0.0
1851,-1.0645,24.30,24.30,8.00,8.00,22.6000,40.00,1.0,0.0
1852,-2.4482,29.88,25.84,16.00,16.50,33.9000,60.00,1.0,0.0
1853,-1.5227,54.84,53.44,2.00,2.00,22.6000,40.00,1.0,0.0
1854,-2.1134,25.56,91.69,16.60,15.80,22.6000,40.00,1.0,0.0
1855,-0.9343,15.62,15.62,8.00,8.00,22.6000,40.00,1.0,0.0
1856,-2.8603,26.54,26.54,8.00,8.00,22.6000,40.00,1.0,0.0
1857,-1.3857,45.71,53.52,2.00,2.00,22.6000,40.00,1.0,0.0
1858,-99.4304,23.33,23.33,7.50,7.50,45.2000,80.00,1.0,0.0
1859,-1.5716,22.78,22.78,12.60,12.60,33.9000,60.00,1.0,0.0
1860,-1.9892,19.28,19.28,10.00,14.00,45.2000,80.00,1.0,0.0
1861,-2.4217,48.11,48.11,10.00,14.00,45.2000,80.00,1.0,0.0
1862,-3.0746,28.31,28.31,23.00,23.00,45.2000,80.00,1.0,0.0
1863,-2.5643,22.62,22.62,20.50,20.50,33.9000,60.00,1.0,0.0
1864,-1.2129,17.19,17.19,7.10,7.10,45.2000,80.00,1.0,0.0
1865,-2.4262,48.41,50.04,10.00,14.00,33.9000,60.00,1.0,0.0
1866,-0.8821,12.14,12.14,8.00,8.00,22.6000,40.00,1.0,0.0
1867,-0.9236,28.24,28.24,4.00,4.00,45.2000,80.00,1.0,0.0
1868,-0.9487,16.58,16.58,2.00,2.00,33.9000,60.00,1.0,0.0
1869,-1.9497,52.98,52.98,11.10,11.10,33.9000,60.00,1.0,0.0
1870,-0.8875,12.50,12.50,8.00,8.00,45.2000,80.00,1.0,0.0
1871,-1.0932,26.21,26.21,8.00,8.00,22.6000,40.00,1.0,0.0
1872,-2.3789,23.59,25.23,16.50,13.50,27.2000,50.00,1.0,0.0
1873,-2.1619,47.46,54.57,5.00,5.00,38.5000,70.00,1.0,0.0
1874,-1.5844,13.63,23.29,15.60,13.60,38.5000,70.00,1.0,0.0
1875,-1.9453,23.02,17.44,14.00,14.00,38.5000,70.00,1.0,0.0
1876,-2.1406,29.37,29.50,10.00,14.00,45.2000,80.00,1.0,0.0
1877,-1.3834,45.56,48.42,2.00,2.00,33.9000,60.00,1.0,0.0
1878,-1.1926,29.50,29.50,3.00,3.00,45.2000,80.00,1.0,0.0
1879,-1.3516,15.44,15.44,10.40,10.40,22.6000,40.00,1.0,0.0
1880,-2.1464,29.76,22.85,10.00,14.00,33.9000,60.00,1.0,0.0
1881,-2.4071,47.14,52.26,10.00,14.00,33.9000,60.00,1.0,0.0
1882,-3.3988,24.92,95.37,24.50,13.50,33.9000,60.00,1.0,0.0
1883,-4.6000,50.00,50.00,53.00,53.00,22.6000,40.00,1.0,0.0
1884,-1.4494,27.96,27.96,8.60,8.60,45.2000,80.00,1.0,0.0
1885,-1.2252,35.01,35.01,8.00,8.00,45.2000,80.00,1.0,0.0
1886,-0.8540,10.26,10.26,8.00,8.00,22.6000,40.00,1.0,0.0
1887,-4.6000,50.00,50.00,53.00,53.00,45.2000,80.00,1.0,0.0
1888,-1.0750,25.00,25.48,2.00,2.00,45.2000,80.00,1.0,0.0
1889,-1.5344,43.96,43.96,5.50,5.50,33.9000,60.00,1.0,0.0
1890,-1.0307,22.05,22.05,8.00,8.00,38.5000,70.00,1.0,0.0
1891,-2.9447,19.27,19.27,8.00,8.00,22.6000,40.00,1.0,0.0
1892,-1.1045,26.97,26.97,2.00,2.00,22.6000,40.00,1.0,0.0
1893,-2.2324,52.16,52.84,5.00,5.00,22.6000,40.00,1.0,0.0
1894,-1.5685,18.23,18.23,13.90,13.90,22.6000,40.00,1.0,0.0
1895,-1.0338,22.25,22.25,8.00,8.00,45.2000,80.00,1.0,0.0
1896,-1.0276,21.84,21.84,8.00,8.00,22.6000,40.00,1.0,0.0
1897,-3.2123,45.82,53.86,20.50,20.50,22.6000,40.00,1.0,0.0
1898,-0.5801,10.34,10.34,2.50,2.50,22.6000,40.00,1.0,0.0
1899,-1.5306,18.37,18.37,13.10,13.10,45.2000,80.00,1.0,0.0
1900,-2.0867,25.78,25.78,10.00,14.00,45.2000,80.00,1.0,0.0
1901,-1.3442,42.94,42.94,8.00,8.00,33.9000,60.00,1.0,0.0
1902,-188.3720,96.05,96.05,2.00,2.00,33.9000,60.00,1.0,0.0
1903,-2.1690,24.60,24.60,18.00,18.00,33.9000,60.00,1.0,0.0
1904,-0.6060,13.07,13.07,2.20,2.20,22.6000,40.00,1.0,0.0
1905,-2.4419,49.46,48.64,10.00,14.00,33.9000,60.00,1.0,0.0
1906,-1.8852,19.02,19.02,14.00,14.00,22.6000,40.00,1.0,0.0
1907,-4.6000,50.00,50.00,53.00,53.00,22.6000,40.00,1.0,0.0
1908,-1.9476,24.84,24.84,13.50,13.50,22.6000,40.00,1.0,0.0
1909,-1.2476,44.84,44.84,5.50,5.50,45.2000,80.00,1.0,0.0
1910,-1.0143,20.95,20.95,8.00,8.00,33.9000,60.00,1.0,0.0
1911,-1.0202,21.35,21.35,8.00,8.00,22.6000,40.00,1.0,0.0
1912,-1.8468,26.45,26.45,5.00,5.00,38.5000,70.00,1.0,0.0
1913,-1.4425,49.50,49.50,2.00,2.00,38.5000,70.00,1.0,0.0
1914,-3.2503,23.36,29.67,28.00,23.80,27.2000,50.00,1.0,0.0
1915,-0.8924,12.83,12.83,8.00,8.00,22.6000,40.00,1.0,0.0
1916,-0.9074,13.83,13.83,8.00,8.00,45.2000,80.00,1.0,0.0
1917,-2.4589,53.93,53.93,15.00,15.00,22.6000,40.00,1.0,0.0
1918,-230.9797,97.06,97.06,2.00,2.00,45.2000,80.00,1.0,0.0
1919,-2.1535,27.56,23.18,16.80,11.40,45.2000,80.00,1.0,0.0
1920,-2.1436,29.57,26.17,10.00,14.00,22.6000,40.00,1.0,0.0
1921,-2.4248,48.32,48.32,10.00,14.00,45.2000,80.00,1.0,0.0
1922,-66.8315,87.68,87.68,2.00,2.00,22.6000,40.00,1.0,0.0
1923,-3.8500,50.00,50.00,50.00,50.00,22.6000,40.00,1.0,0.0
1924,-1.4048,22.65,22.65,9.30,9.30,45.2000,80.00,1.0,0.0
1925,-2.4948,52.99,50.27,10.00,14.00,22.6000,40.00,1.0,0.0
1926,-1.9347,22.31,22.31,14.00,14.00,33.9000,60.00,1.0,0.0
1927,-1.1765,28.43,22.74,3.00,3.00,33.9000,60.00,1.0,0.0
1928,-1.4959,28.06,28.06,9.50,9.50,45.2000,80.00,1.0,0.0
1929,-1.9639,51.59,51.59,11.80,11.80,45.2000,80.00,1.0,0.0
1930,-0.8726,11.51,11.51,8.00,8.00,33.9000,60.00,1.0,0.0
1931,-1.0496,23.31,23.31,8.00,8.00,27.2000,50.00,1.0,0.0
1932,-1.0922,26.15,23.61,2.00,2.00,38.5000,70.00,1.0,0.0
1933,-1.5034,53.56,53.58,2.00,2.00,38.5000,70.00,1.0,0.0
1934,-0.8182,15.55,15.55,5.70,5.70,22.6000,40.00,1.0,0.0
1935,-1.0104,20.69,20.69,8.00,8.00,33.9000,60.00,1.0,0.0
1936,-2.1260,28.40,28.60,10.00,14.00,33.9000,60.00,1.0,0.0
1937,-1.5276,46.84,46.84,4.50,4.50,33.9000,60.00,1.0,0.0
1938,-138.0068,94.16,94.16,2.00,2.00,45.2000,80.00,1.0,0.0
1939,-0.8382,16.54,16.54,5.80,5.80,45.2000,80.00,1.0,0.0
1940,-0.8508,10.06,10.06,8.00,8.00,33.9000,60.00,1.0,0.0
1941,-1.2398,35.99,35.99,8.00,8.00,45.2000,80.00,1.0,0.0
1942,-1.5561,27.07,27.07,11.00,11.00,33.9000,60.00,1.0,0.0
1943,-2.9219,29.80,50.00,19.50,75.00,22.6000,40.00,1.0,0.0
1944,-0.7559,14.39,14.39,4.80,4.80,22.6000,40.00,1.0,0.0
1945,-1.4916,52.78,52.78,8.00,8.00,33.9000,60.00,1.0,0.0
1946,-1.0308,22.06,22.06,8.00,8.00,22.6000,40.00,1.0,0.0
1947,-1.9677,26.18,26.18,13.50,13.50,22.6000,40.00,1.0,0.0
1948,-1.6976,16.51,16.51,5.00,5.00,45.2000,80.00,1.0,0.0
1949,-1.4094,43.62,43.62,9.10,9.10,22.6000,40.00,1.0,0.0
1950,-1.9943,26.28,25.30,14.00,14.00,45.2000,80.00,1.0,0.0
1951,-1.1068,27.12,27.12,8.00,8.00,38.5000,70.00,1.0,0.0
1952,-0.7588,22.25,22.25,2.50,2.50,33.9000,60.00,1.0,0.0
1953,-1.3265,48.32,54.92,2.00,2.00,38.5000,70.00,1.0,0.0
1954,-1.4483,21.22,21.22,10.60,10.60,27.2000,50.00,1.0,0.0
1955,-0.8927,12.85,12.85,8.00,8.00,38.5000,70.00,1.0,0.0
1956,-2.1325,28.83,28.83,10.00,14.00,22.6000,40.00,1.0,0.0
1957,-1.3145,40.96,40.96,2.00,2.00,33.9000,60.00,1.0,0.0
1958,-140.4571,94.24,94.24,5.00,5.00,22.6000,40.00,1.0,0.0
1959,-0.8317,28.78,28.78,2.00,2.00,45.2000,80.00,1.0,0.0
1960,-1.1021,26.80,26.80,8.00,8.00,22.6000,40.00,1.0,0.0
1961,-2.2546,43.64,43.64,14.00,14.00,45.2000,80.00,1.0,0.0
1962,-126.6420,93.51,93.51,5.00,5.00,33.9000,60.00,1.0,0.0
1963,-1.8418,29.46,29.46,10.00,10.00,22.6000,40.00,1.0,0.0
1964,-1.5619,26.13,20.33,11.40,17.50,45.2000,80.00,1.0,0.0
1965,-1.5200,54.67,54.67,8.00,8.00,45.2000,80.00,1.0,0.0
1966,-0.9469,16.46,16.46,8.00,8.00,22.6000,40.00,1.0,0.0
1967,-4.6000,50.00,50.00,53.00,53.00,33.9000,60.00,1.0,0.0
1968,-1.7305,22.03,22.03,10.00,10.00,22.6000,40.00,1.0,0.0
1969,-1.7572,37.81,39.08,11.80,7.30,45.2000,80.00,1.0,0.0
1970,-2.0439,29.59,29.59,14.00,14.00,33.9000,60.00,1.0,0.0
1971,-0.9224,14.83,14.83,8.00,8.00,22.6000,40.00,1.0,0.0
1972,-2.2163,27.76,28.86,12.00,13.50,38.5000,70.00,1.0,0.0
1973,-1.5686,54.57,54.61,3.00,3.00,38.5000,70.00,1.0,0.0
1974,-1.9211,26.07,26.07,18.60,18.60,22.6000,40.00,1.0,0.0
1975,-1.0913,26.08,26.08,8.00,8.00,33.9000,60.00,1.0,0.0
1976,-0.9157,14.38,14.38,8.00,8.00,45.2000,80.00,1.0,0.0
1977,-1.4319,45.46,45.46,3.00,3.00,22.6000,40.00,1.0,0.0
1978,-92.8032,91.00,91.00,2.00,2.00,22.6000,40.00,1.0,0.0
1979,-1.4975,24.83,24.83,10.50,10.50,45.2000,80.00,1.0,0.0
1980,-0.9401,16.01,16.01,8.00,8.00,33.9000,60.00,1.0,0.0
1981,-1.5126,54.17,54.17,8.00,8.00,22.6000,40.00,1.0,0.0
1982,-1.3326,23.84,23.84,7.50,7.50,22.6000,40.00,1.0,0.0
1983,-3.8500,50.00,50.00,50.00,50.00,33.9000,60.00,1.0,0.0
1984,-1.1784,20.89,21.26,5.30,9.30,45.2000,80.00,1.0,0.0
1985,-1.3137,40.92,40.92,8.00,8.00,22.6000,40.00,1.0,0.0
1986,-1.9606,24.04,24.04,14.00,14.00,22.6000,40.00,1.0,0.0
1987,-4.6000,50.00,50.00,53.00,53.00,22.6000,40.00,1.0,0.0
1988,-1.6635,24.23,24.23,14.00,14.00,45.2000,80.00,1.0,0.0
1989,-2.4292,38.28,42.33,19.10,16.20,33.9000,60.00,1.0,0.0
1990,-0.9599,17.33,17.33,8.00,8.00,45.2000,80.00,1.0,0.0
1991,-0.8885,12.57,12.57,8.00,8.00,27.2000,50.00,1.0,0.0
1992,-0.8705,29.70,29.70,2.50,2.50,27.2000,50.00,1.0,0.0
1993,-1.3737,44.92,50.06,2.00,2.00,38.5000,70.00,1.0,0.0
1994,-1.4261,29.41,29.41,7.70,7.70,38.5000,70.00,1.0,0.0
1995,-2.0192,27.95,27.95,14.00,14.00,45.2000,80.00,1.0,0.0
1996,-2.1071,27.14,27.14,10.00,14.00,33.9000,60.00,1.0,0.0
1997,-2.7902,51.01,51.01,16.50,16.50,45.2000,80.00,1.0,0.0
1998,-80.2044,89.61,89.61,2.00,2.00,33.9000,60.00,1.0,0.0
1999,-2.8669,27.07,27.07,3.20,3.20,33.9000,60.00,1.0,0.0
2000,-2.1427,29.51,18.70,10.00,14.00,22.6000,40.00,1.0,0.0
2001,-1.3015,40.10,40.10,8.00,8.00,22.6000,40.00,1.0,0.0
2002,-125.7327,93.45,93.45,5.00,5.00,22.6000,40.00,1.0,0.0
2003,-3.8500,50.00,50.00,50.00,50.00,33.9000,60.00,1.0,0.0
2004,-1.9010,25.40,22.81,12.40,14.30,45.2000,80.00,1.0,0.0
2005,-2.4084,47.23,43.67,10.00,14.00,45.2000,80.00,1.0,0.0
2006,-0.9279,15.20,15.20,8.00,8.00,45.2000,80.00,1.0,0.0
2007,-3.8500,50.00,50.00,50.00,50.00,22.6000,40.00,1.0,0.0
2008,-1.0029,16.86,16.86,3.00,3.00,22.6000,40.00,1.0,0.0
2009,-1.1231,39.54,39.54,4.60,4.60,33.9000,60.00,1.0,0.0
2010,-0.8942,12.94,12.94,8.00,8.00,33.9000,60.00,1.0,0.0
2011,-1.9613,24.09,27.32,14.00,14.00,22.6000,40.00,1.0,0.0
2012,-0.9806,18.71,22.54,2.00,2.00,27.2000,50.00,1.0,0.0
2013,-1.1503,48.35,48.35,2.50,2.50,22.6000,40.00,1.0,0.0
2014,-2.1572,28.81,28.81,16.50,16.50,38.5000,70.00,1.0,0.0
2015,-1.1499,29.99,29.99,8.00,8.00,33.9000,60.00,1.0,0.0
2016,-2.0007,28.24,26.86,10.00,14.00,45.2000,80.00,1.0,0.0
2017,-2.2637,54.25,47.58,5.00,5.00,45.2000,80.00,1.0,0.0
2018,-197.6748,96.31,96.31,2.00,2.00,33.9000,60.00,1.0,0.0
2019,-1.1821,15.14,16.43,7.10,6.90,22.6000,40.00,1.0,0.0
2020,-0.8733,11.55,11.55,8.00,8.00,33.9000,60.00,1.0,0.0
2021,-1.4968,53.12,53.12,8.00,8.00,45.2000,80.00,1.0,0.0
2022,-75.2889,88.86,88.86,5.00,5.00,45.2000,80.00,1.0,0.0
2023,-0.8265,21.76,21.76,4.00,4.00,45.2000,80.00,1.0,0.0
2024,-1.1895,27.63,27.63,9.50,9.50,22.6000,40.00,1.0,0.0
2025,-2.4978,41.04,41.04,8.00,8.00,22.6000,40.00,1.0,0.0
2026,-0.8997,13.31,13.31,8.00,8.00,22.6000,40.00,1.0,0.0
2027,-3.8500,50.00,50.00,50.00,50.00,33.9000,60.00,1.0,0.0
2028,-1.1006,26.71,24.94,2.00,2.00,33.9000,60.00,1.0,0.0
2029,-1.0303,36.02,36.02,3.80,3.80,45.2000,80.00,1.0,0.0
2030,-1.9290,21.94,29.16,14.00,14.00,33.9000,60.00,1.0,0.0
2031,-1.1285,28.57,28.57,8.00,8.00,22.6000,40.00,1.0,0.0
2032,-1.4433,24.56,24.56,9.50,9.50,33.9000,60.00,1.0,0.0
2033,-1.4557,50.38,53.02,2.00,2.00,33.9000,60.00,1.0,0.0
2034,-1.7323,20.49,91.59,10.50,11.20,45.2000,80.00,1.0,0.0
2035,-1.9231,21.54,23.96,14.00,14.00,38.5000,70.00,1.0,0.0
2036,-2.1238,28.25,27.61,10.00,14.00,45.2000,80.00,1.0,0.0
2037,-1.1386,44.24,44.24,3.50,3.50,45.2000,80.00,1.0,0.0
2038,-2.6720,29.80,29.80,20.50,20.50,22.6000,40.00,1.0,0.0
2039,-2.6461,21.07,50.00,22.60,57.20,33.9000,60.00,1.0,0.0
2040,-1.1411,29.40,29.40,8.00,8.00,33.9000,60.00,1.0,0.0
2041,-1.2515,36.77,36.77,8.00,8.00,33.9000,60.00,1.0,0.0
2042,-0.6634,17.56,17.56,2.00,2.00,45.2000,80.00,1.0,0.0
2043,-0.7674,19.49,19.49,3.50,3.50,33.9000,60.00,1.0,0.0
2044,-0.9195,21.30,21.30,6.00,6.00,22.6000,40.00,1.0,0.0
2045,-2.4913,52.75,45.51,10.00,14.00,33.9000,60.00,1.0,0.0
2046,-2.0264,28.43,29.92,14.00,14.00,22.6000,40.00,1.0,0.0
2047,-0.8573,27.16,27.16,3.00,3.00,22.6000,40.00,1.0,0.0
2048,-1.1383,29.22,29.22,2.00,2.00,45.2000,80.00,1.0,0.0
2049,-2.1734,46.23,46.23,17.60,17.60,33.9000,60.00,1.0,0.0
2050,-2.0237,28.25,27.77,14.00,14.00,22.6000,40.00,1.0,0.0
2051,-0.8708,11.39,11.39,8.00,8.00,22.6000,40.00,1.0,0.0
2052,-1.0312,22.08,22.08,2.00,2.00,38.5000,70.00,1.0,0.0
2053,-1.5008,51.72,51.72,8.50,8.50,27.2000,50.00,1.0,0.0
2054,-0.9362,19.41,19.41,6.90,6.90,27.2000,50.00,1.0,0.0
2055,-1.9729,24.86,16.71,14.00,14.00,22.6000,40.00,1.0,0.0
2056,-0.9181,14.54,14.54,8.00,8.00,33.9000,60.00,1.0,0.0
2057,-1.1546,43.64,43.64,4.00,4.00,22.6000,40.00,1.0,0.0
2058,-92.0609,90.86,90.86,5.00,5.00,45.2000,80.00,1.0,0.0
2059,-1.7237,25.25,25.25,14.90,14.90,33.9000,60.00,1.0,0.0
2060,-2.1188,27.92,27.32,10.00,14.00,45.2000,80.00,1.0,0.0
2061,-1.4534,50.22,50.22,8.00,8.00,22.6000,40.00,1.0,0.0
2062,-3.4485,28.23,90.84,24.50,13.50,33.9000,60.00,1.0,0.0
2063,-3.8500,50.00,50.00,50.00,50.00,33.9000,60.00,1.0,0.0
2064,-1.3332,21.54,21.54,8.20,8.20,33.9000,60.00,1.0,0.0
2065,-1.5040,53.60,53.60,8.00,8.00,45.2000,80.00,1.0,0.0
2066,-1.9691,24.61,24.61,14.00,14.00,22.6000,40.00,1.0,0.0
2067,-3.8500,50.00,50.00,50.00,50.00,33.9000,60.00,1.0,0.0
2068,-1.0594,23.96,29.67,2.00,2.00,45.2000,80.00,1.0,0.0
2069,-1.3683,47.22,47.22,7.20,7.20,33.9000,60.00,1.0,0.0
2070,-0.9289,15.26,15.26,8.00,8.00,45.2000,80.00,1.0,0.0
2071,-0.8638,10.92,10.92,8.00,8.00,38.5000,70.00,1.0,0.0
2072,-1.8409,26.06,22.07,5.00,5.00,27.2000,50.00,1.0,0.0
2073,-2.2382,52.55,47.29,5.00,5.00,22.6000,40.00,1.0,0.0
2074,-1.4673,23.16,23.16,10.40,10.40,27.2000,50.00,1.0,0.0
2075,-1.9959,26.39,26.39,14.00,14.00,38.5000,70.00,1.0,0.0
2076,-2.0779,25.20,22.02,10.00,14.00,45.2000,80.00,1.0,0.0
2077,-1.2521,36.81,50.41,2.00,2.00,45.2000,80.00,1.0,0.0
2078,-0.6934,19.56,19.56,2.00,2.00,22.6000,40.00,1.0,0.0
2079,-2.3275,25.83,27.24,20.80,17.80,22.6000,40.00,1.0,0.0
2080,-0.9306,15.38,15.38,8.00,8.00,22.6000,40.00,1.0,0.0
2081,-2.3790,45.27,45.01,10.00,14.00,22.6000,40.00,1.0,0.0
2082,-2.9342,22.28,93.47,22.00,14.00,33.9000,60.00,1.0,0.0
2083,-3.3234,29.90,50.00,21.50,100.00,33.9000,60.00,1.0,0.0
2084,-1.4082,20.54,20.54,10.00,10.00,33.9000,60.00,1.0,0.0
2085,-1.3161,41.07,41.07,8.00,8.00,22.6000,40.00,1.0,0.0
2086,-1.9900,26.00,27.46,14.00,14.00,45.2000,80.00,1.0,0.0
2087,-4.6000,50.00,50.00,53.00,53.00,33.9000,60.00,1.0,0.0
2088,-1.7448,22.99,22.99,10.00,10.00,33.9000,60.00,1.0,0.0
2089,-1.3481,41.87,41.87,8.40,8.40,22.6000,40.00,1.0,0.0
2090,-0.9607,17.38,17.38,8.00,8.00,22.6000,40.00,1.0,0.0
2091,-1.0771,25.14,25.14,8.00,8.00,38.5000,70.00,1.0,0.0
2092,-2.4414,29.43,22.38,16.00,17.00,38.5000,70.00,1.0,0.0
2093,-1.7780,53.54,53.54,7.50,7.50,22.6000,40.00,1.0,0.0
2094,-1.6260,20.07,20.07,14.50,14.50,38.5000,70.00,1.0,0.0
2095,-1.1425,29.50,29.50,8.00,8.00,22.6000,40.00,1.0,0.0
2096,-2.1368,29.12,22.03,10.00,14.00,33.9000,60.00,1.0,0.0
2097,-1.9338,42.25,42.25,14.00,14.00,22.6000,40.00,1.0,0.0
2098,-2.6622,29.15,29.15,20.50,20.50,22.6000,40.00,1.0,0.0
2099,-1.8965,19.10,19.10,14.20,14.20,45.2000,80.00,1.0,0.0
2100,-2.1451,29.67,21.84,10.00,14.00,45.2000,80.00,1.0,0.0
2101,-1.4724,51.49,51.49,8.00,8.00,33.9000,60.00,1.0,0.0
2102,-1.8845,25.63,25.63,12.00,12.00,45.2000,80.00,1.0,0.0
2103,-0.9412,26.08,26.08,5.00,5.00,45.2000,80.00,1.0,0.0
2104,-1.6363,15.75,15.75,16.00,16.00,45.2000,80.00,1.0,0.0
2105,-1.4806,52.04,52.04,8.00,8.00,33.9000,60.00,1.0,0.0
2106,-1.9953,26.35,21.19,14.00,14.00,33.9000,60.00,1.0,0.0
2107,-0.8285,21.90,21.90,4.00,4.00,33.9000,60.00,1.0,0.0
2108,-1.0131,20.88,21.48,2.00,2.00,45.2000,80.00,1.0,0.0
2109,-2.4549,52.33,52.33,15.40,15.40,45.2000,80.00,1.0,0.0
2110,-1.0873,25.82,25.82,8.00,8.00,22.6000,40.00,1.0,0.0
2111,-2.0209,28.06,28.06,14.00,14.00,33.9000,60.00,1.0,0.0
2112,-1.1090,27.27,27.29,2.00,2.00,33.9000,60.00,1.0,0.0
2113,-1.3494,43.29,54.63,2.00,2.00,33.9000,60.00,1.0,0.0
2114,-2.2142,28.28,93.01,17.80,18.30,33.9000,60.00,1.0,0.0
2115,-1.9900,26.00,26.00,14.00,14.00,27.2000,50.00,1.0,0.0
2116,-0.9991,19.94,19.94,8.00,8.00,22.6000,40.00,1.0,0.0
2117,-1.2019,50.13,50.13,3.00,3.00,22.6000,40.00,1.0,0.0
2118,-229.2000,97.01,97.01,5.00,5.00,33.9000,60.00,1.0,0.0
2119,-2.2911,26.74,50.00,19.80,50.00,33.9000,60.00,1.0,0.0
2120,-2.1248,28.32,26.89,10.00,14.00,22.6000,40.00,1.0,0.0
2121,-1.2933,39.55,39.55,8.00,8.00,45.2000,80.00,1.0,0.0
2122,-0.5901,12.67,12.67,2.00,2.00,22.6000,40.00,1.0,0.0
2123,-2.2210,28.07,50.00,12.00,78.50,33.9000,60.00,1.0,0.0
2124,-0.8115,19.77,19.77,4.30,4.30,33.9000,60.00,1.0,0.0
2125,-2.4262,48.41,48.84,10.00,14.00,45.2000,80.00,1.0,0.0
2126,-1.9478,23.18,23.18,14.00,14.00,33.9000,60.00,1.0,0.0
2127,-3.8500,50.00,50.00,50.00,50.00,22.6000,40.00,1.0,0.0
2128,-2.0106,24.04,24.04,15.00,15.00,22.6000,40.00,1.0,0.0
2129,-1.3866,42.11,42.11,9.10,9.10,33.9000,60.00,1.0,0.0
2130,-2.0309,28.73,28.43,14.00,14.00,22.6000,40.00,1.0,0.0
2131,-1.9213,21.42,21.42,14.00,14.00,27.2000,50.00,1.0,0.0
2132,-1.8932,29.54,29.54,5.00,5.00,38.5000,70.00,1.0,0.0
2133,-2.3101,54.01,54.01,12.00,12.00,38.5000,70.00,1.0,0.0
2134,-2.6944,29.63,89.79,21.00,20.10,27.2000,50.00,1.0,0.0
2135,-0.9280,15.20,15.20,8.00,8.00,22.6000,40.00,1.0,0.0
2136,-2.1013,26.75,26.75,10.00,14.00,22.6000,40.00,1.0,0.0
2137,-2.4997,46.65,53.12,12.00,13.50,33.9000,60.00,1.0,0.0
2138,-1.5130,29.20,29.20,9.50,9.50,45.2000,80.00,1.0,0.0
2139,-1.6214,15.43,16.14,9.80,11.00,33.9000,60.00,1.0,0.0
2140,-0.8529,10.19,10.19,8.00,8.00,22.6000,40.00,1.0,0.0
2141,-2.4408,49.38,46.54,10.00,14.00,45.2000,80.00,1.0,0.0
2142,-0.8424,29.49,29.49,2.00,2.00,22.6000,40.00,1.0,0.0
2143,-3.8500,50.00,50.00,50.00,50.00,33.9000,60.00,1.0,0.0
2144,-1.3818,26.45,27.19,7.70,6.50,22.6000,40.00,1.0,0.0
2145,-1.2664,37.76,37.76,8.00,8.00,22.6000,40.00,1.0,0.0
2146,-2.0355,29.03,18.04,14.00,14.00,45.2000,80.00,1.0,0.0
2147,-0.6679,11.19,11.19,4.00,4.00,33.9000,60.00,1.0,0.0
2148,-1.8783,28.55,29.28,5.00,5.00,33.9000,60.00,1.0,0.0
2149,-1.2061,51.74,51.74,2.60,2.60,22.6000,40.00,1.0,0.0
2150,-1.0419,22.79,22.79,8.00,8.00,33.9000,60.00,1.0,0.0
2151,-1.0427,22.84,22.84,8.00,8.00,22.6000,40.00,1.0,0.0
2152,-1.6839,15.60,27.60,5.00,5.00,38.5000,70.00,1.0,0.0
2153,-1.1414,37.76,37.76,5.50,5.50,22.6000,40.00,1.0,0.0
2154,-1.2357,21.71,21.71,6.20,6.20,27.2000,50.00,1.0,0.0
2155,-0.9520,16.80,16.80,8.00,8.00,22.6000,40.00,1.0,0.0
2156,-0.8828,12.19,12.19,8.00,8.00,45.2000,80.00,1.0,0.0
2157,-1.4188,47.92,38.39,2.00,2.00,45.2000,80.00,1.0,0.0
2158,-83.3692,89.90,89.90,5.00,5.00,33.9000,60.00,1.0,0.0
2159,-0.8693,16.29,16.29,6.50,6.50,22.6000,40.00,1.0,0.0
2160,-0.9114,14.09,14.09,8.00,8.00,45.2000,80.00,1.0,0.0
2161,-2.2596,43.97,44.44,14.00,14.00,33.9000,60.00,1.0,0.0
2162,-0.8066,22.11,22.11,3.50,3.50,45.2000,80.00,1.0,0.0
2163,-4.6000,50.00,50.00,53.00,53.00,45.2000,80.00,1.0,0.0
2164,-1.9240,22.94,19.82,13.60,23.00,33.9000,60.00,1.0,0.0
2165,-1.5065,53.76,53.76,8.00,8.00,22.6000,40.00,1.0,0.0
2166,-2.0389,29.26,15.85,14.00,14.00,33.9000,60.00,1.0,0.0
2167,-1.6611,24.07,24.07,14.00,14.00,33.9000,60.00,1.0,0.0
2168,-1.4027,23.51,23.51,9.00,9.00,45.2000,80.00,1.0,0.0
2169,-1.7827,54.51,54.51,7.30,7.30,45.2000,80.00,1.0,0.0
2170,-2.0460,29.74,17.42,14.00,14.00,33.9000,60.00,1.0,0.0
2171,-1.0742,24.95,24.95,8.00,8.00,22.6000,40.00,1.0,0.0
2172,-1.0516,23.44,15.26,2.00,2.00,27.2000,50.00,1.0,0.0
2173,-1.4577,50.51,41.33,2.00,2.00,27.2000,50.00,1.0,0.0
2174,-0.8152,20.68,20.68,4.10,4.10,27.2000,50.00,1.0,0.0
2175,-0.9479,16.52,16.52,8.00,8.00,38.5000,70.00,1.0,0.0
2176,-1.0260,21.73,21.73,8.00,8.00,22.6000,40.00,1.0,0.0
2177,-1.1327,45.51,45.51,3.00,3.00,45.2000,80.00,1.0,0.0
2178,-194.8034,96.23,96.23,2.00,2.00,45.2000,80.00,1.0,0.0
2179,-1.5530,22.20,26.36,12.40,17.80,45.2000,80.00,1.0,0.0
2180,-0.9806,18.71,18.71,8.00,8.00,22.6000,40.00,1.0,0.0
2181,-2.3992,46.62,50.25,10.00,14.00,22.6000,40.00,1.0,0.0
2182,-225.1964,96.93,96.93,5.00,5.00,22.6000,40.00,1.0,0.0
2183,-3.8500,50.00,50.00,50.00,50.00,33.9000,60.00,1.0,0.0
2184,-0.9135,12.57,12.57,8.50,8.50,33.9000,60.00,1.0,0.0
2185,-1.4233,48.22,48.22,8.00,8.00,22.6000,40.00,1.0,0.0
2186,-1.9572,23.81,25.61,14.00,14.00,45.2000,80.00,1.0,0.0
2187,-4.6000,50.00,50.00,53.00,53.00,22.6000,40.00,1.0,0.0
2188,-1.0708,24.72,26.86,2.00,2.00,33.9000,60.00,1.0,0.0
2189,-1.0390,38.60,38.60,3.20,3.20,33.9000,60.00,1.0,0.0
2190,-0.9517,16.78,16.78,8.00,8.00,45.2000,80.00,1.0,0.0
2191,-2.0037,26.92,26.92,14.00,14.00,22.6000,40.00,1.0,0.0
2192,-1.3002,21.68,21.68,7.50,7.50,38.5000,70.00,1.0,0.0
2193,-2.2250,51.66,53.73,5.00,5.00,27.2000,50.00,1.0,0.0
2194,-1.0283,17.55,17.55,9.30,9.30,38.5000,70.00,1.0,0.0
2195,-0.9969,19.80,19.80,8.00,8.00,33.9000,60.00,1.0,0.0
2196,-1.9788,25.25,25.25,14.00,14.00,33.9000,60.00,1.0,0.0
2197,-1.8169,51.13,51.13,9.00,9.00,22.6000,40.00,1.0,0.0
2198,-1.1972,24.81,24.81,4.50,4.50,45.2000,80.00,1.0,0.0
2199,-1.0072,18.14,18.14,8.70,8.70,22.6000,40.00,1.0,0.0
2200,-1.0577,23.85,23.85,8.00,8.00,33.9000,60.00,1.0,0.0
2201,-1.4864,52.43,52.43,8.00,8.00,45.2000,80.00,1.0,0.0
2202,-1.9495,24.96,24.96,13.50,13.50,22.6000,40.00,1.0,0.0
2203,-3.8500,50.00,50.00,50.00,50.00,45.2000,80.00,1.0,0.0
2204,-0.7784,19.23,19.23,3.80,3.80,33.9000,60.00,1.0,0.0
2205,-1.4255,48.37,48.37,8.00,8.00,22.6000,40.00,1.0,0.0
2206,-0.8766,11.77,11.77,8.00,8.00,22.6000,40.00,1.0,0.0
2207,-1.1529,15.20,15.20,6.50,6.50,22.6000,40.00,1.0,0.0
2208,-2.3072,20.48,22.50,16.00,16.50,45.2000,80.00,1.0,0.0
2209,-1.6819,50.13,51.10,6.60,9.40,33.9000,60.00,1.0,0.0
2210,-1.9910,26.07,26.07,14.00,14.00,22.6000,40.00,1.0,0.0
2211,-0.9402,16.01,16.01,8.00,8.00,27.2000,50.00,1.0,0.0
2212,-2.6596,28.97,28.97,20.50,20.50,38.5000,70.00,1.0,0.0
2213,-2.3726,53.17,53.17,13.50,13.50,27.2000,50.00,1.0,0.0
2214,-1.1762,28.08,28.08,9.10,9.10,38.5000,70.00,1.0,0.0
2215,-1.9979,26.53,26.53,14.00,14.00,38.5000,70.00,1.0,0.0
2216,-1.9768,25.12,24.98,14.00,14.00,45.2000,80.00,1.0,0.0
2217,-1.4722,51.48,39.02,2.00,2.00,45.2000,80.00,1.0,0.0
2218,-90.9314,90.82,89.97,2.00,2.00,45.2000,80.00,1.0,0.0
2219,-2.7552,28.35,50.00,22.60,59.10,33.9000,60.00,1.0,0.0
2220,-1.8967,19.78,27.84,14.00,14.00,22.6000,40.00,1.0,0.0
2221,-2.3967,53.11,54.93,14.00,14.00,45.2000,80.00,1.0,0.0
2222,-162.8334,95.22,95.22,2.00,2.00,45.2000,80.00,1.0,0.0
2223,-2.0114,29.09,29.09,13.50,13.50,22.6000,40.00,1.0,0.0
2224,-1.5409,24.06,24.06,11.60,11.60,45.2000,80.00,1.0,0.0
2225,-2.2297,41.98,51.29,14.00,14.00,33.9000,60.00,1.0,0.0
2226,-1.0324,22.16,22.16,8.00,8.00,45.2000,80.00,1.0,0.0
2227,-4.6000,50.00,50.00,53.00,53.00,22.6000,40.00,1.0,0.0
2228,-0.8603,10.69,28.64,2.00,2.00,33.9000,60.00,1.0,0.0
2229,-1.2678,53.19,53.19,3.40,3.40,45.2000,80.00,1.0,0.0
2230,-0.8794,11.96,11.96,8.00,8.00,33.9000,60.00,1.0,0.0
2231,-0.9250,15.00,15.00,8.00,8.00,27.2000,50.00,1.0,0.0
2232,-1.7153,17.69,17.69,5.00,5.00,38.5000,70.00,1.0,0.0
2233,-1.4319,48.79,54.89,2.00,2.00,38.5000,70.00,1.0,0.0
2234,-1.5119,23.13,23.13,11.30,11.30,22.6000,40.00,1.0,0.0
2235,-0.9971,19.80,19.80,8.00,8.00,33.9000,60.00,1.0,0.0
2236,-1.1035,26.90,26.90,8.00,8.00,45.2000,80.00,1.0,0.0
2237,-3.7090,51.25,51.25,3.00,3.00,45.2000,80.00,1.0,0.0
2238,-2.6554,28.69,28.50,20.50,15.00,33.9000,60.00,1.0,0.0
2239,-1.4479,20.53,20.53,10.80,10.80,22.6000,40.00,1.0,0.0
2240,-2.0052,26.99,24.21,10.00,14.00,22.6000,40.00,1.0,0.0
2241,-1.4594,50.63,50.63,8.00,8.00,45.2000,80.00,1.0,0.0
2242,-203.8049,96.46,96.46,2.00,2.00,22.6000,40.00,1.0,0.0
2243,-4.6000,50.00,50.00,53.00,53.00,45.2000,80.00,1.0,0.0
2244,-1.0331,23.87,23.87,7.50,7.50,22.6000,40.00,1.0,0.0
2245,-2.4830,52.20,47.33,10.00,14.00,45.2000,80.00,1.0,0.0
2246,-0.9588,17.25,17.25,8.00,8.00,45.2000,80.00,1.0,0.0
2247,-1.1626,27.51,26.76,3.00,3.00,45.2000,80.00,1.0,0.0
2248,-1.0758,25.05,28.75,2.00,2.00,22.6000,40.00,1.0,0.0
2249,-1.9002,53.68,49.32,9.90,10.80,45.2000,80.00,1.0,0.0
2250,-0.9504,16.69,16.69,8.00,8.00,22.6000,40.00,1.0,0.0
2251,-1.8901,19.34,29.43,14.00,14.00,33.9000,60.00,1.0,0.0
2252,-1.5065,28.77,28.77,9.50,9.50,33.9000,60.00,1.0,0.0
2253,-1.3334,42.23,39.74,2.00,2.00,33.9000,60.00,1.0,0.0
2254,-0.9789,27.92,27.92,5.20,5.20,45.2000,80.00,1.0,0.0
2255,-1.9824,25.50,27.74,14.00,14.00,38.5000,70.00,1.0,0.0
2256,-2.1031,26.87,18.40,10.00,14.00,22.6000,40.00,1.0,0.0
2257,-2.3018,43.45,43.45,15.00,15.00,45.2000,80.00,1.0,0.0
2258,-80.7281,89.68,89.68,2.00,2.00,33.9000,60.00,1.0,0.0
2259,-2.4463,25.76,50.00,17.20,50.00,45.2000,80.00,1.0,0.0
2260,-0.8657,11.04,11.04,8.00,8.00,22.6000,40.00,1.0,0.0
2261,-2.5024,53.49,54.50,10.00,14.00,45.2000,80.00,1.0,0.0
2262,-1.1363,25.75,25.75,3.00,3.00,33.9000,60.00,1.0,0.0
2263,-1.3498,28.32,28.32,6.50,6.50,45.2000,80.00,1.0,0.0
2264,-1.5519,26.13,26.13,11.20,11.20,22.6000,40.00,1.0,0.0
2265,-2.4648,50.99,48.37,10.00,14.00,45.2000,80.00,1.0,0.0
2266,-1.0231,21.54,21.54,8.00,8.00,22.6000,40.00,1.0,0.0
2267,-4.6000,50.00,50.00,53.00,53.00,22.6000,40.00,1.0,0.0
2268,-1.0072,17.14,25.01,3.00,3.00,33.9000,60.00,1.0,0.0
2269,-1.9225,41.50,41.50,14.00,14.00,22.6000,40.00,1.0,0.0
2270,-1.9235,21.56,21.56,14.00,14.00,33.9000,60.00,1.0,0.0
2271,-2.0496,29.97,28.17,14.00,14.00,33.9000,60.00,1.0,0.0
2272,-1.0505,23.36,29.94,2.00,2.00,38.5000,70.00,1.0,0.0
2273,-1.2140,54.27,54.27,2.00,2.00,38.5000,70.00,1.0,0.0
2274,-1.5933,21.55,21.55,13.40,13.40,22.6000,40.00,1.0,0.0
2275,-0.9124,14.16,14.16,8.00,8.00,45.2000,80.00,1.0,0.0
2276,-0.9482,16.54,16.54,8.00,8.00,45.2000,80.00,1.0,0.0
2277,-1.3096,40.64,45.23,2.00,2.00,33.9000,60.00,1.0,0.0
2278,-1.3669,29.46,29.46,6.50,6.50,45.2000,80.00,1.0,0.0
2279,-2.7880,22.20,50.00,25.10,79.30,33.9000,60.00,1.0,0.0
2280,-2.1305,28.70,22.74,10.00,14.00,22.6000,40.00,1.0,0.0
2281,-2.4782,51.88,51.34,10.00,14.00,45.2000,80.00,1.0,0.0
2282,-1.8478,21.52,26.93,12.50,11.00,22.6000,40.00,1.0,0.0
2283,-4.6000,50.00,50.00,53.00,53.00,45.2000,80.00,1.0,0.0
2284,-1.3586,26.24,26.24,7.30,7.30,22.6000,40.00,1.0,0.0
2285,-2.4740,51.60,51.60,10.00,14.00,22.6000,40.00,1.0,0.0
2286,-0.9100,14.00,14.00,8.00,8.00,33.9000,60.00,1.0,0.0
2287,-4.6000,50.00,50.00,53.00,53.00,33.9000,60.00,1.0,0.0
2288,-2.1198,26.32,26.32,16.50,16.50,22.6000,40.00,1.0,0.0
2289,-1.7454,45.36,46.95,9.30,2.20,45.2000,80.00,1.0,0.0
2290,-0.8863,12.42,12.42,8.00,8.00,45.2000,80.00,1.0,0.0
2291,-0.9995,19.97,19.97,8.00,8.00,22.6000,40.00,1.0,0.0
2292,-1.8792,28.61,24.68,5.00,5.00,22.6000,40.00,1.0,0.0
2293,-2.2222,51.48,50.76,5.00,5.00,33.9000,60.00,1.0,0.0
2294,-2.2710,29.07,29.07,18.70,18.70,45.2000,80.00,1.0,0.0
2295,-1.0387,22.58,22.58,8.00,8.00,33.9000,60.00,1.0,0.0
2296,-1.1402,29.35,29.35,8.00,8.00,22.6000,40.00,1.0,0.0
2297,-3.3451,49.67,49.67,22.00,22.00,45.2000,80.00,1.0,0.0
2298,-79.0931,89.38,94.29,4.00,2.00,33.9000,60.00,1.0,0.0
2299,-2.6270,23.14,50.00,21.60,75.00,33.9000,60.00,1.0,0.0
2300,-1.9297,21.98,21.98,14.00,14.00,45.2000,80.00,1.0,0.0
2301,-2.3648,50.98,50.98,14.00,14.00,33.9000,60.00,1.0,0.0
2302,-87.4736,90.29,91.21,8.00,5.00,45.2000,80.00,1.0,0.0
2303,-3.8500,50.00,50.00,50.00,50.00,45.2000,80.00,1.0,0.0
2304,-1.3179,26.19,26.19,6.50,6.50,33.9000,60.00,1.0,0.0
2305,-1.3083,40.55,40.55,8.00,8.00,22.6000,40.00,1.0,0.0
2306,-0.8594,10.63,10.63,8.00,8.00,45.2000,80.00,1.0,0.0
2307,-4.6000,50.00,50.00,53.00,53.00,33.9000,60.00,1.0,0.0
2308,-0.7726,14.84,14.84,5.00,5.00,45.2000,80.00,1.0,0.0
2309,-1.2914,37.76,37.76,8.50,8.50,33.9000,60.00,1.0,0.0
2310,-0.9566,17.11,17.11,8.00,8.00,22.6000,40.00,1.0,0.0
2311,-0.8948,12.98,12.98,8.00,8.00,38.5000,70.00,1.0,0.0
2312,-1.0198,21.32,24.63,2.00,2.00,27.2000,50.00,1.0,0.0
2313,-2.4663,54.42,54.42,15.00,15.00,38.5000,70.00,1.0,0.0
2314,-2.1017,29.45,29.45,15.20,15.20,38.5000,70.00,1.0,0.0
2315,-1.1452,29.68,29.68,8.00,8.00,27.2000,50.00,1.0,0.0
2316,-2.1390,29.27,27.45,10.00,14.00,22.6000,40.00,1.0,0.0
2317,-2.2643,54.29,46.94,5.00,5.00,45.2000,80.00,1.0,0.0
2318,-2.0410,16.07,16.07,18.00,18.00,33.9000,60.00,1.0,0.0
2319,-1.4795,22.30,22.30,10.90,10.90,45.2000,80.00,1.0,0.0
2320,-2.1484,29.89,29.89,10.00,14.00,33.9000,60.00,1.0,0.0
2321,-2.4934,52.89,51.73,10.00,14.00,45.2000,80.00,1.0,0.0
2322,-1.9844,27.29,27.29,13.50,13.50,45.2000,80.00,1.0,0.0
2323,-1.1516,26.77,17.82,3.00,3.00,45.2000,80.00,1.0,0.0
2324,-1.2987,26.58,23.80,6.00,9.20,45.2000,80.00,1.0,0.0
2325,-2.4556,50.37,50.37,10.00,14.00,45.2000,80.00,1.0,0.0
2326,-1.9271,21.80,21.80,14.00,14.00,22.6000,40.00,1.0,0.0
2327,-4.6000,50.00,50.00,53.00,53.00,33.9000,60.00,1.0,0.0
2328,-0.8684,17.89,17.89,6.00,6.00,22.6000,40.00,1.0,0.0
2329,-1.0824,35.82,35.82,4.90,4.90,22.6000,40.00,1.0,0.0
2330,-1.0718,24.79,24.79,8.00,8.00,45.2000,80.00,1.0,0.0
2331,-0.8807,12.05,12.05,8.00,8.00,22.6000,40.00,1.0,0.0
2332,-1.8160,24.40,26.41,5.00,5.00,38.5000,70.00,1.0,0.0
2333,-1.4195,47.97,50.43,2.00,2.00,27.2000,50.00,1.0,0.0
2334,-1.5735,24.23,24.23,12.20,12.20,27.2000,50.00,1.0,0.0
2335,-2.0410,29.40,22.46,14.00,14.00,38.5000,70.00,1.0,0.0
2336,-1.8641,17.61,27.39,14.00,14.00,22.6000,40.00,1.0,0.0
2337,-1.0447,39.65,39.65,3.00,3.00,45.2000,80.00,1.0,0.0
2338,-1.0365,19.10,19.10,3.00,3.00,22.6000,40.00,1.0,0.0
2339,-1.5101,13.34,13.34,14.20,14.20,22.6000,40.00,1.0,0.0
2340,-2.0580,23.87,20.53,10.00,14.00,45.2000,80.00,1.0,0.0
2341,-1.3665,44.44,44.44,8.00,8.00,22.6000,40.00,1.0,0.0
2342,-59.8967,86.41,86.41,2.00,2.00,45.2000,80.00,1.0,0.0
2343,-2.4635,29.23,50.00,16.50,75.00,33.9000,60.00,1.0,0.0
2344,-1.7422,22.48,29.09,10.10,8.30,22.6000,40.00,1.0,0.0
2345,-1.2575,37.17,37.17,8.00,8.00,22.6000,40.00,1.0,0.0
2346,-0.9487,16.58,16.58,8.00,8.00,33.9000,60.00,1.0,0.0
2347,-1.5662,27.75,27.75,11.00,11.00,33.9000,60.00,1.0,0.0
2348,-1.0491,23.27,23.27,2.00,2.00,33.9000,60.00,1.0,0.0
2349,-1.6232,39.55,39.55,8.60,8.60,45.2000,80.00,1.0,0.0
2350,-1.9087,20.58,20.58,14.00,14.00,33.9000,60.00,1.0,0.0
2351,-1.8682,17.88,20.94,14.00,14.00,22.6000,40.00,1.0,0.0
2352,-1.8984,29.90,29.90,5.00,5.00,27.2000,50.00,1.0,0.0
2353,-1.2876,52.51,52.51,4.00,4.00,38.5000,70.00,1.0,0.0
2354,-1.4359,28.40,91.50,8.20,10.90,27.2000,50.00,1.0,0.0
2355,-2.0189,27.93,29.59,14.00,14.00,22.6000,40.00,1.0,0.0
2356,-0.9792,18.61,18.61,8.00,8.00,22.6000,40.00,1.0,0.0
2357,-2.8210,54.73,51.20,16.00,16.50,33.9000,60.00,1.0,0.0
2358,-95.8309,91.22,91.22,5.00,5.00,22.6000,40.00,1.0,0.0
2359,-1.7389,18.26,50.00,11.30,50.00,45.2000,80.00,1.0,0.0
2360,-0.8540,10.26,10.26,8.00,8.00,45.2000,80.00,1.0,0.0
2361,-1.4226,48.17,48.17,8.00,8.00,33.9000,60.00,1.0,0.0
2362,-2.5333,20.55,20.55,20.50,20.50,33.9000,60.00,1.0,0.0
2363,-2.2276,28.51,50.00,12.00,78.50,33.9000,60.00,1.0,0.0
2364,-0.7446,16.97,16.97,3.80,3.80,22.6000,40.00,1.0,0.0
2365,-1.2980,39.87,39.87,8.00,8.00,22.6000,40.00,1.0,0.0
2366,-1.1167,27.78,27.78,8.00,8.00,22.6000,40.00,1.0,0.0
2367,-4.6000,50.00,50.00,53.00,53.00,45.2000,80.00,1.0,0.0
2368,-2.0581,27.21,27.21,15.00,15.00,33.9000,60.00,1.0,0.0
2369,-1.3459,40.39,40.39,8.80,8.80,33.9000,60.00,1.0,0.0
2370,-0.9713,18.09,18.09,8.00,8.00,33.9000,60.00,1.0,0.0
2371,-1.0154,21.03,21.03,8.00,8.00,38.5000,70.00,1.0,0.0
2372,-1.8757,28.38,28.38,5.00,5.00,22.6000,40.00,1.0,0.0
2373,-1.5016,53.44,53.44,2.00,2.00,22.6000,40.00,1.0,0.0
2374,-0.9613,15.75,15.75,8.50,8.50,38.5000,70.00,1.0,0.0
2375,-1.9131,20.87,20.87,14.00,14.00,27.2000,50.00,1.0,0.0
2376,-2.0610,24.06,17.23,10.00,8.00,45.2000,80.00,1.0,0.0
2377,-1.0448,39.65,39.65,3.00,3.00,22.6000,40.00,1.0,0.0
2378,-1.1279,26.86,26.86,8.50,8.50,22.6000,40.00,1.0,0.0
2379,-2.7770,26.80,50.00,23.50,83.10,45.2000,80.00,1.0,0.0
2380,-2.0001,20.00,29.05,10.00,8.00,22.6000,40.00,1.0,0.0
2381,-2.3360,49.07,49.07,14.00,14.00,45.2000,80.00,1.0,0.0
2382,-132.6986,93.89,90.43,2.00,2.00,33.9000,60.00,1.0,0.0
2383,-4.6000,50.00,50.00,53.00,53.00,45.2000,80.00,1.0,0.0
2384,-1.8851,22.01,24.85,13.10,17.60,22.6000,40.00,1.0,0.0
2385,-2.4854,52.36,52.09,10.00,8.00,45.2000,80.00,1.0,0.0
2386,-1.8514,16.76,25.40,14.00,14.00,45.2000,80.00,1.0,0.0
2387,-4.6000,50.00,50.00,53.00,53.00,45.2000,80.00,1.0,0.0
2388,-1.7898,25.99,25.99,10.00,10.00,33.9000,60.00,1.0,0.0
2389,-1.5784,44.56,45.17,6.20,9.60,45.2000,80.00,1.0,0.0
2390,-1.9327,22.18,29.96,14.00,14.00,33.9000,60.00,1.0,0.0
2391,-1.9535,23.57,24.63,14.00,14.00,38.5000,70.00,1.0,0.0
2392,-1.1272,28.48,26.31,2.00,2.00,27.2000,50.00,1.0,0.0
2393,-1.4709,51.39,40.23,2.00,2.00,27.2000,50.00,1.0,0.0
2394,-1.4848,13.32,92.15,13.70,14.40,38.5000,70.00,1.0,0.0
2395,-1.9449,22.99,28.35,14.00,14.00,22.6000,40.00,1.0,0.0
2396,-1.9729,24.86,26.64,14.00,14.00,45.2000,80.00,1.0,0.0
2397,-2.6080,53.86,53.59,12.00,13.50,22.6000,40.00,1.0,0.0
2398,-85.5153,90.24,90.24,2.00,2.00,45.2000,80.00,1.0,0.0
2399,-2.2058,27.05,50.00,18.00,54.90,45.2000,80.00,1.0,0.0
2400,-1.0664,24.43,24.43,8.00,8.00,22.6000,40.00,1.0,0.0
2401,-1.2390,35.93,35.93,8.00,8.00,22.6000,40.00,1.0,0.0
2402,-0.6551,10.34,10.34,4.00,4.00,45.2000,80.00,1.0,0.0
2403,-0.8541,18.61,18.61,5.50,5.50,45.2000,80.00,1.0,0.0
2404,-0.6928,16.18,16.18,3.00,3.00,45.2000,80.00,1.0,0.0
2405,-1.4562,50.41,50.41,8.00,8.00,45.2000,80.00,1.0,0.0
2406,-2.0118,27.46,27.46,14.00,14.00,33.9000,60.00,1.0,0.0
2407,-3.3452,28.04,50.00,21.00,78.50,45.2000,80.00,1.0,0.0
2408,-1.1326,13.84,13.84,6.50,6.50,22.6000,40.00,1.0,0.0
2409,-2.0602,46.01,46.01,15.40,15.40,22.6000,40.00,1.0,0.0
2410,-1.9614,24.10,27.13,14.00,14.00,22.6000,40.00,1.0,0.0
2411,-1.8905,19.37,21.59,14.00,14.00,22.6000,40.00,1.0,0.0
2412,-1.9552,25.35,25.35,13.50,13.50,38.5000,70.00,1.0,0.0
2413,-1.1068,35.45,35.45,5.50,5.50,38.5000,70.00,1.0,0.0
2414,-3.0244,22.63,89.58,23.70,25.60,22.6000,40.00,1.0,0.0
2415,-1.1235,28.23,28.23,8.00,8.00,22.6000,40.00,1.0,0.0
2416,-1.0015,20.10,20.10,8.00,8.00,45.2000,80.00,1.0,0.0
2417,-1.4966,53.11,53.04,2.00,2.00,45.2000,80.00,1.0,0.0
2418,-2.6617,29.12,29.12,20.50,20.50,33.9000,60.00,1.0,0.0
2419,-1.5395,17.97,17.97,13.40,13.40,22.6000,40.00,1.0,0.0
2420,-1.9469,23.12,25.73,14.00,14.00,22.6000,40.00,1.0,0.0
2421,-1.3846,45.64,45.64,8.00,8.00,45.2000,80.00,1.0,0.0
2422,-240.8995,97.25,95.14,2.00,2.00,33.9000,60.00,1.0,0.0
2423,-1.0206,28.04,28.04,6.00,6.00,45.2000,80.00,1.0,0.0
2424,-1.5025,19.50,19.50,12.20,12.20,33.9000,60.00,1.0,0.0
2425,-1.4701,51.34,51.34,8.00,8.00,45.2000,80.00,1.0,0.0
2426,-0.9034,13.56,13.56,8.00,8.00,22.6000,40.00,1.0,0.0
2427,-4.6000,50.00,50.00,53.00,53.00,22.6000,40.00,1.0,0.0
2428,-1.1046,26.97,26.97,2.00,2.00,22.6000,40.00,1.0,0.0
2429,-1.7575,50.50,48.12,8.00,16.30,33.9000,60.00,1.0,0.0
2430,-1.0707,24.71,24.71,8.00,8.00,22.6000,40.00,1.0,0.0
2431,-0.9616,17.44,17.44,8.00,8.00,22.6000,40.00,1.0,0.0
2432,-1.0146,20.98,20.98,2.00,2.00,33.9000,60.00,1.0,0.0
2433,-1.1203,46.36,46.36,2.50,2.50,45.2000,80.00,1.0,0.0
2434,-1.8308,28.39,28.39,16.10,16.10,45.2000,80.00,1.0,0.0
2435,-4.7500,28.59,28.59,14.00,14.00,22.6000,40.00,1.0,0.0
2436,-1.8578,17.19,24.25,14.00,14.00,22.6000,40.00,1.0,0.0
2437,-1.4352,49.01,53.37,2.00,2.00,45.2000,80.00,1.0,0.0
2438,-2.1156,26.04,26.04,16.50,16.50,22.6000,40.00,1.0,0.0
2439,-1.7789,23.26,25.80,10.60,14.40,45.2000,80.00,1.0,0.0
2440,-0.9318,15.45,15.45,8.00,8.00,22.6000,40.00,1.0,0.0
2441,-2.4892,52.62,52.18,10.00,14.00,45.2000,80.00,1.0,0.0
2442,-1.7599,23.99,23.99,10.00,10.00,22.6000,40.00,1.0,0.0
2443,-2.8957,28.05,50.00,19.50,75.00,33.9000,60.00,1.0,0.0
2444,-1.8550,17.67,28.53,13.80,23.20,22.6000,40.00,1.0,0.0
2445,-1.4021,46.81,46.81,8.00,8.00,33.9000,60.00,1.0,0.0
2446,-1.9995,26.64,26.64,14.00,14.00,33.9000,60.00,1.0,0.0
2447,-4.6000,50.00,50.00,53.00,53.00,33.9000,60.00,1.0,0.0
2448,-1.3058,17.06,17.06,9.00,9.00,22.6000,40.00,1.0,0.0
2449,-1.8318,48.12,48.12,10.20,10.20,22.6000,40.00,1.0,0.0
2450,-1.9576,23.84,23.84,14.00,14.00,45.2000,80.00,1.0,0.0
2451,-1.8278,15.19,15.19,14.00,14.00,27.2000,50.00,1.0,0.0
2452,-1.0104,20.69,20.69,2.00,2.00,22.6000,40.00,1.0,0.0
2453,-1.2867,49.11,49.11,5.00,5.00,27.2000,50.00,1.0,0.0
2454,-1.9811,29.41,29.41,12.80,12.80,22.6000,40.00,1.0,0.0
2455,-0.8961,13.08,13.08,8.00,8.00,27.2000,50.00,1.0,0.0
2456,-1.9833,18.88,22.23,10.00,14.00,45.2000,80.00,1.0,0.0
2457,-1.3721,44.81,53.79,2.00,2.00,45.2000,80.00,1.0,0.0
2458,-115.0404,92.82,92.82,2.00,2.00,45.2000,80.00,1.0,0.0
2459,-1.8012,25.74,29.78,10.30,22.90,22.6000,40.00,1.0,0.0
2460,-2.1393,29.29,28.53,10.00,14.00,45.2000,80.00,1.0,0.0
2461,-1.5235,54.90,54.90,8.00,8.00,22.6000,40.00,1.0,0.0
2462,-210.2864,96.62,96.62,2.00,2.00,33.9000,60.00,1.0,0.0
2463,-1.2392,20.95,20.95,6.50,6.50,22.6000,40.00,1.0,0.0
2464,-2.3313,25.75,25.75,20.90,20.90,22.6000,40.00,1.0,0.0
2465,-1.2330,35.53,35.53,8.00,8.00,22.6000,40.00,1.0,0.0
2466,-1.9645,24.30,24.30,14.00,14.00,22.6000,40.00,1.0,0.0
2467,-0.7748,11.65,11.65,6.00,6.00,33.9000,60.00,1.0,0.0
2468,-0.9465,16.44,16.44,2.00,2.00,33.9000,60.00,1.0,0.0
2469,-2.0126,52.84,52.84,12.40,12.40,22.6000,40.00,1.0,0.0
2470,-1.9074,20.49,20.49,14.00,14.00,45.2000,80.00,1.0,0.0
2471,-1.0564,23.76,23.76,8.00,8.00,22.6000,40.00,1.0,0.0
2472,-2.8285,26.90,21.62,18.50,19.50,27.2000,50.00,1.0,0.0
2473,-2.3895,54.30,54.30,13.50,13.50,22.6000,40.00,1.0,0.0
2474,-2.4376,20.84,96.55,18.50,10.30,22.6000,40.00,1.0,0.0
2475,-1.9785,25.23,23.60,14.00,14.00,27.2000,50.00,1.0,0.0
2476,-1.0343,22.29,22.29,8.00,8.00,33.9000,60.00,1.0,0.0
2477,-3.0516,41.77,53.55,18.50,19.50,22.6000,40.00,1.0,0.0
2478,-0.8838,20.59,20.59,5.50,5.50,22.6000,40.00,1.0,0.0
2479,-1.4680,29.53,28.07,8.50,13.50,22.6000,40.00,1.0,0.0
2480,-1.1144,27.63,27.63,8.00,8.00,22.6000,40.00,1.0,0.0
2481,-2.4393,49.28,48.87,10.00,14.00,33.9000,60.00,1.0,0.0
2482,-1.1578,15.52,15.52,6.50,6.50,45.2000,80.00,1.0,0.0
2483,-2.0166,24.44,24.44,15.00,15.00,45.2000,80.00,1.0,0.0
2484,-1.9984,22.56,25.64,15.20,17.80,45.2000,80.00,1.0,0.0
2485,-1.4270,48.46,48.46,8.00,8.00,45.2000,80.00,1.0,0.0
2486,-1.1217,28.12,28.12,8.00,8.00,45.2000,80.00,1.0,0.0
2487,-3.8500,50.00,50.00,50.00,50.00,33.9000,60.00,1.0,0.0
2488,-1.8104,24.03,18.41,5.00,5.00,22.6000,40.00,1.0,0.0
2489,-1.6659,49.73,49.73,6.40,6.40,33.9000,60.00,1.0,0.0
2490,-1.9728,24.85,24.85,14.00,14.00,33.9000,60.00,1.0,0.0
2491,-1.1172,27.82,27.82,8.00,8.00,33.9000,60.00,1.0,0.0
2492,-1.8820,28.80,29.43,5.00,5.00,22.6000,40.00,1.0,0.0
2493,-1.3610,44.07,36.43,2.00,2.00,33.9000,60.00,1.0,0.0
2494,-1.5098,17.32,17.32,13.00,13.00,33.9000,60.00,1.0,0.0
2495,-0.9699,17.99,17.99,8.00,8.00,27.2000,50.00,1.0,0.0
2496,-0.9961,19.74,19.74,8.00,8.00,22.6000,40.00,1.0,0.0
2497,-2.2239,51.59,53.92,5.00,5.00,33.9000,60.00,1.0,0.0
2498,-2.0928,19.52,19.52,18.00,18.00,33.9000,60.00,1.0,0.0
2499,-2.2487,25.24,50.00,19.40,75.00,33.9000,60.00,1.0,0.0
2500,-1.0753,25.02,25.02,8.00,8.00,45.2000,80.00,1.0,0.0
2501,-2.2964,39.76,51.56,10.00,14.00,45.2000,80.00,1.0,0.0
2502,-231.8929,97.08,97.08,2.00,2.00,45.2000,80.00,1.0,0.0
2503,-3.8500,50.00,50.00,50.00,50.00,22.6000,40.00,1.0,0.0
2504,-1.5607,26.05,27.66,11.40,14.60,45.2000,80.00,1.0,0.0
2505,-2.4772,51.81,49.42,10.00,14.00,22.6000,40.00,1.0,0.0
2506,-2.0391,29.27,29.27,14.00,14.00,22.6000,40.00,1.0,0.0
2507,-3.8500,50.00,50.00,50.00,50.00,22.6000,40.00,1.0,0.0
2508,-1.7125,20.83,26.08,10.00,11.00,33.9000,60.00,1.0,0.0
2509,-2.0061,37.74,37.74,16.80,16.80,33.9000,60.00,1.0,0.0
2510,-1.8915,19.43,19.43,14.00,14.00,33.9000,60.00,1.0,0.0
2511,-2.0356,29.04,29.04,14.00,14.00,33.9000,60.00,1.0,0.0
2512,-0.6254,10.03,10.03,3.50,3.50,33.9000,60.00,1.0,0.0
2513,-1.3081,40.54,50.37,2.00,2.00,33.9000,60.00,1.0,0.0
2514,-1.1854,15.03,27.19,7.20,18.30,22.6000,40.00,1.0,0.0
2515,-0.9394,15.96,15.96,8.00,8.00,33.9000,60.00,1.0,0.0
2516,-0.8611,10.74,10.74,8.00,8.00,45.2000,80.00,1.0,0.0
2517,-2.2415,47.77,46.12,12.50,11.00,45.2000,80.00,1.0,0.0
2518,-2.9879,22.53,97.42,23.00,21.50,22.6000,40.00,1.0,0.0
2519,-1.7995,16.97,50.00,12.90,75.00,45.2000,80.00,1.0,0.0
2520,-2.1429,29.53,27.21,10.00,14.00,33.9000,60.00,1.0,0.0
2521,-2.4161,47.74,48.22,10.00,14.00,22.6000,40.00,1.0,0.0
2522,-249.5201,97.40,97.40,2.00,2.00,22.6000,40.00,1.0,0.0
2523,-1.0575,22.17,22.17,8.50,8.50,22.6000,40.00,1.0,0.0
2524,-0.8134,23.56,23.56,3.20,3.20,45.2000,80.00,1.0,0.0
2525,-1.2958,39.72,39.72,8.00,8.00,22.6000,40.00,1.0,0.0
2526,-1.9177,21.18,21.18,14.00,14.00,22.6000,40.00,1.0,0.0
2527,-1.8897,25.98,25.98,12.00,12.00,33.9000,60.00,1.0,0.0
2528,-1.1228,28.19,18.00,2.00,2.00,45.2000,80.00,1.0,0.0
2529,-2.4300,45.00,45.00,17.10,17.10,45.2000,80.00,1.0,0.0
2530,-1.1034,26.89,26.89,8.00,8.00,33.9000,60.00,1.0,0.0
2531,-0.9103,14.02,14.02,8.00,8.00,27.2000,50.00,1.0,0.0
2532,-2.9998,26.66,26.66,22.00,22.00,22.6000,40.00,1.0,0.0
2533,-1.4320,48.80,41.27,2.00,2.00,22.6000,40.00,1.0,0.0
2534,-1.4258,26.06,26.06,8.70,8.70,27.2000,50.00,1.0,0.0
2535,-1.0416,22.78,22.78,8.00,8.00,33.9000,60.00,1.0,0.0
2536,-0.9110,14.07,14.07,8.00,8.00,22.6000,40.00,1.0,0.0
2537,-1.3077,40.52,45.13,2.00,2.00,45.2000,80.00,1.0,0.0
2538,-1.8592,23.95,23.95,12.00,12.00,33.9000,60.00,1.0,0.0
2539,-0.8565,26.77,26.77,3.10,3.10,22.6000,40.00,1.0,0.0
2540,-0.9177,14.51,14.51,8.00,8.00,22.6000,40.00,1.0,0.0
2541,-1.3518,43.46,43.46,8.00,8.00,33.9000,60.00,1.0,0.0
2542,-2.2010,26.73,95.22,12.00,13.50,22.6000,40.00,1.0,0.0
2543,-0.6546,13.64,13.64,3.00,3.00,33.9000,60.00,1.0,0.0
2544,-1.7810,21.74,14.89,11.10,11.90,33.9000,60.00,1.0,0.0
2545,-1.4857,52.38,52.38,8.00,8.00,33.9000,60.00,1.0,0.0
2546,-2.0161,27.74,27.74,14.00,14.00,33.9000,60.00,1.0,0.0
2547,-3.8500,50.00,50.00,50.00,50.00,22.6000,40.00,1.0,0.0
2548,-1.8021,23.48,29.78,5.00,5.00,33.9000,60.00,1.0,0.0
2549,-1.7954,47.02,47.02,9.80,9.80,45.2000,80.00,1.0,0.0
2550,-1.0031,20.21,20.21,8.00,8.00,22.6000,40.00,1.0,0.0
2551,-1.8571,17.14,17.14,14.00,14.00,22.6000,40.00,1.0,0.0
2552,-0.5554,10.36,10.36,2.00,2.00,22.6000,40.00,1.0,0.0
2553,-3.0962,51.42,51.42,16.50,16.50,22.6000,40.00,1.0,0.0
2554,-0.8225,16.17,16.17,5.60,5.60,38.5000,70.00,1.0,0.0
2555,-1.7967,13.12,19.47,14.00,14.00,38.5000,70.00,1.0,0.0
2556,-0.9243,14.95,14.95,8.00,8.00,45.2000,80.00,1.0,0.0
2557,-1.5736,43.24,43.24,6.50,6.50,22.6000,40.00,1.0,0.0
2558,-0.7541,13.61,13.61,5.00,5.00,22.6000,40.00,1.0,0.0
2559,-1.6184,26.23,26.23,12.50,12.50,33.9000,60.00,1.0,0.0
2560,-1.1149,27.66,27.66,8.00,8.00,22.6000,40.00,1.0,0.0
2561,-1.3035,40.24,40.24,8.00,8.00,33.9000,60.00,1.0,0.0
2562,-160.2889,95.13,96.48,2.00,2.00,22.6000,40.00,1.0,0.0
2563,-3.8500,50.00,50.00,50.00,50.00,33.9000,60.00,1.0,0.0
2564,-1.4658,13.05,13.05,13.40,13.40,22.6000,40.00,1.0,0.0
2565,-2.5141,54.27,52.30,10.00,14.00,45.2000,80.00,1.0,0.0
2566,-1.9235,21.57,21.57,14.00,14.00,45.2000,80.00,1.0,0.0
2567,-1.3216,23.11,23.11,7.50,7.50,22.6000,40.00,1.0,0.0
2568,-1.8354,17.36,17.36,13.50,13.50,22.6000,40.00,1.0,0.0
2569,-2.1764,44.43,39.79,12.20,15.10,33.9000,60.00,1.0,0.0
2570,-0.9211,14.74,14.74,8.00,8.00,22.6000,40.00,1.0,0.0
2571,-2.0353,29.02,29.02,14.00,14.00,33.9000,60.00,1.0,0.0
2572,-2.0405,29.37,29.37,14.00,14.00,45.2000,80.00,1.0,0.0
2573,-1.4606,50.71,53.65,2.00,2.00,45.2000,80.00,1.0,0.0
2574,-0.9120,13.13,13.13,8.30,8.30,33.9000,60.00,1.0,0.0
2575,-1.9445,22.97,28.51,14.00,14.00,38.5000,70.00,1.0,0.0
2576,-0.8528,10.19,10.19,8.00,8.00,33.9000,60.00,1.0,0.0
2577,-2.3325,50.50,50.50,13.50,13.50,33.9000,60.00,1.0,0.0
2578,-161.5335,95.17,95.86,2.00,2.00,22.6000,40.00,1.0,0.0
2579,-0.8413,21.09,21.09,4.50,4.50,33.9000,60.00,1.0,0.0
2580,-1.1064,27.10,27.10,8.00,8.00,45.2000,80.00,1.0,0.0
2581,-2.3164,41.09,48.98,10.00,14.00,33.9000,60.00,1.0,0.0
2582,-96.7958,91.25,91.05,7.00,5.00,22.6000,40.00,1.0,0.0
2583,-4.6000,50.00,50.00,53.00,53.00,45.2000,80.00,1.0,0.0
2584,-1.1193,28.62,28.62,7.80,7.80,33.9000,60.00,1.0,0.0
2585,-1.2682,37.88,37.88,8.00,8.00,22.6000,40.00,1.0,0.0
2586,-1.9069,20.46,20.46,14.00,14.00,22.6000,40.00,1.0,0.0
2587,-2.2110,27.40,27.40,18.00,18.00,45.2000,80.00,1.0,0.0
2588,-1.3296,18.64,18.64,9.00,9.00,33.9000,60.00,1.0,0.0
2589,-1.8042,46.61,46.61,10.10,10.10,45.2000,80.00,1.0,0.0
2590,-0.8749,11.66,11.66,8.00,8.00,45.2000,80.00,1.0,0.0
2591,-1.1044,26.96,26.96,8.00,8.00,38.5000,70.00,1.0,0.0
2592,-1.1324,28.82,28.82,2.00,2.00,38.5000,70.00,1.0,0.0
2593,-2.5971,53.14,53.14,18.00,18.00,27.2000,50.00,1.0,0.0
2594,-1.6901,20.67,16.48,9.60,17.00,33.9000,60.00,1.0,0.0
2595,-2.0371,29.14,29.14,14.00,14.00,22.6000,40.00,1.0,0.0
2596,-2.0093,27.29,26.64,14.00,14.00,45.2000,80.00,1.0,0.0
2597,-1.5065,53.77,42.36,2.00,2.00,22.6000,40.00,1.0,0.0
2598,-1.7034,20.23,20.23,10.00,10.00,22.6000,40.00,1.0,0.0
2599,-1.7844,28.62,50.00,15.10,50.00,33.9000,60.00,1.0,0.0
2600,-2.9338,24.27,24.27,8.00,8.00,45.2000,80.00,1.0,0.0
2601,-2.3061,47.07,52.19,14.00,14.00,33.9000,60.00,1.0,0.0
2602,-81.7300,89.80,93.94,2.00,2.00,22.6000,40.00,1.0,0.0
2603,-4.6000,50.00,50.00,53.00,53.00,45.2000,80.00,1.0,0.0
2604,-1.4903,22.02,22.02,11.20,11.20,22.6000,40.00,1.0,0.0
2605,-1.3267,41.78,41.78,8.00,8.00,33.9000,60.00,1.0,0.0
2606,-1.0778,25.19,25.19,8.00,8.00,45.2000,80.00,1.0,0.0
2607,-3.8500,50.00,50.00,50.00,50.00,33.9000,60.00,1.0,0.0
2608,-1.8680,27.87,19.70,5.00,5.00,33.9000,60.00,1.0,0.0
2609,-2.5038,43.25,48.04,19.10,19.30,22.6000,40.00,1.0,0.0
2610,-1.1127,27.51,27.51,8.00,8.00,45.2000,80.00,1.0,0.0
2611,-1.0157,21.05,21.05,8.00,8.00,38.5000,70.00,1.0,0.0
2612,-0.9482,16.54,16.54,2.00,2.00,33.9000,60.00,1.0,0.0
2613,-1.4514,50.09,51.16,2.00,2.00,27.2000,50.00,1.0,0.0
2614,-0.7055,15.03,15.03,3.60,3.60,27.2000,50.00,1.0,0.0
2615,-2.0018,26.78,28.38,14.00,14.00,27.2000,50.00,1.0,0.0
2616,-0.9342,15.62,15.62,8.00,8.00,33.9000,60.00,1.0,0.0
2617,-1.3281,40.20,40.20,8.50,8.50,45.2000,80.00,1.0,0.0
2618,-1.5443,26.29,26.29,11.00,11.00,33.9000,60.00,1.0,0.0
2619,-1.3335,18.23,19.81,9.20,13.70,22.6000,40.00,1.0,0.0
2620,-1.9329,22.19,22.19,14.00,14.00,45.2000,80.00,1.0,0.0
2621,-1.2984,39.89,39.89,8.00,8.00,22.6000,40.00,1.0,0.0
2622,-1.4817,27.11,27.11,9.50,9.50,33.9000,60.00,1.0,0.0
2623,-0.8312,27.08,27.08,2.50,2.50,22.6000,40.00,1.0,0.0
2624,-1.0094,20.63,20.63,8.00,8.00,45.2000,80.00,1.0,0.0
2625,-2.2206,41.37,41.37,14.00,14.00,45.2000,80.00,1.0,0.0
2626,-0.9603,17.35,17.35,8.00,8.00,22.6000,40.00,1.0,0.0
2627,-0.8161,16.07,16.07,5.50,5.50,33.9000,60.00,1.0,0.0
2628,-2.6451,21.32,21.32,5.00,5.00,33.9000,60.00,1.0,0.0
2629,-2.1213,51.42,51.42,15.00,15.00,22.6000,40.00,1.0,0.0
2630,-0.8613,10.75,10.75,8.00,8.00,33.9000,60.00,1.0,0.0
2631,-0.9649,17.66,17.66,8.00,8.00,38.5000,70.00,1.0,0.0
2632,-1.0246,21.64,27.62,2.00,2.00,22.6000,40.00,1.0,0.0
2633,-1.3570,43.80,43.80,2.00,2.00,22.6000,40.00,1.0,0.0
2634,-2.1655,23.70,96.41,18.20,10.80,22.6000,40.00,1.0,0.0
2635,-1.9528,23.52,20.89,14.00,14.00,22.6000,40.00,1.0,0.0
2636,-1.9642,24.28,27.27,14.00,14.00,22.6000,40.00,1.0,0.0
2637,-1.3155,41.04,41.04,2.00,2.00,45.2000,80.00,1.0,0.0
2638,-3.1398,27.65,27.65,24.50,24.50,45.2000,80.00,1.0,0.0
2639,-1.0197,27.65,27.65,6.10,6.10,45.2000,80.00,1.0,0.0
2640,-1.9999,26.66,27.06,14.00,14.00,22.6000,40.00,1.0,0.0
2641,-1.2420,36.13,36.13,8.00,8.00,22.6000,40.00,1.0,0.0
2642,-133.6958,93.94,95.33,2.00,2.00,45.2000,80.00,1.0,0.0
2643,-3.8500,50.00,50.00,50.00,50.00,22.6000,40.00,1.0,0.0
2644,-1.8416,23.44,27.81,11.80,20.10,33.9000,60.00,1.0,0.0
2645,-2.4013,46.75,53.99,10.00,14.00,22.6000,40.00,1.0,0.0
2646,-1.9065,20.43,20.43,14.00,14.00,22.6000,40.00,1.0,0.0
2647,-1.2138,25.92,25.92,4.50,4.50,22.6000,40.00,1.0,0.0
2648,-3.1151,26.01,26.01,24.50,24.50,22.6000,40.00,1.0,0.0
2649,-1.8230,50.87,50.87,9.20,9.20,45.2000,80.00,1.0,0.0
2650,-2.0413,29.42,29.42,14.00,14.00,45.2000,80.00,1.0,0.0
2651,-1.9873,25.82,25.82,14.00,14.00,22.6000,40.00,1.0,0.0
2652,-1.1423,29.49,24.03,2.00,2.00,27.2000,50.00,1.0,0.0
2653,-1.4548,50.32,51.56,2.00,2.00,22.6000,40.00,1.0,0.0
2654,-0.9479,21.53,21.53,6.50,6.50,22.6000,40.00,1.0,0.0
2655,-0.9195,14.64,14.64,8.00,8.00,33.9000,60.00,1.0,0.0
2656,-2.1324,28.83,27.74,10.00,14.00,22.6000,40.00,1.0,0.0
2657,-3.0385,54.23,54.23,20.50,20.50,22.6000,40.00,1.0,0.0
2658,-2.6697,29.65,29.65,20.50,20.50,33.9000,60.00,1.0,0.0
2659,-1.4336,12.24,12.24,13.00,13.00,45.2000,80.00,1.0,0.0
2660,-2.0947,26.31,27.79,10.00,14.00,22.6000,40.00,1.0,0.0
2661,-1.2444,36.30,36.30,8.00,8.00,45.2000,80.00,1.0,0.0
2662,-75.6148,89.01,95.54,2.00,2.00,22.6000,40.00,1.0,0.0
2663,-4.6000,50.00,50.00,53.00,53.00,33.9000,60.00,1.0,0.0
2664,-0.8368,20.78,20.78,4.50,4.50,33.9000,60.00,1.0,0.0
2665,-1.3608,44.05,44.05,8.00,8.00,45.2000,80.00,1.0,0.0
2666,-2.0401,29.34,29.34,14.00,14.00,22.6000,40.00,1.0,0.0
2667,-0.6801,17.01,17.01,2.50,2.50,45.2000,80.00,1.0,0.0
2668,-1.7474,19.83,29.89,5.00,5.00,22.6000,40.00,1.0,0.0
2669,-1.9795,52.64,52.64,11.80,11.80,22.6000,40.00,1.0,0.0
2670,-0.8676,11.18,11.18,8.00,8.00,22.6000,40.00,1.0,0.0
2671,-0.9992,19.95,19.95,8.00,8.00,22.6000,40.00,1.0,0.0
2672,-0.8257,23.38,23.38,3.50,3.50,33.9000,60.00,1.0,0.0
2673,-1.9042,40.28,40.28,14.00,14.00,22.6000,40.00,1.0,0.0
2674,-0.7362,10.75,10.75,5.50,5.50,38.5000,70.00,1.0,0.0
2675,-1.0351,22.34,22.34,8.00,8.00,38.5000,70.00,1.0,0.0
2676,-1.0363,22.42,22.42,8.00,8.00,22.6000,40.00,1.0,0.0
2677,-3.3727,54.85,54.16,21.00,16.50,45.2000,80.00,1.0,0.0
2678,-128.8845,93.68,96.83,2.00,2.00,22.6000,40.00,1.0,0.0
2679,-1.3453,22.02,20.75,8.30,10.20,33.9000,60.00,1.0,0.0
2680,-1.0286,21.91,21.91,8.00,8.00,33.9000,60.00,1.0,0.0
2681,-2.5097,53.98,51.74,10.00,14.00,22.6000,40.00,1.0,0.0
2682,-97.3588,91.37,86.91,5.00,5.00,45.2000,80.00,1.0,0.0
2683,-3.0601,27.34,27.34,23.00,23.00,33.9000,60.00,1.0,0.0
2684,-2.4063,15.75,25.39,19.40,27.10,45.2000,80.00,1.0,0.0
2685,-2.2572,43.82,51.34,14.00,14.00,45.2000,80.00,1.0,0.0
2686,-1.8803,18.68,18.68,14.00,14.00,22.6000,40.00,1.0,0.0
2687,-1.0328,28.85,28.85,6.00,6.00,22.6000,40.00,1.0,0.0
2688,-3.4235,28.23,29.73,24.00,20.50,45.2000,80.00,1.0,0.0
2689,-1.9654,45.70,45.70,13.60,13.60,33.9000,60.00,1.0,0.0
2690,-1.9932,26.21,26.21,14.00,14.00,22.6000,40.00,1.0,0.0
2691,-2.0176,27.84,29.73,14.00,14.00,22.6000,40.00,1.0,0.0
2692,-1.5331,25.54,25.54,11.00,11.00,33.9000,60.00,1.0,0.0
2693,-1.0935,39.57,39.57,4.00,4.00,22.6000,40.00,1.0,0.0
2694,-1.7173,17.49,17.49,17.10,17.10,22.6000,40.00,1.0,0.0
2695,-0.9814,18.76,18.76,8.00,8.00,38.5000,70.00,1.0,0.0
2696,-1.0991,26.61,26.61,8.00,8.00,45.2000,80.00,1.0,0.0
2697,-1.2743,38.29,49.65,2.00,2.00,22.6000,40.00,1.0,0.0
2698,-0.9538,25.25,25.25,5.50,5.50,45.2000,80.00,1.0,0.0
2699,-1.1925,26.17,26.17,10.00,10.00,33.9000,60.00,1.0,0.0
2700,-0.8790,11.93,11.93,8.00,8.00,45.2000,80.00,1.0,0.0
2701,-1.2837,38.91,38.91,8.00,8.00,45.2000,80.00,1.0,0.0
2702,-2.1387,27.58,27.58,16.50,16.50,22.6000,40.00,1.0,0.0
2703,-3.8500,50.00,50.00,50.00,50.00,33.9000,60.00,1.0,0.0
2704,-1.2320,18.80,25.22,7.00,9.20,22.6000,40.00,1.0,0.0
2705,-2.4394,49.29,51.56,10.00,14.00,33.9000,60.00,1.0,0.0
2706,-0.9685,17.90,17.90,8.00,8.00,22.6000,40.00,1.0,0.0
2707,-1.1946,29.64,29.64,3.00,3.00,45.2000,80.00,1.0,0.0
2708,-0.6891,19.27,19.27,2.00,2.00,22.6000,40.00,1.0,0.0
2709,-2.8667,49.78,49.78,24.40,24.40,22.6000,40.00,1.0,0.0
2710,-1.8652,17.68,17.68,14.00,14.00,45.2000,80.00,1.0,0.0
2711,-1.9916,26.10,26.10,14.00,14.00,27.2000,50.00,1.0,0.0
2712,-2.2286,15.24,29.16,16.00,17.00,22.6000,40.00,1.0,0.0
2713,-2.8045,50.30,50.30,17.00,17.00,22.6000,40.00,1.0,0.0
2714,-0.9476,18.17,18.17,7.50,7.50,22.6000,40.00,1.0,0.0
2715,-1.0782,25.21,25.21,8.00,8.00,22.6000,40.00,1.0,0.0
2716,-1.0541,23.61,23.61,8.00,8.00,45.2000,80.00,1.0,0.0
2717,-2.6003,48.35,48.35,13.50,13.50,22.6000,40.00,1.0,0.0
2718,-125.0168,93.45,93.45,2.00,2.00,33.9000,60.00,1.0,0.0
2719,-1.9416,17.77,50.00,15.50,75.00,33.9000,60.00,1.0,0.0
2720,-2.1465,29.77,23.84,10.00,14.00,33.9000,60.00,1.0,0.0
2721,-1.3393,42.62,42.62,8.00,8.00,22.6000,40.00,1.0,0.0
2722,-93.0058,90.95,90.95,5.00,5.00,33.9000,60.00,1.0,0.0
2723,-1.0139,17.60,26.44,3.00,3.00,33.9000,60.00,1.0,0.0
2724,-1.3079,21.86,21.86,7.60,7.60,33.9000,60.00,1.0,0.0
2725,-2.5239,54.93,54.10,10.00,14.00,22.6000,40.00,1.0,0.0
2726,-1.0548,23.65,23.65,8.00,8.00,45.2000,80.00,1.0,0.0
2727,-1.9480,29.87,29.87,12.00,12.00,45.2000,80.00,1.0,0.0
2728,-0.8556,28.71,28.71,2.50,2.50,22.6000,40.00,1.0,0.0
2729,-1.1814,45.43,45.43,4.00,4.00,22.6000,40.00,1.0,0.0
2730,-0.9532,16.88,16.88,8.00,8.00,22.6000,40.00,1.0,0.0
2731,-1.8974,19.83,19.83,14.00,14.00,33.9000,60.00,1.0,0.0
2732,-1.8502,18.35,18.35,13.50,13.50,27.2000,50.00,1.0,0.0
2733,-3.0076,52.18,52.18,20.50,20.50,27.2000,50.00,1.0,0.0
2734,-2.9438,25.92,95.15,27.10,6.90,27.2000,50.00,1.0,0.0
2735,-1.9024,20.16,28.14,14.00,14.00,27.2000,50.00,1.0,0.0
2736,-1.1097,27.31,27.31,8.00,8.00,45.2000,80.00,1.0,0.0
2737,-0.9999,38.32,38.32,2.50,2.50,22.6000,40.00,1.0,0.0
2738,-97.7905,91.40,91.40,5.00,5.00,33.9000,60.00,1.0,0.0
2739,-1.0563,29.75,29.75,6.20,6.20,33.9000,60.00,1.0,0.0
2740,-0.8537,10.25,10.25,8.00,8.00,33.9000,60.00,1.0,0.0
2741,-2.4299,48.66,49.81,10.00,14.00,33.9000,60.00,1.0,0.0
2742,-200.0518,96.37,96.37,2.00,2.00,45.2000,80.00,1.0,0.0
2743,-3.8500,50.00,50.00,50.00,50.00,33.9000,60.00,1.0,0.0
2744,-1.5355,17.36,27.74,13.50,12.60,33.9000,60.00,1.0,0.0
2745,-1.3232,41.55,41.55,8.00,8.00,22.6000,40.00,1.0,0.0
2746,-1.9656,24.37,24.37,14.00,14.00,45.2000,80.00,1.0,0.0
2747,-2.3058,18.72,50.00,16.50,75.00,45.2000,80.00,1.0,0.0
2748,-2.9885,27.56,24.13,21.50,23.00,33.9000,60.00,1.0,0.0
2749,-1.2633,39.88,39.88,7.30,7.30,33.9000,60.00,1.0,0.0
2750,-0.9764,18.43,18.43,8.00,8.00,33.9000,60.00,1.0,0.0
2751,-2.0309,28.73,27.72,14.00,14.00,22.6000,40.00,1.0,0.0
2752,-1.8819,24.79,28.32,12.20,6.50,27.2000,50.00,1.0,0.0
2753,-1.1293,46.95,46.95,2.50,2.50,27.2000,50.00,1.0,0.0
2754,-1.4126,17.51,17.51,11.00,11.00,45.2000,80.00,1.0,0.0
2755,-2.0321,28.81,19.62,14.00,14.00,22.6000,40.00,1.0,0.0
2756,-0.9582,17.22,17.22,8.00,8.00,33.9000,60.00,1.0,0.0
2757,-1.5662,49.41,49.41,4.50,4.50,45.2000,80.00,1.0,0.0
2758,-1.2803,23.68,23.68,6.50,6.50,33.9000,60.00,1.0,0.0
2759,-2.5824,26.50,26.50,19.70,19.70,22.6000,40.00,1.0,0.0
2760,-0.8747,11.65,11.65,8.00,8.00,33.9000,60.00,1.0,0.0
2761,-1.3419,42.79,42.79,8.00,8.00,45.2000,80.00,1.0,0.0
2762,-110.6122,92.51,92.51,2.00,2.00,45.2000,80.00,1.0,0.0
2763,-1.1062,23.75,27.68,3.00,3.00,22.6000,40.00,1.0,0.0
2764,-1.0240,27.60,27.60,6.20,6.20,22.6000,40.00,1.0,0.0
2765,-1.4127,47.51,47.51,8.00,8.00,22.6000,40.00,1.0,0.0
2766,-2.0008,26.72,26.72,14.00,14.00,33.9000,60.00,1.0,0.0
2767,-3.0949,29.66,50.00,23.00,83.00,45.2000,80.00,1.0,0.0
2768,-1.7920,22.80,25.90,5.00,5.00,22.6000,40.00,1.0,0.0
2769,-1.8143,42.62,52.99,11.50,14.00,45.2000,80.00,1.0,0.0
2770,-1.8981,19.87,19.87,14.00,14.00,33.9000,60.00,1.0,0.0
2771,-1.8563,17.09,17.09,14.00,14.00,38.5000,70.00,1.0,0.0
2772,-1.8202,24.68,23.80,5.00,5.00,38.5000,70.00,1.0,0.0
2773,-2.0342,38.95,49.49,5.00,5.00,22.6000,40.00,1.0,0.0
2774,-2.4503,22.36,24.88,18.30,18.90,27.2000,50.00,1.0,0.0
2775,-0.9450,16.33,16.33,8.00,8.00,27.2000,50.00,1.0,0.0
2776,-1.9970,26.47,26.11,14.00,14.00,22.6000,40.00,1.0,0.0
2777,-2.1574,50.49,54.86,10.00,11.00,45.2000,80.00,1.0,0.0
2778,-0.8362,27.41,27.41,2.50,2.50,45.2000,80.00,1.0,0.0
2779,-1.0876,24.84,24.84,8.30,8.30,22.6000,40.00,1.0,0.0
2780,-1.9747,24.98,25.67,14.00,14.00,33.9000,60.00,1.0,0.0
2781,-1.2581,37.21,37.21,8.00,8.00,33.9000,60.00,1.0,0.0
2782,-215.6656,96.73,93.75,4.00,2.00,33.9000,60.00,1.0,0.0
2783,-3.3248,29.98,50.00,21.50,100.00,22.6000,40.00,1.0,0.0
2784,-1.6208,25.72,25.72,12.70,12.70,33.9000,60.00,1.0,0.0
2785,-2.5110,54.07,45.34,10.00,14.00,33.9000,60.00,1.0,0.0
2786,-2.0451,29.67,29.67,14.00,14.00,22.6000,40.00,1.0,0.0
2787,-2.4329,28.86,50.00,16.00,78.00,45.2000,80.00,1.0,0.0
2788,-3.1710,29.73,29.73,24.50,24.50,22.6000,40.00,1.0,0.0
2789,-2.7564,50.43,50.43,22.00,22.00,33.9000,60.00,1.0,0.0
2790,-1.9454,23.03,23.03,14.00,14.00,22.6000,40.00,1.0,0.0
2791,-1.9508,23.39,23.39,14.00,14.00,38.5000,70.00,1.0,0.0
2792,-1.9318,23.79,23.79,13.50,13.50,38.5000,70.00,1.0,0.0
2793,-1.2054,50.36,50.36,3.00,3.00,27.2000,50.00,1.0,0.0
2794,-0.9612,26.08,26.08,5.40,5.40,38.5000,70.00,1.0,0.0
2795,-0.9693,17.95,17.95,8.00,8.00,45.2000,80.00,1.0,0.0
2796,-1.8463,16.42,24.72,14.00,14.00,22.6000,40.00,1.0,0.0
2797,-1.9683,54.55,54.55,11.00,11.00,45.2000,80.00,1.0,0.0
2798,-64.2064,87.23,96.56,2.00,2.00,33.9000,60.00,1.0,0.0
2799,-2.6820,25.47,50.00,22.00,75.00,22.6000,40.00,1.0,0.0
2800,-0.9587,17.25,17.25,8.00,8.00,45.2000,80.00,1.0,0.0
2801,-1.2272,35.14,35.14,8.00,8.00,45.2000,80.00,1.0,0.0
2802,-67.3883,87.77,87.77,2.00,2.00,45.2000,80.00,1.0,0.0
2803,-4.6000,50.00,50.00,53.00,53.00,33.9000,60.00,1.0,0.0
2804,-2.0324,19.16,19.16,16.90,16.90,33.9000,60.00,1.0,0.0
2805,-1.2273,35.15,35.15,8.00,8.00,33.9000,60.00,1.0,0.0
2806,-1.1452,29.68,29.68,8.00,8.00,45.2000,80.00,1.0,0.0
2807,-3.1018,25.12,25.12,24.50,24.50,45.2000,80.00,1.0,0.0
2808,-1.7644,24.30,21.44,10.00,11.00,33.9000,60.00,1.0,0.0
2809,-1.2463,37.42,37.42,7.70,7.70,45.2000,80.00,1.0,0.0
2810,-2.0328,28.85,28.85,14.00,14.00,33.9000,60.00,1.0,0.0
2811,-0.9339,15.60,15.60,8.00,8.00,22.6000,40.00,1.0,0.0
2812,-1.9987,28.25,28.25,13.50,13.50,22.6000,40.00,1.0,0.0
2813,-2.2273,51.82,52.87,5.00,5.00,33.9000,60.00,1.0,0.0
2814,-2.6284,20.89,95.41,22.30,12.50,38.5000,70.00,1.0,0.0
2815,-1.9535,23.56,29.11,14.00,14.00,27.2000,50.00,1.0,0.0
2816,-2.0924,26.16,22.50,10.00,14.00,45.2000,80.00,1.0,0.0
2817,-3.8397,54.98,54.98,24.30,22.00,33.9000,60.00,1.0,0.0
2818,-59.4914,86.33,97.44,2.00,2.00,45.2000,80.00,1.0,0.0
2819,-0.8642,11.28,11.28,7.90,7.90,22.6000,40.00,1.0,0.0
2820,-2.1470,29.80,29.80,10.00,14.00,33.9000,60.00,1.0,0.0
2821,-2.4436,49.57,52.65,10.00,14.00,33.9000,60.00,1.0,0.0
2822,-3.2926,29.51,97.45,21.00,17.00,45.2000,80.00,1.0,0.0
2823,-3.8500,50.00,50.00,50.00,50.00,45.2000,80.00,1.0,0.0
2824,-2.6727,28.84,23.79,20.80,21.90,33.9000,60.00,1.0,0.0
2825,-2.4014,46.76,48.94,10.00,14.00,22.6000,40.00,1.0,0.0
2826,-1.1202,28.01,28.01,8.00,8.00,33.9000,60.00,1.0,0.0
2827,-0.6449,14.66,14.66,2.50,2.50,22.6000,40.00,1.0,0.0
2828,-1.4046,23.64,23.64,9.00,9.00,45.2000,80.00,1.0,0.0
2829,-1.3978,51.19,51.19,6.60,6.60,33.9000,60.00,1.0,0.0
2830,-0.9943,19.62,19.62,8.00,8.00,22.6000,40.00,1.0,0.0
2831,-0.9899,19.32,19.32,8.00,8.00,38.5000,70.00,1.0,0.0
2832,-0.9581,17.20,17.20,2.00,2.00,27.2000,50.00,1.0,0.0
2833,-3.1536,48.58,51.24,18.50,19.50,27.2000,50.00,1.0,0.0
2834,-2.9117,29.78,29.78,25.30,25.30,38.5000,70.00,1.0,0.0
2835,-0.9167,14.44,14.44,8.00,8.00,22.6000,40.00,1.0,0.0
2836,-2.0687,24.58,24.58,10.00,14.00,45.2000,80.00,1.0,0.0
2837,-2.7744,46.63,53.93,17.50,13.50,22.6000,40.00,1.0,0.0
2838,-1.0996,18.31,18.31,4.50,4.50,33.9000,60.00,1.0,0.0
2839,-0.5824,11.50,11.50,2.20,2.20,33.9000,60.00,1.0,0.0
2840,-2.1277,28.52,27.37,10.00,14.00,33.9000,60.00,1.0,0.0
2841,-1.3758,45.05,45.05,8.00,8.00,33.9000,60.00,1.0,0.0
2842,-0.6955,13.03,13.03,4.00,4.00,33.9000,60.00,1.0,0.0
2843,-3.8500,50.00,50.00,50.00,50.00,22.6000,40.00,1.0,0.0
2844,-1.4666,21.44,21.44,10.90,10.90,22.6000,40.00,1.0,0.0
2845,-1.2806,38.71,38.71,8.00,8.00,22.6000,40.00,1.0,0.0
2846,-1.9280,21.87,21.87,14.00,14.00,22.6000,40.00,1.0,0.0
2847,-0.9056,23.70,23.70,5.00,5.00,33.9000,60.00,1.0,0.0
2848,-1.0691,24.61,26.79,2.00,2.00,33.9000,60.00,1.0,0.0
2849,-1.8400,50.67,50.67,9.60,9.60,22.6000,40.00,1.0,0.0
2850,-1.1047,26.98,26.98,8.00,8.00,22.6000,40.00,1.0,0.0
2851,-2.0128,27.52,26.68,14.00,14.00,38.5000,70.00,1.0,0.0
2852,-0.9517,15.11,15.11,8.50,8.50,38.5000,70.00,1.0,0.0
2853,-2.4932,51.21,51.21,16.50,16.50,38.5000,70.00,1.0,0.0
2854,-1.6126,22.17,22.17,13.60,13.60,38.5000,70.00,1.0,0.0
2855,-2.0308,28.72,20.24,14.00,14.00,27.2000,50.00,1.0,0.0
2856,-1.0400,22.66,22.66,8.00,8.00,33.9000,60.00,1.0,0.0
2857,-2.2161,47.74,47.74,12.00,12.00,33.9000,60.00,1.0,0.0
2858,-183.4774,95.91,95.91,2.00,2.00,33.9000,60.00,1.0,0.0
2859,-0.9968,19.79,19.79,8.00,8.00,22.6000,40.00,1.0,0.0
2860,-2.1128,27.52,28.66,10.00,14.00,45.2000,80.00,1.0,0.0
2861,-1.3293,41.95,41.95,8.00,8.00,22.6000,40.00,1.0,0.0
2862,-107.4077,92.27,92.27,2.00,2.00,45.2000,80.00,1.0,0.0
2863,-4.6000,50.00,50.00,53.00,53.00,45.2000,80.00,1.0,0.0
2864,-1.3815,23.10,23.77,8.70,11.80,33.9000,60.00,1.0,0.0
2865,-1.2384,35.89,35.89,8.00,8.00,45.2000,80.00,1.0,0.0
2866,-0.8883,12.56,12.56,8.00,8.00,33.9000,60.00,1.0,0.0
2867,-1.9611,29.07,24.49,12.50,11.00,45.2000,80.00,1.0,0.0
2868,-1.8333,25.55,27.01,5.00,5.00,45.2000,80.00,1.0,0.0
2869,-1.8753,54.68,54.68,9.10,9.10,45.2000,80.00,1.0,0.0
2870,-2.0045,26.96,26.96,14.00,14.00,33.9000,60.00,1.0,0.0
2871,-1.9062,20.41,20.41,14.00,14.00,38.5000,70.00,1.0,0.0
2872,-1.0928,26.19,21.49,2.00,2.00,38.5000,70.00,1.0,0.0
2873,-1.4728,51.52,53.50,2.00,2.00,22.6000,40.00,1.0,0.0
2874,-2.5967,19.78,93.49,22.00,17.40,33.9000,60.00,1.0,0.0
2875,-0.9048,13.65,13.65,8.00,8.00,22.6000,40.00,1.0,0.0
2876,-1.0178,21.19,21.19,8.00,8.00,33.9000,60.00,1.0,0.0
2877,-3.4858,50.72,50.72,24.50,24.50,45.2000,80.00,1.0,0.0
2878,-0.7849,13.99,13.99,5.50,5.50,33.9000,60.00,1.0,0.0
2879,-0.6367,11.78,11.78,3.20,3.20,22.6000,40.00,1.0,0.0
2880,-0.9475,16.50,16.50,8.00,8.00,45.2000,80.00,1.0,0.0
2881,-2.4458,49.72,50.29,10.00,14.00,33.9000,60.00,1.0,0.0
2882,-2.8114,27.43,97.77,18.00,19.50,45.2000,80.00,1.0,0.0
2883,-2.2354,29.03,29.03,18.00,18.00,22.6000,40.00,1.0,0.0
2884,-2.0822,26.81,26.81,15.60,15.60,22.6000,40.00,1.0,0.0
2885,-1.3277,41.85,41.85,8.00,8.00,33.9000,60.00,1.0,0.0
2886,-1.1301,28.67,28.67,8.00,8.00,22.6000,40.00,1.0,0.0
2887,-4.6000,50.00,50.00,53.00,53.00,33.9000,60.00,1.0,0.0
2888,-1.8302,25.35,29.65,5.00,5.00,33.9000,60.00,1.0,0.0
2889,-1.3045,39.63,39.63,8.20,8.20,22.6000,40.00,1.0,0.0
2890,-2.0222,28.15,28.15,14.00,14.00,33.9000,60.00,1.0,0.0
2891,-1.8730,18.20,22.25,14.00,14.00,27.2000,50.00,1.0,0.0
2892,-1.6743,24.96,24.96,14.00,14.00,38.5000,70.00,1.0,0.0
2893,-1.4604,50.70,47.73,2.00,2.00,27.2000,50.00,1.0,0.0
2894,-1.5102,25.35,23.32,10.60,7.00,38.5000,70.00,1.0,0.0
2895,-0.8545,10.30,10.30,8.00,8.00,38.5000,70.00,1.0,0.0
2896,-1.0369,22.46,22.46,8.00,8.00,22.6000,40.00,1.0,0.0
2897,-1.4653,51.02,39.67,2.00,2.00,22.6000,40.00,1.0,0.0
2898,-2.0889,29.26,29.26,15.00,15.00,22.6000,40.00,1.0,0.0
2899,-0.7178,12.85,12.85,4.50,4.50,45.2000,80.00,1.0,0.0
2900,-0.9696,17.97,17.97,8.00,8.00,33.9000,60.00,1.0,0.0
2901,-2.4734,51.56,45.68,10.00,14.00,45.2000,80.00,1.0,0.0
2902,-3.4658,29.39,90.03,24.50,13.50,45.2000,80.00,1.0,0.0
2903,-3.8500,50.00,50.00,50.00,50.00,22.6000,40.00,1.0,0.0
2904,-0.8035,16.57,16.57,5.10,5.10,22.6000,40.00,1.0,0.0
2905,-2.4630,50.87,53.28,10.00,14.00,22.6000,40.00,1.0,0.0
2906,-1.1108,27.38,27.38,8.00,8.00,33.9000,60.00,1.0,0.0
2907,-0.6383,15.89,15.89,2.00,2.00,33.9000,60.00,1.0,0.0
2908,-1.8191,24.61,23.51,5.00,5.00,22.6000,40.00,1.0,0.0
2909,-1.0868,37.45,37.45,4.50,4.50,22.6000,40.00,1.0,0.0
2910,-121.6306,20.67,20.67,14.00,14.00,33.9000,60.00,1.0,0.0
2911,-1.9926,26.18,29.75,14.00,14.00,22.6000,40.00,1.0,0.0
2912,-1.0677,24.51,24.23,2.00,2.00,45.2000,80.00,1.0,0.0
2913,-1.6662,44.41,44.43,8.00,3.50,22.6000,40.00,1.0,0.0
2914,-0.8069,25.46,25.46,2.50,2.50,22.6000,40.00,1.0,0.0
2915,-1.9878,25.85,26.62,14.00,14.00,22.6000,40.00,1.0,0.0
2916,-1.0336,22.24,22.24,8.00,8.00,22.6000,40.00,1.0,0.0
2917,-1.5000,53.34,54.54,2.00,2.00,22.6000,40.00,1.0,0.0
2918,-2.5375,20.83,20.83,20.50,20.50,45.2000,80.00,1.0,0.0
2919,-1.5705,29.70,29.70,10.50,10.50,33.9000,60.00,1.0,0.0
2920,-2.1361,29.07,29.07,10.00,14.00,45.2000,80.00,1.0,0.0
2921,-2.4006,46.71,44.80,10.00,14.00,45.2000,80.00,1.0,0.0
2922,-1.2431,21.20,18.60,6.50,5.00,22.6000,40.00,1.0,0.0
2923,-3.0648,27.65,50.00,23.00,83.00,33.9000,60.00,1.0,0.0
2924,-2.6108,28.05,28.05,25.80,25.80,33.9000,60.00,1.0,0.0
2925,-1.3431,42.87,42.87,8.00,8.00,45.2000,80.00,1.0,0.0
2926,-1.9908,26.05,26.05,14.00,14.00,33.9000,60.00,1.0,0.0
2927,-3.8500,50.00,50.00,50.00,50.00,45.2000,80.00,1.0,0.0
2928,-1.0849,22.32,22.32,3.00,3.00,22.6000,40.00,1.0,0.0
2929,-2.4522,45.48,45.48,17.40,17.40,22.6000,40.00,1.0,0.0
2930,-1.1479,29.86,29.86,8.00,8.00,33.9000,60.00,1.0,0.0
2931,-1.9632,24.22,24.22,14.00,14.00,38.5000,70.00,1.0,0.0
2932,-0.9579,17.20,28.16,2.00,2.00,38.5000,70.00,1.0,0.0
2933,-1.5396,52.64,52.64,3.00,3.00,22.6000,40.00,1.0,0.0
2934,-0.6284,14.56,14.56,2.20,2.20,22.6000,40.00,1.0,0.0
2935,-1.9282,21.88,21.88,14.00,14.00,22.6000,40.00,1.0,0.0
2936,-1.0862,25.74,25.74,8.00,8.00,33.9000,60.00,1.0,0.0
2937,-1.5024,50.16,50.16,3.00,3.00,22.6000,40.00,1.0,0.0
2938,-0.9507,25.05,25.05,5.50,5.50,33.9000,60.00,1.0,0.0
2939,-2.0475,21.50,29.65,16.50,6.60,22.6000,40.00,1.0,0.0
2940,-2.0337,22.25,22.25,10.00,14.00,45.2000,80.00,1.0,0.0
2941,-2.4660,51.07,47.56,10.00,14.00,22.6000,40.00,1.0,0.0
2942,-1.1442,26.28,26.28,3.00,3.00,45.2000,80.00,1.0,0.0
2943,-4.6000,50.00,50.00,53.00,53.00,22.6000,40.00,1.0,0.0
2944,-2.1815,21.43,24.19,19.20,16.90,22.6000,40.00,1.0,0.0
2945,-2.4968,53.12,49.59,10.00,14.00,45.2000,80.00,1.0,0.0
2946,-1.0988,26.59,26.59,8.00,8.00,22.6000,40.00,1.0,0.0
2947,-2.4819,28.79,50.00,17.00,75.00,22.6000,40.00,1.0,0.0
2948,-0.9651,17.68,17.83,2.00,2.00,33.9000,60.00,1.0,0.0
2949,-2.9862,44.08,51.24,22.50,28.80,45.2000,80.00,1.0,0.0
2950,-1.1066,27.11,27.11,8.00,8.00,33.9000,60.00,1.0,0.0
2951,-0.8940,12.93,12.93,8.00,8.00,33.9000,60.00,1.0,0.0
2952,-2.1867,25.78,25.78,18.00,18.00,38.5000,70.00,1.0,0.0
2953,-1.2618,37.45,54.48,2.00,2.00,38.5000,70.00,1.0,0.0
2954,-1.3216,24.77,90.49,7.00,5.20,38.5000,70.00,1.0,0.0
2955,-1.9294,21.96,28.20,14.00,14.00,45.2000,80.00,1.0,0.0
2956,-1.1406,29.37,29.37,8.00,8.00,22.6000,40.00,1.0,0.0
2957,-1.3227,41.52,41.52,2.00,2.00,45.2000,80.00,1.0,0.0
2958,-2.6198,26.32,26.32,20.50,20.50,33.9000,60.00,1.0,0.0
2959,-1.1141,26.61,26.61,8.30,8.30,22.6000,40.00,1.0,0.0
2960,-0.9268,15.12,15.12,8.00,8.00,45.2000,80.00,1.0,0.0
2961,-2.4697,51.31,50.20,10.00,14.00,22.6000,40.00,1.0,0.0
2962,-0.9714,16.42,16.42,8.50,8.50,45.2000,80.00,1.0,0.0
2963,-1.6330,22.20,22.20,14.00,14.00,45.2000,80.00,1.0,0.0
2964,-0.8581,17.87,17.87,5.80,5.80,22.6000,40.00,1.0,0.0
2965,-1.3322,42.14,42.14,8.00,8.00,45.2000,80.00,1.0,0.0
2966,-2.0497,29.98,29.98,14.00,14.00,33.9000,60.00,1.0,0.0
2967,-1.8698,19.65,19.65,13.50,13.50,45.2000,80.00,1.0,0.0
2968,-0.8376,27.51,27.51,2.50,2.50,45.2000,80.00,1.0,0.0
2969,-1.9698,52.32,50.97,11.70,18.00,22.6000,40.00,1.0,0.0
2970,-0.9963,19.75,19.75,8.00,8.00,45.2000,80.00,1.0,0.0
2971,-2.0046,26.97,26.97,14.00,14.00,27.2000,50.00,1.0,0.0
2972,-0.9828,18.85,18.85,2.00,2.00,22.6000,40.00,1.0,0.0
2973,-1.3394,42.63,44.74,2.00,2.00,22.6000,40.00,1.0,0.0
2974,-3.2192,28.28,94.91,31.90,18.30,33.9000,60.00,1.0,0.0
2975,-2.0215,28.10,28.10,14.00,14.00,38.5000,70.00,1.0,0.0
2976,-1.0814,25.43,25.43,8.00,8.00,33.9000,60.00,1.0,0.0
2977,-1.0942,42.94,42.94,3.00,3.00,45.2000,80.00,1.0,0.0
2978,-1.4304,25.36,25.36,9.00,9.00,45.2000,80.00,1.0,0.0
2979,-0.6738,12.92,12.92,3.60,3.60,45.2000,80.00,1.0,0.0
2980,-1.1063,27.09,27.09,8.00,8.00,33.9000,60.00,1.0,0.0
2981,-2.5145,54.30,52.85,10.00,14.00,45.2000,80.00,1.0,0.0
2982,-176.5675,95.67,94.51,4.00,2.00,33.9000,60.00,1.0,0.0
2983,-3.8500,50.00,50.00,50.00,50.00,22.6000,40.00,1.0,0.0
2984,-0.9663,14.75,14.75,8.90,8.90,45.2000,80.00,1.0,0.0
2985,-2.4903,52.68,52.68,10.00,14.00,33.9000,60.00,1.0,0.0
2986,-1.1063,27.09,27.09,8.00,8.00,22.6000,40.00,1.0,0.0
2987,-5.3500,50.00,50.00,56.00,53.00,33.9000,60.00,1.0,0.0
2988,-1.8046,23.64,23.64,5.00,5.00,22.6000,40.00,1.0,0.0
2989,-1.9844,46.62,46.62,13.70,13.70,22.6000,40.00,1.0,0.0
2990,-0.9142,14.28,14.28,8.00,8.00,22.6000,40.00,1.0,0.0
2991,-1.7948,12.99,21.92,14.00,14.00,38.5000,70.00,1.0,0.0
2992,-1.8631,27.54,27.54,5.00,5.00,27.2000,50.00,1.0,0.0
2993,-3.3725,51.50,51.50,22.00,22.00,22.6000,40.00,1.0,0.0
2994,-0.8481,13.20,13.20,7.00,7.00,22.6000,40.00,1.0,0.0
2995,-2.0446,29.64,29.64,14.00,14.00,38.5000,70.00,1.0,0.0
2996,-1.0850,25.67,25.67,8.00,8.00,33.9000,60.00,1.0,0.0
2997,-1.3812,45.41,44.12,2.00,2.00,33.9000,60.00,1.0,0.0
2998,-0.7718,14.79,14.79,5.00,5.00,22.6000,40.00,1.0,0.0
2999,-0.7929,18.86,18.86,4.20,4.20,22.6000,40.00,1.0,0.0
3000,-2.1481,29.87,27.92,10.00,14.00,45.2000,80.00,1.0,0.0
