episode,reward,loss,dqn_bottleneck,spf_bottleneck,latency_ms,jitter_ms,loss_pct,epsilon
1,10.2859,0.05,29.78,95.88,25.95,2.875,0.015,0.999
2,3.782,0.05,20.36,20.36,3.5,0.782,0.01,0.998
3,3.2107,0.05,22.97,22.97,16.7,1.214,0.011,0.997
4,10.251,0.05,23.86,87.05,19.16,2.395,0.012,0.996
5,0.8072,0.05,19.36,21.22,2.36,0.749,0.01,0.995
6,-2.4192,0.05,16.96,29.92,24.81,1.787,0.008,0.994
7,10.7226,0.05,28.81,97.8,8.36,2.539,0.014,0.993
8,11.7342,0.05,21.9,96.24,20.35,1.962,0.011,0.992
9,9.1082,0.05,29.82,86.84,23.92,3.464,0.015,0.991
10,0.8154,0.05,14.56,27.5,2.24,0.725,0.007,0.99
11,-10.2885,0.05,85.98,17.11,29.63,68.069,7.557,0.989
12,0.5407,0.05,24.73,25.02,5.95,1.618,0.012,0.988
13,-4.4692,0.05,24.46,23.91,24.16,2.611,0.012,0.987
14,-5.5008,0.05,27.73,29.08,23.56,3.228,0.014,0.986
15,-43.2787,0.05,86.73,86.73,11.07,25.61,8.355,0.985
16,-150.8333,0.05,94.29,94.29,155.98,353.06,18.902,0.984
17,-32.9758,0.05,83.36,83.36,13.29,26.378,5.111,0.983
18,-10.0619,0.05,27.51,24.1,50.22,5.509,0.014,0.982
19,3.01,0.05,22.79,22.79,19.75,1.998,0.011,0.981
20,10.7282,0.05,26.04,91.96,2.54,0.805,0.013,0.98
21,-0.0938,0.05,28.88,25.9,17.89,1.994,0.014,0.979
22,-5.9218,0.05,26.72,20.24,11.8,3.318,0.013,0.978
23,-181.0793,0.05,94.89,94.89,160.45,362.073,19.95,0.977
24,8.9966,0.05,29.64,82.93,10.16,1.271,0.015,0.976
25,3.8328,0.05,19.48,19.48,2.31,0.749,0.01,0.975
26,-0.7744,0.05,24.18,24.18,11.87,1.812,0.012,0.974
27,3.776,0.05,21.54,21.54,3.61,0.796,0.011,0.973
28,9.6585,0.05,29.53,92.03,32.45,4.256,0.015,0.972
29,-166.3187,0.05,95.78,96.88,171.07,386.302,21.544,0.971
30,0.7972,0.05,26.97,27.25,2.44,0.809,0.013,0.97
31,-4.0222,0.05,27.86,27.86,33.04,3.7,0.014,0.969
32,0.726,22.1839,28.21,24.14,3.71,0.885,0.014,0.968
33,3.0265,23.5174,27.98,27.98,19.35,1.997,0.014,0.967
34,10.9189,25.3247,25.9,96.3,25.75,3.149,0.013,0.966
35,12.6211,13.0267,16.16,94.4,2.28,0.732,0.008,0.965
36,-139.7123,28.2236,94.32,94.32,103.82,234.653,18.954,0.964
37,10.292,23.8817,28.7,93.03,6.14,1.719,0.014,0.963
38,-6.1298,20.8707,29.43,25.77,33.95,4.325,0.015,0.962
39,3.4435,23.5669,28.89,28.89,10.74,1.267,0.014,0.961
40,3.8385,29.4733,13.15,13.15,2.24,0.72,0.007,0.96
41,-2.486,17.3686,23.87,19.42,25.22,2.25,0.012,0.959
42,10.7019,25.8921,28.91,96.74,6.23,1.729,0.014,0.958
43,10.9305,25.0707,26.86,97.31,25.06,2.862,0.013,0.957
44,-47.074,20.7214,95.88,25.96,159.51,360.987,21.72,0.956
45,-99.8623,21.6984,96.93,96.93,22.79,51.97,23.706,0.955
46,-3.8414,16.3617,28.37,17.95,29.63,3.598,0.014,0.954
47,3.5848,18.4406,26.27,26.27,6.22,1.662,0.013,0.953
48,10.9007,25.8166,25.72,95.92,26.65,3.169,0.013,0.952
49,9.9106,18.519,26.33,86.97,12.99,1.95,0.013,0.951
50,10.7725,23.3379,24.84,90.7,2.39,0.788,0.012,0.95
51,-16.6301,24.1216,89.29,29.01,52.44,120.082,11.407,0.949
52,-15.5037,19.1584,91.28,23.0,37.18,86.449,14.145,0.948
53,-8.923,14.341,29.62,18.13,46.9,5.781,0.015,0.947
54,3.5274,19.1054,24.37,24.37,9.25,1.027,0.012,0.946
55,13.3501,14.5755,11.12,93.71,2.2,0.714,0.006,0.945
56,8.9418,22.2157,29.04,82.68,12.66,2.077,0.015,0.944
57,10.2819,26.2724,22.78,84.83,5.81,1.576,0.011,0.943
58,-42.2694,20.1844,96.97,29.22,149.31,338.041,23.777,0.942
59,3.7822,22.835,21.76,21.76,4.28,0.467,0.011,0.941
60,-32.6162,16.0238,87.34,94.18,12.2,28.143,9.035,0.94
61,-53.4783,24.4638,86.08,86.08,47.59,107.422,7.662,0.939
62,-66.5927,14.911,89.48,89.48,29.63,68.072,11.654,0.938
63,-117.9454,23.5691,97.46,97.62,89.2,202.809,24.752,0.937
64,-0.6447,24.8475,29.77,15.7,10.32,1.286,0.015,0.936
65,-56.0727,18.6361,89.86,89.86,11.96,27.608,12.162,0.935
66,10.3998,22.4533,29.8,95.89,12.45,2.109,0.015,0.934
67,-51.3112,23.0024,90.04,94.64,28.73,66.746,12.401,0.933
68,10.3309,6.7871,28.96,97.93,43.31,5.101,0.014,0.932
69,0.0265,12.282,29.65,18.21,14.99,2.242,0.015,0.931
70,10.5414,32.4426,29.42,94.97,2.47,0.836,0.015,0.93
71,-16.9247,19.1947,93.27,23.3,53.64,122.429,17.212,0.929
72,-67.3849,22.1653,94.2,89.83,32.82,75.94,18.752,0.928
73,-3.8098,22.8778,27.12,25.61,29.33,3.432,0.014,0.927
74,11.0271,21.8477,24.54,95.22,25.93,3.031,0.012,0.926
75,0.7893,13.4915,28.19,22.15,2.56,0.827,0.014,0.925
76,3.1677,21.5744,22.96,22.96,16.88,1.57,0.011,0.924
77,-105.5847,21.4926,94.26,94.26,53.58,121.96,18.853,0.923
78,-1.3133,32.085,29.79,28.26,21.07,2.598,0.015,0.922
79,-2.5741,23.4042,23.47,19.73,26.28,2.601,0.012,0.921
80,10.7225,24.4999,22.73,87.44,2.39,0.772,0.011,0.92
81,-27.7251,10.9478,83.68,96.77,74.49,145.884,5.378,0.919
82,0.5186,24.8309,29.98,28.66,6.12,1.754,0.015,0.918
83,-6.0377,21.1847,29.19,26.92,32.35,4.201,0.015,0.917
84,11.1335,15.1967,22.93,93.69,23.5,2.821,0.011,0.916
85,-100.0177,15.4002,97.09,97.09,21.57,49.225,24.018,0.915
86,-66.6983,22.93,84.71,84.71,75.34,161.175,6.303,0.914
87,-5.9614,18.0318,28.92,28.92,12.32,3.453,0.014,0.913
88,-45.7456,15.3505,97.51,23.02,143.51,325.7,24.844,0.912
89,3.8276,17.9367,13.08,13.08,3.36,0.38,0.007,0.911
90,10.8581,14.1744,28.14,95.88,2.53,0.825,0.014,0.91
91,-27.5247,15.0507,79.84,79.84,24.59,35.68,2.632,0.909
92,-39.0153,25.2447,88.6,88.76,16.67,38.899,10.533,0.908
93,-223.0035,12.4168,95.2,95.2,219.91,496.2,20.485,0.907
94,3.6091,22.597,28.35,28.35,7.9,0.749,0.014,0.906
95,3.8179,12.8511,26.58,26.58,2.53,0.809,0.013,0.905
96,9.3092,15.0249,26.74,83.63,25.0,2.848,0.013,0.904
97,11.8158,21.1794,20.89,95.05,5.77,1.543,0.01,0.903
98,-1.9559,25.1228,24.61,28.26,32.56,3.277,0.012,0.902
99,-1.2923,21.7949,22.35,22.35,21.78,2.031,0.011,0.901
100,0.8107,16.1483,18.83,24.09,2.3,0.745,0.009,0.9
101,-31.5877,17.6063,83.98,92.48,23.96,48.871,5.642,0.899
102,-35.3097,13.4863,86.23,86.23,19.1,45.776,7.814,0.898
103,10.872,17.244,24.14,94.23,36.07,3.697,0.012,0.897
104,-107.1411,16.2819,89.29,89.29,91.01,205.819,11.411,0.896
105,11.1145,15.3966,21.03,88.42,2.4,0.76,0.011,0.895
106,-40.2122,19.3741,84.74,90.15,33.48,72.656,6.335,0.894
107,9.8716,24.1737,27.14,88.39,8.4,2.482,0.014,0.893
108,3.7389,21.797,26.01,26.01,5.12,0.561,0.013,0.892
109,-143.4314,28.4266,94.98,94.98,103.97,234.976,20.103,0.891
110,11.3027,15.6061,26.53,97.4,2.46,0.806,0.013,0.89
111,0.0242,12.6579,24.69,28.79,16.23,1.642,0.012,0.889
112,11.6642,15.3307,22.48,96.91,8.26,2.342,0.011,0.888
113,-43.7492,11.7278,97.58,29.6,151.05,341.966,24.988,0.887
114,3.3507,28.9157,25.01,25.01,12.44,1.517,0.013,0.886
115,-85.3372,15.9675,94.46,94.46,22.3,50.883,19.194,0.885
116,-57.3033,22.412,89.39,89.39,40.48,92.821,11.532,0.884
117,0.5304,23.3178,26.85,26.55,6.05,1.668,0.013,0.883
118,9.207,17.9918,23.92,80.69,41.56,4.206,0.012,0.882
119,-1.6714,18.2571,29.22,21.23,26.37,3.531,0.015,0.881
120,11.6938,22.9813,13.16,82.65,2.24,0.72,0.007,0.88
121,3.5982,18.38,13.15,13.15,8.97,0.43,0.007,0.879
122,3.5884,25.4815,28.47,28.47,6.02,1.707,0.014,0.878
123,-8.3429,19.1772,29.73,12.29,37.06,4.897,0.015,0.877
124,-158.2364,19.238,95.53,93.96,160.22,362.592,21.079,0.876
125,0.7941,29.519,29.87,25.78,2.44,0.84,0.015,0.875
126,-2.7675,16.6962,25.84,23.15,11.61,1.871,0.013,0.874
127,0.5159,14.3619,27.51,20.88,6.29,1.695,0.014,0.873
128,-38.8884,18.6928,92.97,24.26,125.98,285.896,16.72,0.872
129,9.1281,17.4672,29.27,83.54,10.51,1.273,0.015,0.871
130,11.8084,14.5929,22.63,96.35,2.44,0.773,0.011,0.87
131,-5.6982,21.828,79.58,93.99,20.6,30.136,2.483,0.869
132,12.4636,21.8491,17.41,94.8,3.43,0.757,0.009,0.868
133,3.2815,6.6684,28.94,28.94,14.32,1.459,0.014,0.867
134,2.9432,15.5793,29.05,29.05,19.44,2.791,0.015,0.866
135,-59.8922,19.5725,90.36,90.36,14.45,33.208,12.833,0.865
136,-95.7717,21.1316,91.12,91.12,89.91,204.393,13.906,0.864
137,10.2614,8.2417,26.52,88.77,3.63,0.856,0.013,0.863
138,-34.8747,17.1955,88.78,21.03,103.98,236.756,10.758,0.862
139,10.1987,10.7123,25.7,88.75,18.39,2.136,0.013,0.861
140,9.609,19.8237,25.21,81.5,2.41,0.792,0.013,0.86
141,-27.7344,16.3492,80.78,80.78,34.9,53.669,3.207,0.859
142,-112.5911,17.74,96.33,96.33,46.67,106.408,22.559,0.858
143,10.4413,16.5309,27.59,96.65,42.53,4.812,0.014,0.857
144,10.1178,20.4616,29.22,93.25,20.2,2.497,0.015,0.856
145,-63.0938,15.7061,95.16,96.06,21.9,49.984,20.427,0.855
146,-70.9012,14.2112,89.32,89.32,61.52,138.775,11.443,0.854
147,-111.5446,22.659,95.12,95.12,55.41,126.077,20.351,0.853
148,10.9636,19.6801,25.46,97.24,41.74,4.083,0.013,0.852
149,10.5255,16.5773,22.7,87.93,25.69,2.52,0.011,0.851
150,3.8159,22.2372,26.87,26.87,2.57,0.814,0.013,0.85
151,-87.3153,15.1889,89.34,89.34,61.65,139.068,11.473,0.849
152,-58.089,13.7522,89.59,89.59,16.37,38.242,11.793,0.848
153,3.5671,16.0038,27.52,27.52,8.12,1.082,0.014,0.847
154,10.4071,22.6858,27.38,93.13,22.57,2.448,0.014,0.846
155,12.0322,15.7343,22.42,97.93,2.34,0.768,0.011,0.845
156,-2.5859,19.4033,27.69,22.33,26.4,2.66,0.014,0.844
157,-36.1288,27.5078,87.69,91.01,15.83,37.014,9.436,0.843
158,8.6838,20.5283,29.06,83.63,38.97,4.537,0.015,0.842
159,-175.1143,15.2186,97.44,97.44,129.3,292.315,24.709,0.841
160,10.7427,18.7372,17.58,80.67,2.31,0.739,0.009,0.84
161,10.506,9.4648,16.42,78.17,11.4,1.565,0.008,0.839
162,0.5401,20.2216,25.6,29.37,5.93,1.635,0.013,0.838
163,-39.3367,15.7585,96.28,26.31,127.61,289.564,22.479,0.837
164,-2.2852,13.3686,29.8,26.59,20.56,2.571,0.015,0.836
165,11.1621,6.85,25.08,94.27,2.37,0.79,0.013,0.835
166,3.65,17.8266,15.28,15.28,6.79,0.784,0.008,0.834
167,-84.9447,16.5915,93.92,93.92,26.03,59.26,18.273,0.833
168,10.7515,12.2118,27.54,96.79,24.7,2.913,0.014,0.832
169,3.4018,7.1187,19.84,19.84,11.68,1.308,0.01,0.831
170,3.8343,16.4162,17.1,17.1,2.3,0.737,0.009,0.83
171,3.634,10.3324,19.23,19.23,7.04,0.845,0.01,0.829
172,-72.6855,8.9117,90.67,90.67,31.04,71.23,13.269,0.828
173,9.8178,11.2368,28.92,91.94,31.55,3.771,0.014,0.827
174,-4.3638,12.9964,22.36,23.2,22.47,2.401,0.011,0.826
175,11.6908,19.3103,21.45,93.78,2.38,0.763,0.011,0.825
176,0.5115,17.6471,12.61,12.61,8.92,0.423,0.006,0.824
177,-36.6204,11.4942,86.68,88.22,19.53,46.738,8.294,0.823
178,-4.8719,17.3413,26.47,23.49,30.61,3.412,0.013,0.822
179,-0.5312,19.2985,28.67,15.17,8.36,1.133,0.014,0.821
180,0.8086,17.0788,21.05,26.53,2.31,0.758,0.011,0.82
181,0.478,20.7179,18.01,18.01,9.41,0.517,0.009,0.819
182,3.5801,11.7418,27.28,27.28,6.27,1.689,0.014,0.818
183,-5.4064,19.4715,27.3,23.05,39.58,4.276,0.014,0.817
184,10.7331,13.4498,25.89,94.72,25.57,3.141,0.013,0.816
185,-38.6145,16.5978,89.24,88.84,13.85,31.864,11.342,0.815
186,9.8863,14.1409,22.61,81.53,11.9,1.754,0.011,0.814
187,10.497,8.808,29.95,97.51,8.62,2.597,0.015,0.813
188,9.3453,19.3924,27.77,87.99,45.69,4.995,0.014,0.812
189,9.982,18.0109,29.95,93.94,24.79,3.178,0.015,0.811
190,11.0601,10.3203,25.97,94.62,2.51,0.803,0.013,0.81
191,-10.0049,17.6302,89.47,25.47,35.87,82.113,11.638,0.809
192,3.5748,17.6411,28.3,28.3,6.33,1.718,0.014,0.808
193,9.3832,21.7861,29.08,88.52,30.97,3.762,0.015,0.807
194,-4.6197,15.4543,25.37,29.58,26.81,2.791,0.013,0.806
195,-97.4117,19.7818,95.88,95.88,28.36,64.512,21.729,0.805
196,-39.1336,15.4427,85.96,92.63,26.28,60.528,7.532,0.804
197,-92.8031,14.5756,93.68,93.68,39.23,89.676,17.872,0.803
198,3.6755,22.9527,22.2,22.2,6.76,0.543,0.011,0.802
199,-189.6119,16.9174,97.28,94.07,196.51,444.246,24.384,0.801
200,11.5355,15.6482,17.73,87.47,2.29,0.739,0.009,0.8
201,-3.3091,16.8524,28.66,28.66,20.55,2.815,0.014,0.799
202,-81.9035,17.5041,96.88,94.1,39.32,90.565,23.613,0.798
203,-50.7096,19.8024,87.74,87.74,16.81,38.177,9.493,0.797
204,-3.3468,16.3575,24.0,20.76,22.6,2.17,0.012,0.796
205,-49.6215,18.4056,91.82,95.59,18.94,43.324,14.94,0.795
206,-24.812,13.7724,97.66,19.6,82.32,186.962,25.133,0.794
207,-68.0983,13.3512,95.38,97.57,27.79,63.922,20.822,0.793
208,10.5157,7.3044,25.95,92.46,23.57,2.715,0.013,0.792
209,-134.9034,9.3365,93.34,93.34,137.45,311.022,17.314,0.791
210,-91.4888,15.1099,95.67,95.67,21.36,48.766,21.348,0.79
211,3.198,6.6799,21.07,21.07,16.39,1.465,0.011,0.789
212,-1.6478,11.3622,23.86,22.97,8.2,2.376,0.012,0.788
213,-30.1793,20.784,91.06,24.93,98.07,222.758,13.819,0.787
214,-27.3666,14.0143,86.95,21.43,91.61,207.863,8.597,0.786
215,3.8196,15.8758,28.28,28.28,2.45,0.823,0.014,0.785
216,-109.6276,13.6558,90.59,90.59,86.42,195.496,13.163,0.784
217,-1.6656,11.4764,26.45,29.24,8.39,2.459,0.013,0.783
218,-79.518,17.7017,86.0,86.0,68.46,154.742,7.58,0.782
219,-31.021,17.808,82.33,82.33,16.54,28.893,4.288,0.781
220,-61.3435,19.2012,94.34,95.92,23.78,54.197,18.983,0.78
221,-51.7827,7.0384,87.82,87.82,38.39,88.122,9.588,0.779
222,10.034,11.0834,27.23,87.85,3.78,0.873,0.014,0.778
223,2.5275,17.8869,28.29,28.29,28.82,3.198,0.014,0.777
224,10.5798,18.4756,27.76,95.03,21.03,2.409,0.014,0.776
225,-80.7185,15.1533,94.15,94.15,17.96,41.118,18.658,0.775
226,-2.6385,21.0029,28.26,27.62,27.24,2.764,0.014,0.774
227,3.5914,20.7571,25.85,25.85,6.1,1.647,0.013,0.773
228,-36.832,15.9396,95.73,17.06,125.9,285.371,21.442,0.772
229,-132.169,19.5145,94.62,94.62,90.5,203.976,19.48,0.771
230,11.5114,15.4511,18.2,87.91,2.35,0.743,0.009,0.77
231,-14.1252,8.3709,88.98,17.64,43.46,99.524,11.005,0.769
232,10.6416,17.4587,29.96,97.68,6.25,1.76,0.015,0.768
233,-34.0885,10.512,92.74,26.29,119.56,271.106,16.36,0.767
234,3.8605,17.1927,21.81,21.81,2.45,0.417,0.011,0.766
235,3.8138,15.4199,29.91,29.91,2.54,0.846,0.015,0.765
236,0.0048,7.8854,23.45,23.09,16.72,1.591,0.012,0.764
237,10.1477,15.791,26.46,89.74,8.22,2.452,0.013,0.763
238,10.0125,14.8073,25.49,88.28,28.82,3.231,0.013,0.762
239,3.8472,24.2166,15.16,15.16,2.86,0.385,0.008,0.761
240,0.816,14.3903,13.4,20.16,2.24,0.721,0.007,0.76
241,-33.3747,10.2178,82.9,82.9,32.97,61.369,4.733,0.759
242,3.5867,11.9657,27.98,27.98,6.09,1.698,0.014,0.758
243,10.1321,12.1347,29.48,95.5,33.03,3.931,0.015,0.757
244,-4.3637,17.4357,22.98,18.12,22.39,2.441,0.011,0.756
245,10.8796,15.3261,18.95,83.65,2.29,0.746,0.009,0.755
246,10.1957,16.5938,29.04,93.03,17.71,1.997,0.015,0.754
247,0.5279,11.2328,26.97,28.8,6.1,1.673,0.013,0.753
248,9.2165,14.8054,27.48,85.38,34.71,4.077,0.014,0.752
249,3.822,16.6093,16.0,16.0,3.46,0.397,0.008,0.751
250,9.4428,9.6168,29.92,86.51,2.64,0.852,0.015,0.75
251,3.6456,9.8885,17.44,17.44,6.83,0.813,0.009,0.749
252,10.2634,15.4622,26.97,90.4,5.87,1.663,0.013,0.748
253,-52.4276,15.853,97.91,21.55,164.05,372.253,25.652,0.747
254,10.4531,7.354,28.87,96.42,26.96,3.172,0.014,0.746
255,-60.4085,16.0355,94.3,88.96,22.6,51.548,18.915,0.745
256,3.545,11.8414,22.06,22.06,9.81,0.626,0.011,0.744
257,0.5378,16.2768,26.79,18.8,5.92,1.661,0.013,0.743
258,2.801,14.0404,26.26,26.26,23.95,2.408,0.013,0.742
259,10.3795,12.8523,28.76,94.75,20.04,2.448,0.014,0.741
260,0.7996,3.1771,25.31,17.75,2.42,0.794,0.013,0.74
261,3.6088,15.6265,23.26,23.26,7.44,0.936,0.012,0.739
262,-77.9891,12.1067,97.95,90.66,27.33,62.892,25.723,0.738
263,10.7214,12.6317,24.71,91.72,18.73,2.083,0.012,0.737
264,-68.699,7.5726,88.87,88.87,36.94,83.461,10.868,0.736
265,10.328,9.471,25.31,87.63,2.53,0.798,0.013,0.735
266,0.5192,14.2186,11.16,11.16,8.8,0.406,0.006,0.734
267,10.1762,12.177,28.73,93.13,8.4,2.538,0.014,0.733
268,9.8434,15.3165,29.32,92.88,33.38,3.927,0.015,0.732
269,10.7817,19.1058,29.17,97.75,12.53,1.727,0.015,0.731
270,11.3377,11.7323,22.06,91.66,2.38,0.767,0.011,0.73
271,10.5978,14.0719,25.65,92.69,23.34,2.679,0.013,0.729
272,-1.6564,18.0075,26.63,29.19,8.21,2.457,0.013,0.728
273,10.464,21.8249,28.59,97.28,31.77,4.087,0.014,0.727
274,-2.6055,18.4211,27.37,22.9,26.18,2.965,0.014,0.726
275,12.9891,8.5133,14.91,95.79,2.23,0.726,0.007,0.725
276,-144.8438,13.1907,96.25,96.25,136.26,308.68,22.414,0.724
277,3.5939,7.1769,27.67,27.67,5.94,1.683,0.014,0.723
278,3.6358,11.2397,28.78,28.78,7.28,0.731,0.014,0.722
279,-0.4741,14.12,25.57,29.66,24.08,2.702,0.013,0.721
280,-49.3701,16.1127,88.14,88.14,12.4,28.611,9.97,0.72
281,3.5558,16.5595,20.54,20.54,9.65,0.581,0.01,0.719
282,0.5146,14.4837,29.46,25.34,6.22,1.744,0.015,0.718
283,9.864,11.8281,24.77,86.59,32.03,3.626,0.012,0.717
284,11.2259,15.5481,25.18,95.31,10.38,1.096,0.013,0.716
285,10.4744,12.6344,28.81,93.59,2.62,0.837,0.014,0.715
286,-0.083,14.3151,27.91,17.52,17.83,1.917,0.014,0.714
287,-109.7988,12.0394,95.7,95.7,47.97,109.323,21.393,0.713
288,-46.3924,16.2665,96.48,20.2,153.26,347.292,22.845,0.712
289,-3.5871,13.2818,22.28,17.08,26.71,2.517,0.011,0.711
290,-9.6976,12.6495,83.98,94.32,10.11,20.741,5.645,0.71
291,3.1054,12.7309,27.22,27.22,17.71,1.861,0.014,0.709
292,12.5221,15.8909,17.51,96.34,5.72,1.496,0.009,0.708
293,12.0658,18.7973,19.94,97.83,30.26,3.126,0.01,0.707
294,3.2278,13.1962,19.55,19.55,15.83,1.388,0.01,0.706
295,12.5503,9.2209,15.39,92.78,2.25,0.728,0.008,0.705
296,11.8777,13.7074,22.11,97.16,16.3,1.51,0.011,0.704
297,3.6038,7.5998,24.18,24.18,5.89,1.605,0.012,0.703
298,10.4118,5.3838,29.55,97.84,31.49,3.856,0.015,0.702
299,9.944,9.2223,29.92,93.71,26.49,3.273,0.015,0.701
300,11.8055,13.1561,17.18,88.99,2.28,0.737,0.009,0.7
301,0.4562,15.5856,20.92,20.92,9.69,0.592,0.01,0.699
302,-101.3845,12.9609,96.61,96.61,27.61,63.518,23.088,0.698
303,-18.1515,15.4678,78.43,78.43,9.77,12.897,1.89,0.697
304,-51.745,8.2666,95.9,28.07,180.25,407.323,21.759,0.696
305,3.8254,20.4627,23.26,23.26,2.42,0.777,0.012,0.695
306,10.4305,12.4391,22.27,85.59,11.67,1.735,0.011,0.694
307,3.6106,12.7853,22.72,22.72,5.8,1.574,0.011,0.693
308,-3.2928,13.3768,22.87,27.26,38.6,3.628,0.011,0.692
309,9.175,18.7291,27.37,83.53,26.75,2.991,0.014,0.691
310,-25.971,12.391,85.05,90.89,10.27,23.066,6.632,0.69
311,3.6063,1.6004,23.67,23.67,7.48,0.947,0.012,0.689
312,10.5987,13.699,28.81,95.74,6.1,1.72,0.014,0.688
313,10.3158,14.1682,28.73,96.41,34.21,4.233,0.014,0.687
314,-170.8807,13.5271,96.81,96.81,128.76,291.102,23.476,0.686
315,9.7418,10.927,27.19,85.29,2.51,0.815,0.014,0.685
316,12.0939,12.1757,18.55,94.65,25.45,1.884,0.009,0.684
317,10.2687,11.5271,28.54,92.59,5.9,1.702,0.014,0.683
318,2.4764,10.7289,28.72,28.72,29.83,3.303,0.014,0.682
319,3.6879,15.3636,25.26,25.26,5.52,0.912,0.013,0.681
320,10.403,10.6917,25.2,88.11,2.4,0.792,0.013,0.68
321,10.4033,10.9483,29.31,95.15,17.84,2.026,0.015,0.679
322,3.6054,11.5979,25.82,25.82,5.78,1.634,0.013,0.678
323,10.0903,6.0014,24.92,88.02,27.14,3.11,0.012,0.677
324,10.5239,9.3322,27.71,94.99,21.99,2.801,0.014,0.676
325,12.8168,10.2231,13.97,93.09,2.25,0.723,0.007,0.675
326,-118.1791,8.5832,92.09,92.09,88.83,200.921,15.344,0.674
327,-96.8372,8.6809,94.06,94.06,42.22,96.387,18.512,0.673
328,9.1113,11.6666,27.81,83.53,24.81,2.946,0.014,0.672
329,-110.1013,10.3929,92.79,92.79,71.72,162.419,16.44,0.671
330,11.2352,10.9973,23.93,93.33,2.38,0.781,0.012,0.67
331,-2.8414,20.0551,29.77,11.74,12.6,2.115,0.015,0.669
332,0.5199,6.9409,28.85,17.66,6.15,1.724,0.014,0.668
333,-56.572,8.9902,97.52,25.72,190.15,430.644,24.865,0.667
334,3.5652,13.1659,20.79,20.79,8.59,0.911,0.01,0.666
335,3.8308,10.8992,22.05,22.05,2.32,0.765,0.011,0.665
336,-97.1516,11.7379,92.46,92.46,86.48,194.919,15.918,0.664
337,-74.4122,13.4992,91.06,91.06,30.96,71.049,13.829,0.663
338,-3.1008,15.5769,28.12,27.05,17.48,2.265,0.014,0.662
339,3.1763,16.312,25.33,25.33,16.38,1.684,0.013,0.661
340,0.7971,3.1359,24.39,27.91,2.48,0.788,0.012,0.66
341,-0.0658,9.4656,29.76,24.09,17.26,2.029,0.015,0.659
342,-92.5867,10.1358,93.34,93.34,41.52,94.827,17.314,0.658
343,3.8511,9.4901,12.69,12.69,2.79,0.373,0.006,0.657
344,-152.6006,7.6078,97.88,97.88,92.17,208.078,25.588,0.656
345,0.8013,6.4918,23.8,26.95,2.41,0.781,0.012,0.655
346,-14.6733,16.2792,97.44,19.58,52.85,120.309,24.705,0.654
347,-41.5866,10.4956,89.31,95.61,17.68,41.179,11.426,0.653
348,-2.6364,12.2776,27.43,27.68,26.09,3.317,0.014,0.652
349,3.8632,12.1507,20.23,20.23,2.41,0.406,0.01,0.651
350,3.8241,10.1753,22.56,22.56,2.46,0.773,0.011,0.65
351,10.5881,13.397,27.81,94.44,16.16,1.829,0.014,0.649
352,3.5987,10.5214,25.7,25.7,5.94,1.638,0.013,0.648
353,3.7572,19.8966,21.45,21.45,4.87,0.478,0.011,0.647
354,-125.9762,8.9713,92.65,92.65,96.46,217.745,16.212,0.646
355,-75.7274,14.9979,96.87,94.25,30.88,70.181,23.583,0.645
356,10.0383,8.8954,27.54,89.69,12.45,1.986,0.014,0.644
357,3.5796,8.4411,29.07,29.07,6.18,1.731,0.015,0.643
358,-3.5474,10.4234,29.4,29.4,24.72,3.113,0.015,0.642
359,-1.0274,9.2563,24.15,17.16,17.25,1.647,0.012,0.641
360,12.1308,8.7356,14.76,88.44,2.24,0.726,0.007,0.64
361,11.4453,6.7274,23.99,96.19,16.48,1.611,0.012,0.639
362,-41.8825,10.4184,89.4,90.63,17.76,41.355,11.541,0.638
363,10.0495,12.0373,28.29,92.06,24.82,2.997,0.014,0.637
364,10.9741,9.5356,22.28,90.21,13.93,1.8,0.011,0.636
365,11.2896,10.5976,24.8,94.96,2.46,0.79,0.012,0.635
366,0.0487,8.5404,19.73,26.97,16.22,1.404,0.01,0.634
367,10.018,9.0954,28.93,91.05,5.97,1.717,0.014,0.633
368,-180.4289,8.3344,94.48,94.48,162.86,367.487,19.229,0.632
369,-20.7966,10.7774,92.07,16.17,67.84,154.045,15.314,0.631
370,3.8155,10.2038,29.74,29.74,2.51,0.842,0.015,0.63
371,3.1037,20.4735,26.32,26.32,17.89,1.807,0.013,0.629
372,9.6596,8.9834,27.46,87.07,8.57,2.501,0.014,0.628
373,2.7544,9.5319,28.94,28.94,24.4,2.695,0.014,0.627
374,10.2715,13.8348,28.73,94.71,27.08,3.162,0.014,0.626
375,-44.282,10.2351,90.46,97.0,17.15,39.293,12.974,0.625
376,3.1635,10.2578,26.61,26.61,16.5,1.766,0.013,0.624
377,-92.4208,8.7333,94.01,94.01,36.05,82.505,18.432,0.623
378,10.9519,9.1948,26.44,97.4,26.63,3.239,0.013,0.622
379,9.9461,9.04,28.19,91.18,27.01,3.095,0.014,0.621
380,13.1245,7.9395,15.31,97.46,2.26,0.728,0.008,0.62
381,-3.9781,15.1318,28.97,27.51,31.96,3.8,0.014,0.619
382,10.3271,12.6325,28.11,93.52,8.46,2.518,0.014,0.618
383,2.9145,15.4262,28.32,28.32,21.77,2.146,0.014,0.617
384,-4.4146,4.1297,24.57,10.87,23.13,2.583,0.012,0.616
385,10.0191,10.9625,26.57,86.76,2.42,0.805,0.013,0.615
386,9.1975,12.272,29.98,86.03,17.18,2.042,0.015,0.614
387,13.386,8.3434,11.79,94.92,3.31,0.723,0.006,0.613
388,-43.253,7.4095,80.19,83.1,72.8,108.099,2.839,0.612
389,10.586,9.3062,27.09,94.66,23.05,2.794,0.014,0.611
390,3.8148,10.4885,28.92,28.92,2.54,0.835,0.014,0.61
391,3.2238,8.6743,22.15,22.15,15.67,1.494,0.011,0.609
392,-1.6569,11.2322,24.59,29.18,8.34,2.401,0.012,0.608
393,2.7699,10.7574,29.0,29.0,24.05,2.682,0.015,0.607
394,3.1569,13.3604,27.73,27.73,16.48,1.839,0.014,0.606
395,-38.2775,6.3756,89.09,86.13,13.96,32.103,11.148,0.605
396,-19.6625,3.0759,78.07,80.3,28.86,37.839,1.718,0.604
397,10.1648,8.1983,27.06,89.7,5.88,1.666,0.014,0.603
398,3.3623,12.6396,29.48,29.48,12.46,1.391,0.015,0.602
399,-0.436,7.4361,13.13,21.71,7.19,0.764,0.007,0.601
400,10.4263,7.7749,19.52,80.64,2.33,0.75,0.01,0.6
401,-8.0134,12.0227,81.24,96.5,21.53,35.498,3.513,0.599
402,10.7352,9.3794,26.6,94.85,8.59,2.473,0.013,0.598
403,-190.3101,11.9597,97.16,97.16,198.26,448.194,24.15,0.597
404,0.0849,10.8887,26.45,21.13,14.28,2.011,0.013,0.596
405,0.7882,9.8293,29.62,27.29,2.55,0.843,0.015,0.595
406,3.1525,12.774,25.04,25.04,16.97,1.688,0.013,0.594
407,3.5926,19.9606,26.91,26.91,6.02,1.668,0.013,0.593
408,3.0559,11.9057,25.18,25.18,19.15,1.781,0.013,0.592
409,2.9627,10.4538,27.29,27.29,20.11,2.327,0.014,0.591
410,12.0875,10.4035,18.91,93.66,2.29,0.746,0.009,0.59
411,-38.0731,6.4387,84.06,84.06,34.19,69.971,5.714,0.589
412,3.5857,10.6816,28.78,28.78,6.06,1.717,0.014,0.588
413,-1.2465,9.935,26.69,25.69,20.35,2.29,0.013,0.587
414,-3.3221,10.2259,27.41,29.5,21.63,2.408,0.014,0.586
415,0.8139,3.0188,16.18,18.27,2.26,0.732,0.008,0.585
416,10.519,10.6937,18.01,80.45,11.35,1.602,0.009,0.584
417,3.5883,15.7126,29.85,29.85,5.94,1.74,0.015,0.583
418,2.7998,6.2583,24.89,24.89,24.25,2.3,0.012,0.582
419,10.0827,5.9663,29.4,92.43,15.14,1.885,0.015,0.581
420,3.8271,13.2688,24.29,24.29,2.37,0.783,0.012,0.58
421,3.4908,7.9044,28.32,28.32,10.53,0.88,0.014,0.579
422,3.5953,6.8863,26.51,26.51,5.98,1.657,0.013,0.578
423,-7.0982,6.1126,27.35,14.52,33.92,4.022,0.014,0.577
424,8.66,6.9939,29.08,80.8,18.78,2.408,0.015,0.576
425,3.8269,8.262,22.11,22.11,2.41,0.768,0.011,0.575
426,3.565,7.4584,19.14,19.14,9.52,0.544,0.01,0.574
427,3.586,7.0889,28.99,28.99,6.05,1.722,0.014,0.573
428,-4.1746,11.9095,29.91,21.93,34.62,4.438,0.015,0.572
429,11.3997,6.2176,23.38,96.53,23.06,2.84,0.012,0.571
430,12.5422,7.2997,18.58,97.0,2.28,0.743,0.009,0.57
431,-44.598,9.7956,85.57,90.51,35.47,81.567,7.135,0.569
432,-81.8384,9.8172,96.71,94.6,40.24,92.629,23.284,0.568
433,10.1647,7.804,27.54,93.83,42.4,4.448,0.014,0.567
434,10.6988,7.6857,27.55,96.29,23.28,2.848,0.014,0.566
435,-37.6522,8.9586,89.17,95.64,12.72,29.33,11.246,0.565
436,3.5562,7.9082,20.47,20.47,9.65,0.579,0.01,0.564
437,10.1707,8.6209,29.62,93.31,6.5,1.765,0.015,0.563
438,10.5702,5.7351,27.63,97.31,42.03,4.445,0.014,0.562
439,10.8857,18.6933,25.14,94.45,25.51,2.719,0.013,0.561
440,11.8567,8.6116,22.91,97.12,2.35,0.772,0.011,0.56
441,-216.077,18.5509,97.3,97.3,191.42,431.742,24.433,0.559
442,11.7768,9.8702,22.64,97.1,5.94,1.577,0.011,0.558
443,9.6774,2.2926,29.54,91.61,30.04,3.775,0.015,0.557
444,10.0316,8.6313,27.52,90.11,21.05,2.39,0.014,0.556
445,10.2443,19.6223,20.7,80.72,2.41,0.759,0.01,0.555
446,-10.2709,6.9958,80.9,93.64,31.88,50.908,3.285,0.554
447,10.4017,8.9802,25.75,90.89,8.46,2.44,0.013,0.553
448,10.13,8.5187,27.29,93.61,42.77,4.772,0.014,0.552
449,3.0889,8.5479,29.75,29.75,16.88,2.357,0.015,0.551
450,0.7935,4.5393,29.97,17.36,2.45,0.841,0.015,0.55
451,-29.6892,8.9203,81.33,81.33,35.87,57.529,3.57,0.549
452,10.9859,8.6232,23.53,91.73,6.01,1.596,0.012,0.548
453,-4.7923,9.7909,22.6,20.64,29.87,2.987,0.011,0.547
454,10.8366,5.3734,28.09,97.99,19.58,2.716,0.014,0.546
455,-79.5345,9.0386,97.55,97.14,32.4,73.6,24.921,0.545
456,3.6409,8.6645,17.0,17.0,6.96,0.809,0.008,0.544
457,9.5238,11.7028,28.51,87.38,8.41,2.53,0.014,0.543
458,11.1521,17.0542,23.29,94.47,26.12,2.931,0.012,0.542
459,3.1289,4.6416,26.54,26.54,17.29,1.796,0.013,0.541
460,10.5917,18.8218,18.16,80.19,2.35,0.743,0.009,0.54
461,3.5443,4.9695,22.15,22.15,9.82,0.629,0.011,0.539
462,-1.6696,8.7914,29.82,28.8,8.25,2.571,0.015,0.538
463,10.4746,10.9273,28.16,96.8,33.12,4.096,0.014,0.537
464,-118.3945,5.6226,92.42,92.42,86.44,196.231,15.856,0.536
465,3.8178,7.3555,28.09,28.09,2.5,0.823,0.014,0.535
466,-16.0463,8.1872,85.01,96.55,24.36,54.274,6.593,0.534
467,-55.7924,15.0713,92.54,91.41,24.36,56.199,16.041,0.533
468,11.3632,6.274,23.71,97.89,41.17,3.815,0.012,0.532
469,10.4788,7.5703,28.92,96.93,23.88,3.364,0.014,0.531
470,-59.5228,6.0476,94.43,92.93,20.56,46.952,19.152,0.53
471,-80.5707,6.8481,85.5,85.5,72.32,163.77,7.068,0.529
472,10.5981,12.7738,26.38,93.39,8.38,2.456,0.013,0.528
473,-4.712,8.9501,29.37,27.07,27.07,3.587,0.015,0.527
474,3.85,5.7135,13.43,13.43,2.81,0.376,0.007,0.526
475,10.7973,6.4154,25.48,91.77,2.44,0.796,0.013,0.525
476,10.054,19.7626,27.17,90.11,26.49,2.608,0.014,0.524
477,-63.745,7.3878,93.71,93.71,29.66,69.526,17.931,0.523
478,2.9285,10.939,29.27,29.27,21.26,2.209,0.015,0.522
479,10.8101,5.2954,27.95,97.98,26.16,3.027,0.014,0.521
480,0.7965,5.5069,25.85,24.67,2.47,0.8,0.013,0.52
481,10.1791,7.3807,26.87,89.9,11.94,1.93,0.013,0.519
482,-88.1702,16.6165,93.15,93.15,36.4,83.293,17.012,0.518
483,-103.1483,7.9195,88.98,88.98,87.14,196.763,11.011,0.517
484,3.2043,8.3093,22.67,22.67,16.07,1.53,0.011,0.516
485,11.9179,6.3417,19.24,92.68,2.33,0.748,0.01,0.515
486,-0.0006,8.2224,27.15,20.74,16.42,1.797,0.014,0.514
487,0.5329,7.5688,26.94,23.59,6.01,1.668,0.013,0.513
488,9.9714,7.5803,29.37,94.38,32.25,4.222,0.015,0.512
489,3.7124,6.5878,19.78,19.78,5.99,0.481,0.01,0.511
490,3.8158,8.1499,26.9,26.9,2.57,0.814,0.013,0.51
491,3.1343,7.1477,27.61,27.61,17.0,1.856,0.014,0.509
492,0.545,8.0865,26.11,21.83,5.82,1.642,0.013,0.508
493,-2.1895,7.1978,26.4,26.4,36.48,3.655,0.013,0.507
494,12.15,5.9862,19.16,96.91,27.28,2.658,0.01,0.506
495,3.8364,16.1182,16.64,16.64,2.25,0.734,0.008,0.505
496,9.0037,4.693,26.93,81.02,27.01,2.606,0.013,0.504
497,0.5624,12.4605,17.74,26.85,5.75,1.499,0.009,0.503
498,9.9568,7.3928,29.44,95.92,48.36,5.473,0.015,0.502
499,-0.3052,3.8188,24.61,18.59,21.08,2.512,0.012,0.501
500,3.8275,7.7194,23.63,23.63,2.37,0.778,0.012,0.5
501,8.6257,4.9386,29.97,81.35,12.44,2.118,0.015,0.5
502,10.425,4.9362,29.21,93.8,3.83,0.908,0.015,0.499
503,11.8437,7.6533,20.75,96.15,26.25,2.392,0.01,0.499
504,10.3649,6.7599,27.92,94.63,25.59,3.345,0.014,0.498
505,3.8306,6.7642,19.36,19.36,2.36,0.749,0.01,0.498
506,10.8276,6.2976,28.02,97.75,25.49,2.652,0.014,0.497
507,-57.0984,5.9608,90.8,94.97,34.03,78.661,13.452,0.497
508,-32.0221,12.9999,81.37,81.37,24.71,39.869,3.598,0.496
509,3.8734,5.6229,13.07,13.07,2.24,0.37,0.007,0.496
510,11.6455,6.2348,21.65,93.67,2.32,0.763,0.011,0.495
511,10.9542,4.4221,24.86,94.28,27.49,2.418,0.012,0.495
512,-13.2808,18.8002,85.26,95.83,14.04,32.576,6.835,0.494
513,2.5656,7.4111,28.28,28.28,27.98,3.154,0.014,0.494
514,-4.4425,7.3355,24.54,27.4,23.65,2.599,0.012,0.493
515,-29.1634,3.177,86.28,92.68,10.75,24.889,7.871,0.493
516,-74.7657,7.0532,85.16,85.16,66.79,147.99,6.738,0.492
517,3.5806,10.7263,29.39,29.39,6.14,1.738,0.015,0.492
518,-60.5906,6.8342,95.76,17.34,193.73,439.042,21.505,0.491
519,11.6676,6.8835,20.3,94.38,22.88,2.632,0.01,0.491
520,3.8334,12.9943,19.33,19.33,2.3,0.748,0.01,0.49
521,-2.8161,6.0227,26.59,22.98,12.44,1.939,0.013,0.49
522,0.5243,4.614,27.72,22.86,6.13,1.693,0.014,0.489
523,10.54,5.7288,25.38,92.54,29.09,3.231,0.013,0.489
524,-3.3161,3.2854,26.25,13.84,21.7,2.312,0.013,0.488
525,10.9298,6.1213,22.17,88.4,2.45,0.77,0.011,0.488
526,-62.9721,7.2213,88.15,88.15,32.48,73.791,9.985,0.488
527,0.5573,5.6346,18.31,26.07,5.84,1.508,0.009,0.487
528,10.2715,5.2885,28.09,95.1,34.94,4.174,0.014,0.487
529,3.4837,7.191,20.44,20.44,10.53,0.949,0.01,0.486
530,0.8095,17.5908,19.7,18.81,2.31,0.75,0.01,0.486
531,10.2285,4.9019,28.03,92.85,26.93,2.722,0.014,0.485
532,10.5001,6.6142,28.39,95.36,8.53,2.532,0.014,0.485
533,9.2177,5.5663,29.97,89.75,42.41,4.898,0.015,0.484
534,3.3339,6.6706,27.04,27.04,12.61,1.618,0.014,0.484
535,13.5196,4.5357,12.79,97.36,2.21,0.719,0.006,0.483
536,3.6432,4.6646,17.91,17.91,6.87,0.821,0.009,0.483
537,10.9982,8.0536,25.93,96.11,8.47,2.446,0.013,0.482
538,3.8339,5.8803,21.98,21.98,3.06,0.435,0.011,0.482
539,3.4391,4.8249,26.24,26.24,11.11,1.167,0.013,0.481
540,9.7465,5.4112,26.72,84.68,2.38,0.804,0.013,0.481
541,3.5602,4.6006,19.88,19.88,9.59,0.563,0.01,0.48
542,0.5343,5.5248,23.66,22.27,6.11,1.602,0.012,0.48
543,8.8485,3.2392,28.89,85.49,43.58,5.103,0.014,0.479
544,-49.0875,5.3991,87.39,87.39,16.36,37.149,9.084,0.479
545,11.3047,5.6334,24.5,94.67,2.37,0.785,0.012,0.478
546,0.4016,5.6504,26.85,26.85,10.35,0.809,0.013,0.478
547,10.9715,3.089,25.14,94.79,8.3,2.415,0.013,0.477
548,-1.8284,6.6391,26.65,28.73,29.77,3.397,0.013,0.477
549,9.8429,7.6462,26.72,88.55,26.26,3.252,0.013,0.476
550,3.8223,1.6838,23.6,23.6,2.49,0.782,0.012,0.476
551,3.5897,3.6577,26.97,26.97,7.65,1.043,0.013,0.476
552,0.5581,11.2098,18.64,25.76,5.81,1.512,0.009,0.475
553,9.903,5.409,27.64,90.37,25.89,3.329,0.014,0.475
554,-4.3192,7.1986,29.64,12.35,20.57,2.906,0.015,0.474
555,0.7934,15.5803,28.43,20.57,2.48,0.826,0.014,0.474
556,11.2157,6.0281,19.54,88.06,16.43,1.401,0.01,0.473
557,11.1932,6.3534,25.58,95.27,3.8,0.85,0.013,0.473
558,-35.9671,6.3562,92.71,22.27,115.35,261.994,16.313,0.472
559,10.8409,11.314,24.16,92.59,23.75,2.572,0.012,0.472
560,3.8157,14.3043,28.17,28.17,2.54,0.826,0.014,0.471
561,10.6033,5.904,26.76,93.28,12.01,1.928,0.013,0.471
562,10.526,6.7935,26.07,92.36,8.35,2.445,0.013,0.47
563,8.9204,8.277,29.25,86.07,35.1,4.71,0.015,0.47
564,3.7618,3.9886,27.33,27.33,4.55,0.561,0.014,0.469
565,-48.7415,4.3513,92.06,96.81,16.5,37.823,15.307,0.469
566,10.1597,4.3439,24.43,86.34,11.92,1.824,0.012,0.468
567,-1.6695,4.7437,27.02,28.12,8.43,2.479,0.014,0.468
568,9.7593,5.6659,28.09,90.78,34.06,4.131,0.014,0.467
569,-4.6501,5.0048,29.09,19.18,26.64,3.181,0.015,0.467
570,-50.9625,5.1771,88.54,88.54,12.48,28.773,10.452,0.466
571,-14.8069,8.576,89.7,22.01,45.93,105.102,11.942,0.466
572,0.525,6.9524,29.48,29.12,6.03,1.734,0.015,0.465
573,-136.8821,4.8015,95.74,95.74,88.06,198.831,21.467,0.465
574,10.7353,2.56,24.61,92.18,19.81,2.466,0.012,0.464
575,-20.3702,13.757,82.87,85.32,9.68,18.16,4.714,0.464
576,3.1329,4.1248,26.77,26.77,17.16,1.806,0.013,0.464
577,9.942,3.853,29.73,92.58,8.52,2.582,0.015,0.463
578,-10.1738,4.9493,27.8,12.13,52.15,5.661,0.014,0.463
579,-1.6299,3.8372,26.49,22.49,26.15,3.223,0.013,0.462
580,12.1556,13.0742,21.25,97.38,2.34,0.76,0.011,0.462
581,9.8537,4.379,26.31,86.4,11.8,1.899,0.013,0.461
582,3.593,5.7385,25.24,25.24,6.09,1.634,0.013,0.461
583,9.9338,13.343,28.15,91.64,29.91,3.584,0.014,0.46
584,11.0601,4.7809,25.85,97.53,28.5,3.256,0.013,0.46
585,0.7952,5.7883,25.77,25.01,2.49,0.8,0.013,0.459
586,-24.9389,4.4036,81.96,86.23,22.09,38.423,4.019,0.459
587,10.3128,3.7152,29.56,95.42,8.58,2.579,0.015,0.458
588,-4.0488,4.2043,26.68,25.94,33.18,3.899,0.013,0.458
589,3.3759,3.7524,19.9,19.9,13.12,0.992,0.01,0.457
590,10.4942,11.7827,28.14,92.85,2.58,0.828,0.014,0.457
591,10.519,5.3055,21.04,85.08,26.1,2.058,0.011,0.456
592,10.402,13.5948,27.99,92.97,6.13,1.7,0.014,0.456
593,10.5933,5.231,27.45,96.88,36.11,4.137,0.014,0.455
594,-148.8562,5.2522,92.33,92.33,132.18,299.15,15.725,0.455
595,3.8151,3.3633,27.0,27.0,2.58,0.816,0.013,0.454
596,3.5026,3.5023,27.12,27.12,10.38,0.821,0.014,0.454
597,-91.0903,3.7467,94.66,94.66,28.88,66.388,19.543,0.453
598,10.0652,10.6389,29.95,95.85,29.6,4.155,0.015,0.453
599,-25.1898,4.2678,85.11,97.89,51.81,115.225,6.689,0.452
600,3.8161,3.8852,29.07,29.07,2.51,0.835,0.015,0.452
601,-102.3588,8.4807,97.43,97.43,66.48,151.328,24.683,0.452
602,12.7106,3.0506,16.89,97.99,7.92,2.222,0.008,0.451
603,10.1005,4.8323,28.83,94.9,36.22,4.353,0.014,0.451
604,-3.4411,5.8698,27.38,16.32,23.81,2.506,0.014,0.45
605,-65.5218,4.5109,94.59,91.97,28.64,65.141,19.411,0.45
606,3.5902,4.2878,27.92,27.92,7.57,1.069,0.014,0.449
607,3.5916,5.2017,26.68,26.68,6.05,1.664,0.013,0.449
608,-66.7759,2.5751,95.42,21.31,231.28,522.121,20.885,0.448
609,-48.198,2.6151,85.37,85.37,41.89,94.957,6.94,0.448
610,10.4088,9.7053,23.58,85.96,2.39,0.778,0.012,0.447
611,10.3892,3.556,28.88,94.44,18.12,2.006,0.014,0.447
612,10.9751,11.327,24.25,93.6,8.35,2.392,0.012,0.446
613,9.9827,3.6654,29.99,96.51,41.3,5.187,0.015,0.446
614,2.9543,9.4428,26.05,26.05,20.52,2.248,0.013,0.445
615,-34.0191,3.3242,88.02,91.22,11.8,27.253,9.823,0.445
616,10.3281,4.5877,22.74,85.38,11.52,1.747,0.011,0.444
617,10.9136,13.1355,25.14,94.31,8.24,2.413,0.013,0.444
618,9.3749,9.4939,28.22,88.9,44.94,5.044,0.014,0.443
619,10.7814,3.415,28.19,96.61,16.44,1.868,0.014,0.443
620,-63.1939,13.9989,95.09,97.77,22.43,51.167,20.305,0.442
621,10.2518,3.8841,29.01,94.52,27.12,2.847,0.015,0.442
622,11.783,3.8015,23.19,96.95,3.71,0.817,0.012,0.441
623,-61.4113,2.8438,87.22,87.22,35.52,80.276,8.893,0.441
624,9.9796,2.5396,26.98,90.03,25.68,3.252,0.013,0.44
625,0.8075,1.8414,21.86,25.08,2.32,0.764,0.011,0.44
626,3.5917,14.2996,14.46,14.46,9.08,0.45,0.007,0.44
627,10.5578,4.2018,25.64,91.05,6.09,1.642,0.013,0.439
628,3.5951,4.1647,22.09,22.09,7.82,0.92,0.011,0.439
629,10.0008,12.0856,27.17,90.01,25.0,2.89,0.014,0.438
630,10.8349,4.3184,19.93,84.6,2.33,0.752,0.01,0.438
631,9.9829,4.0039,28.9,91.13,12.1,2.04,0.014,0.437
632,-5.9387,3.6849,28.04,28.04,11.99,3.39,0.014,0.437
633,8.5755,4.1932,29.27,83.88,44.55,5.229,0.015,0.436
634,3.8137,2.9954,19.69,19.69,3.59,0.428,0.01,0.436
635,3.8253,13.9246,22.8,22.8,2.43,0.774,0.011,0.435
636,3.1183,11.2816,28.36,28.36,17.24,1.921,0.014,0.435
637,3.5973,2.515,25.39,25.39,5.99,1.633,0.013,0.434
638,3.7712,2.131,17.11,17.11,4.66,0.424,0.009,0.434
639,10.7239,12.6355,28.12,96.94,24.12,2.593,0.014,0.433
640,-46.1426,4.2317,87.3,87.3,12.29,28.357,8.988,0.433
641,-64.334,4.2497,87.96,87.96,35.62,80.846,9.75,0.432
642,-70.3022,4.7595,96.05,95.29,27.29,62.8,22.041,0.432
643,8.8925,4.0334,28.73,85.84,47.47,5.273,0.014,0.431
644,9.2409,3.3574,29.72,87.88,24.93,3.51,0.015,0.431
645,12.2997,2.7756,20.54,97.63,2.35,0.756,0.01,0.43
646,-58.482,3.4666,89.68,89.68,41.02,94.053,11.916,0.43
647,3.5779,5.5483,28.04,28.04,6.28,1.709,0.014,0.429
648,3.308,2.794,27.15,27.15,13.96,1.336,0.014,0.429
649,9.8829,3.6751,29.88,91.83,14.32,2.221,0.015,0.428
650,-70.4791,11.1691,92.1,92.1,18.2,41.652,15.369,0.428
651,9.119,2.9576,29.09,84.23,12.72,2.083,0.015,0.428
652,3.5749,8.9534,28.61,28.61,6.31,1.726,0.014,0.427
653,11.161,14.4187,24.9,97.13,31.76,3.28,0.012,0.427
654,3.1152,4.6692,26.65,26.65,16.79,2.132,0.013,0.426
655,11.7307,1.6845,23.59,96.99,2.48,0.781,0.012,0.426
656,-31.2545,5.3071,79.87,79.87,33.39,47.944,2.647,0.425
657,10.627,3.8861,24.6,91.17,8.2,2.396,0.012,0.425
658,9.0233,3.9957,29.66,88.99,49.32,5.925,0.015,0.424
659,-127.6452,4.6335,93.6,93.6,91.27,207.115,17.748,0.424
660,0.816,4.2701,14.46,18.92,2.23,0.725,0.007,0.423
661,10.0765,4.4379,26.03,88.63,26.81,2.505,0.013,0.423
662,-77.5117,4.1689,95.72,86.09,39.56,91.099,21.426,0.422
663,10.7517,2.3637,25.11,93.78,26.49,3.104,0.013,0.422
664,-0.4616,8.5601,26.29,24.91,23.73,2.751,0.013,0.421
665,3.8325,9.8274,18.19,18.19,2.33,0.742,0.009,0.421
666,-0.8132,3.3644,29.32,25.22,12.14,2.064,0.015,0.42
667,-85.2387,3.9024,93.89,93.89,26.37,60.726,18.227,0.42
668,-6.0233,1.3154,26.67,21.9,32.71,3.877,0.013,0.419
669,9.2837,4.8632,29.63,87.32,20.15,2.881,0.015,0.419
670,11.346,12.6096,20.38,89.47,2.36,0.755,0.01,0.418
671,3.1332,12.7326,28.87,28.87,16.83,1.937,0.014,0.418
672,10.4493,3.9486,26.92,92.9,8.46,2.477,0.013,0.417
673,8.7809,7.2427,29.61,86.11,44.41,5.289,0.015,0.417
674,-151.9395,9.166,95.66,97.66,150.47,339.95,21.317,0.416
675,9.806,6.2056,22.65,79.69,2.38,0.771,0.011,0.416
676,-0.7778,3.2255,22.64,20.55,12.04,1.759,0.011,0.416
677,-84.4499,10.3187,95.83,89.8,49.21,112.833,21.627,0.415
678,-40.8901,4.0194,83.53,87.64,42.62,82.656,5.256,0.415
679,10.6968,3.1301,27.28,95.64,19.2,2.634,0.014,0.414
680,10.7819,11.5131,26.52,93.04,2.38,0.802,0.013,0.414
681,3.5498,3.8909,21.39,21.39,9.74,0.605,0.011,0.413
682,-69.0578,9.1728,95.97,96.93,25.93,59.741,21.884,0.413
683,-2.713,3.9096,29.76,28.86,27.0,3.632,0.015,0.412
684,3.1939,7.1436,22.99,22.99,16.27,1.552,0.011,0.412
685,3.8183,12.7568,28.41,28.41,2.48,0.826,0.014,0.411
686,9.7851,4.5193,25.59,84.66,17.46,1.742,0.013,0.411
687,-1.6679,3.6468,29.29,29.53,8.26,2.551,0.015,0.41
688,-80.9934,4.3352,92.85,92.85,28.47,64.418,16.533,0.41
689,-2.2113,4.8443,28.84,22.4,19.39,2.419,0.014,0.409
690,3.8326,5.4009,19.56,19.56,2.31,0.75,0.01,0.409
691,10.634,3.9176,28.53,95.91,17.03,1.923,0.014,0.408
692,3.5951,7.1822,27.71,27.71,5.92,1.683,0.014,0.408
693,-36.6571,2.9561,93.73,29.91,117.86,267.64,17.964,0.407
694,3.6828,3.0936,15.03,15.03,6.85,0.432,0.008,0.407
695,3.822,10.8878,27.98,27.98,2.4,0.818,0.014,0.406
696,3.5685,2.5948,18.59,18.59,9.46,0.531,0.009,0.406
697,0.5549,2.3618,21.64,25.85,5.79,1.556,0.011,0.405
698,-33.0666,8.4148,81.26,82.55,42.48,69.112,3.525,0.405
699,-3.4497,2.7394,26.71,22.02,23.44,2.777,0.013,0.404
700,3.8377,4.3201,13.69,13.69,2.25,0.722,0.007,0.404
701,9.9501,3.3656,27.51,90.06,24.35,2.894,0.014,0.404
702,-24.9726,0.6093,83.89,89.51,13.21,27.371,5.565,0.403
703,10.3757,2.7113,28.84,97.27,37.14,4.403,0.014,0.403
704,3.4484,3.0292,25.61,25.61,10.95,1.135,0.013,0.402
705,3.8256,7.571,24.75,24.75,2.39,0.788,0.012,0.402
706,8.9085,2.8647,28.08,81.02,12.09,1.997,0.014,0.401
707,3.6029,11.3333,22.76,22.76,5.98,1.58,0.011,0.401
708,-0.8726,2.371,24.29,17.37,14.35,1.553,0.012,0.4
709,10.1221,3.2432,29.79,95.19,29.34,3.418,0.015,0.4
710,10.3118,4.5007,25.95,88.36,2.49,0.802,0.013,0.399
711,10.0431,12.9626,24.19,85.05,12.1,1.82,0.012,0.399
712,-77.3946,4.5289,95.7,94.06,39.48,90.936,21.394,0.398
713,10.3066,8.3129,17.24,79.83,33.24,3.337,0.009,0.398
714,10.8658,3.8024,27.12,97.03,22.83,2.787,0.014,0.397
715,9.7228,3.7405,29.47,88.21,2.43,0.835,0.015,0.397
716,-59.739,11.1934,87.41,87.41,31.85,72.371,9.11,0.396
717,11.0381,2.348,23.09,92.53,8.26,2.358,0.012,0.396
718,10.0256,8.6833,29.18,95.8,44.4,5.202,0.015,0.395
719,-116.7358,3.8562,91.6,97.76,118.78,269.362,14.608,0.395
720,0.8065,2.7571,21.77,23.83,2.34,0.764,0.011,0.394
721,12.0182,3.7423,20.49,96.77,25.43,2.004,0.01,0.394
722,12.262,3.9116,18.87,96.02,5.69,1.512,0.009,0.393
723,3.4926,2.6333,25.15,25.15,10.78,0.76,0.013,0.393
724,2.9937,5.3893,25.19,25.19,19.77,2.155,0.013,0.392
725,0.8026,3.5424,25.27,23.32,2.37,0.791,0.013,0.392
726,3.5745,7.0421,28.71,28.71,7.86,1.109,0.014,0.392
727,-82.1503,10.3362,95.46,96.54,47.87,109.801,20.96,0.391
728,2.8663,4.1549,29.02,29.02,22.69,2.262,0.015,0.391
729,11.0432,3.0877,24.38,94.37,19.0,2.422,0.012,0.39
730,3.8276,9.9372,24.22,24.22,2.36,0.782,0.012,0.39
731,10.2764,6.4259,29.02,94.74,27.14,2.849,0.015,0.389
732,3.5918,11.4371,25.13,25.13,6.12,1.632,0.013,0.389
733,-24.5989,13.877,82.58,97.05,75.87,135.387,4.483,0.388
734,3.3297,2.0114,27.24,27.24,13.46,1.318,0.014,0.388
735,12.7719,2.8497,17.3,97.2,2.32,0.738,0.009,0.387
736,3.6197,0.658,23.7,23.7,7.16,0.937,0.012,0.387
737,3.7649,2.2943,25.54,25.54,3.76,0.848,0.013,0.386
738,2.7787,2.1844,26.69,26.69,24.37,2.466,0.013,0.386
739,3.1371,3.4828,27.76,27.76,16.92,1.862,0.014,0.385
740,3.8159,5.2889,26.6,26.6,2.57,0.812,0.013,0.385
741,-125.8881,3.1117,94.53,94.53,118.54,267.061,19.311,0.384
742,3.6043,2.9461,23.81,23.81,5.9,1.598,0.012,0.384
743,10.018,7.7223,29.72,95.44,34.22,4.385,0.015,0.383
744,10.2541,3.3542,28.66,94.47,27.36,3.167,0.014,0.383
745,0.788,2.0043,29.79,14.67,2.55,0.845,0.015,0.382
746,-62.4443,1.8944,91.74,91.74,38.01,86.924,14.817,0.382
747,11.0811,11.5307,25.63,95.39,5.93,1.636,0.013,0.381
748,3.1714,9.3034,24.18,24.18,17.45,1.305,0.012,0.381
749,-156.1522,4.4496,96.17,92.62,153.5,347.478,22.255,0.38
750,-37.6578,3.4157,89.08,88.19,13.08,30.12,11.137,0.38
751,0.4218,8.951,24.85,24.85,10.12,0.724,0.012,0.38
752,3.5701,0.4121,29.64,29.64,6.35,1.757,0.015,0.379
753,3.2722,3.4313,29.61,29.61,14.42,1.509,0.015,0.379
754,3.1061,2.7838,28.41,28.41,17.5,1.938,0.014,0.378
755,11.9612,1.967,20.79,95.14,2.4,0.759,0.01,0.378
756,3.1067,12.0625,28.41,28.41,17.49,1.938,0.014,0.377
757,3.5845,4.5863,28.63,28.63,6.1,1.715,0.014,0.377
758,9.0628,10.7178,29.55,89.45,53.56,6.138,0.015,0.376
759,-2.3938,2.5389,24.73,25.6,22.72,2.581,0.012,0.376
760,3.831,1.7226,21.0,21.0,2.33,0.759,0.01,0.375
761,3.6352,1.5006,18.49,18.49,7.04,0.833,0.009,0.375
762,10.9434,3.2871,26.31,96.17,8.26,2.449,0.013,0.374
763,9.8254,5.9448,29.98,93.76,33.66,4.044,0.015,0.374
764,10.1491,2.9215,29.62,94.76,23.54,3.071,0.015,0.373
765,3.809,2.7906,29.61,29.61,2.65,0.849,0.015,0.373
766,-4.4915,1.2714,28.02,26.47,23.98,2.927,0.014,0.372
767,3.7661,1.5714,27.6,27.6,3.66,0.873,0.014,0.372
768,8.4271,11.9624,29.4,83.74,51.14,5.968,0.015,0.371
769,-96.329,4.1271,93.67,93.67,44.95,101.493,17.866,0.371
770,3.8163,5.0112,26.98,26.98,2.56,0.815,0.013,0.37
771,3.0568,6.6771,29.74,29.74,18.36,2.09,0.015,0.37
772,10.445,9.1738,28.9,95.61,8.57,2.553,0.014,0.369
773,2.7545,2.8496,26.77,26.77,24.9,2.496,0.013,0.369
774,10.0529,2.4912,29.24,93.95,25.23,3.472,0.015,0.368
775,12.8127,1.9155,15.44,95.04,2.25,0.729,0.008,0.368
776,-92.5823,2.3667,96.64,96.64,56.88,129.379,23.149,0.368
777,3.7665,1.7693,27.12,27.12,3.67,0.867,0.014,0.367
778,10.7727,12.1639,26.8,97.19,32.4,3.881,0.013,0.367
779,-181.1779,12.3402,96.53,96.53,146.36,331.068,22.938,0.366
780,10.5338,3.6449,19.32,81.27,2.38,0.75,0.01,0.366
781,3.6132,11.0615,24.46,24.46,7.27,0.959,0.012,0.365
782,3.5877,2.1126,27.66,27.66,6.08,1.69,0.014,0.365
783,3.5881,1.8665,24.98,24.98,7.82,0.993,0.012,0.364
784,10.3823,11.6212,27.13,92.86,20.1,2.663,0.014,0.364
785,-55.9627,10.218,93.59,88.0,19.68,44.977,17.731,0.363
786,-4.5686,5.8392,29.56,18.34,25.07,3.149,0.015,0.363
787,3.603,7.3753,23.89,23.89,5.92,1.6,0.012,0.362
788,-114.0963,2.9713,94.03,95.27,102.78,233.706,18.456,0.362
789,-183.2695,3.7045,97.69,97.67,184.77,417.485,25.195,0.361
790,3.8252,10.6313,22.64,22.64,2.44,0.773,0.011,0.361
791,3.5928,2.8641,14.24,14.24,9.06,0.446,0.007,0.36
792,3.6033,3.1747,23.57,23.57,5.93,1.594,0.012,0.36
793,3.6406,3.2135,28.1,28.1,7.22,0.707,0.014,0.359
794,2.9872,2.4575,24.4,24.4,20.05,2.11,0.012,0.359
795,10.614,4.2575,24.34,88.71,2.49,0.788,0.012,0.358
796,0.4274,10.6662,24.26,24.26,10.05,0.701,0.012,0.358
797,10.9939,4.2145,26.26,96.53,8.43,2.455,0.013,0.357
798,3.5894,3.004,23.63,23.63,7.87,0.959,0.012,0.357
799,11.0319,2.4612,26.21,96.2,14.19,1.994,0.013,0.356
800,-37.5088,6.1813,88.95,94.65,13.38,30.807,10.969,0.356
801,10.3562,12.7593,29.28,94.67,17.05,1.98,0.015,0.356
802,10.259,10.2925,29.0,92.13,3.74,0.899,0.014,0.355
803,9.4479,2.2805,28.77,89.23,34.16,4.236,0.014,0.355
804,3.1107,2.8168,27.83,27.83,16.72,2.207,0.014,0.354
805,3.8228,3.0361,24.86,24.86,2.45,0.791,0.012,0.354
806,3.5752,3.7614,17.48,17.48,9.36,0.506,0.009,0.353
807,3.766,8.7364,27.61,27.61,3.66,0.874,0.014,0.353
808,3.103,10.2533,26.81,26.81,17.83,1.838,0.013,0.352
809,3.7969,1.0741,25.56,25.56,3.82,0.501,0.013,0.352
810,3.8288,7.9265,21.58,21.58,2.37,0.763,0.011,0.351
811,-172.3755,3.4668,97.01,97.01,129.6,291.95,23.871,0.351
812,10.1131,2.66,28.45,92.23,8.7,2.543,0.014,0.35
813,3.6464,4.4582,27.22,27.22,7.15,0.677,0.014,0.35
814,10.5661,1.6425,28.92,97.75,25.09,3.429,0.014,0.349
815,-69.8492,1.9675,92.22,92.22,16.39,37.586,15.555,0.349
816,3.6251,2.6192,22.84,22.84,7.08,0.915,0.011,0.348
817,10.2958,4.5837,29.66,95.42,8.56,2.581,0.015,0.348
818,10.4432,3.927,29.55,97.99,29.94,3.77,0.015,0.347
819,3.149,2.0995,26.84,26.84,16.79,1.794,0.013,0.347
820,-32.1671,2.5688,87.02,93.7,12.67,29.21,8.673,0.346
821,-82.3671,5.5905,88.7,88.7,58.22,131.342,10.65,0.346
822,3.5904,8.0332,25.16,25.16,6.15,1.634,0.013,0.345
823,-5.5084,1.7307,29.57,23.99,40.72,4.724,0.015,0.345
824,-2.6901,3.6867,28.75,21.9,27.44,3.183,0.014,0.344
825,11.464,1.4884,22.07,92.73,2.43,0.768,0.011,0.344
826,10.8766,5.8397,23.32,90.76,11.69,1.773,0.012,0.344
827,-42.0922,3.8021,89.2,93.97,18.87,43.862,11.284,0.343
828,7.8258,3.1759,29.58,78.19,45.47,5.343,0.015,0.343
829,11.0041,4.0918,21.6,90.19,20.68,2.304,0.011,0.342
830,-69.3885,6.9099,96.56,93.82,23.31,53.153,22.992,0.342
831,10.5813,1.4943,28.55,95.53,17.58,1.952,0.014,0.341
832,-1.6728,4.0144,27.39,28.7,8.47,2.494,0.014,0.341
833,9.9088,10.1192,29.32,94.57,37.35,4.844,0.015,0.34
834,10.3365,0.6277,29.94,97.47,26.91,3.649,0.015,0.34
835,9.5173,3.3063,25.17,80.68,2.41,0.792,0.013,0.339
836,11.4542,2.3085,24.17,96.56,17.37,1.652,0.012,0.339
837,10.7061,5.6776,27.62,96.0,8.25,2.491,0.014,0.338
838,9.0891,5.0279,25.77,82.36,38.5,4.35,0.013,0.338
839,10.4713,3.0893,27.06,94.27,26.07,3.278,0.014,0.337
840,3.8217,6.6875,24.49,24.49,2.49,0.789,0.012,0.337
841,-197.7265,3.5157,94.77,94.77,186.16,419.913,19.727,0.336
842,-38.3922,3.1913,88.26,95.51,17.05,39.77,10.115,0.336
843,2.8772,1.4745,20.03,20.03,23.26,1.925,0.01,0.335
844,3.1564,3.5106,24.76,24.76,16.11,1.991,0.012,0.335
845,12.8843,10.1352,17.12,97.89,2.29,0.736,0.009,0.334
846,-129.4431,4.329,95.82,95.82,115.93,262.946,21.607,0.334
847,11.0062,4.6655,21.47,89.09,5.9,1.556,0.011,0.333
848,3.1367,2.3796,27.11,27.11,17.81,1.508,0.014,0.333
849,10.5431,3.9049,26.48,93.42,22.99,2.737,0.013,0.332
850,3.8351,2.731,16.7,16.7,2.29,0.734,0.008,0.332
851,8.4639,4.0157,29.42,79.2,12.11,2.068,0.015,0.332
852,3.5741,2.127,28.6,28.6,6.33,1.726,0.014,0.331
853,2.7784,3.5551,26.77,26.77,24.36,2.473,0.013,0.331
854,8.9617,2.6783,29.54,84.51,20.02,2.866,0.015,0.33
855,0.8115,2.6149,17.18,23.32,2.3,0.737,0.009,0.33
856,9.0814,1.3416,29.91,85.01,17.94,2.08,0.015,0.329
857,10.8103,2.853,28.8,97.5,6.25,1.728,0.014,0.329
858,3.84,4.0461,19.13,19.13,2.97,0.411,0.01,0.328
859,3.8012,2.8077,24.21,24.21,3.77,0.481,0.012,0.328
860,11.5357,1.4872,22.86,94.39,2.42,0.774,0.011,0.327
861,-15.3009,2.5062,92.41,25.71,47.73,109.144,15.835,0.327
862,-65.2791,3.5901,95.22,94.26,24.54,56.604,20.522,0.326
863,10.6726,8.7102,24.66,92.73,32.3,3.273,0.012,0.326
864,3.0954,13.0353,29.4,29.4,16.8,2.326,0.015,0.325
865,9.7873,1.7325,25.2,82.97,2.49,0.795,0.013,0.325
866,0.4321,3.5245,23.74,23.74,9.99,0.682,0.012,0.324
867,3.6171,1.6736,21.29,21.29,5.7,1.548,0.011,0.324
868,9.1681,5.7433,29.21,88.4,39.7,4.954,0.015,0.323
869,9.9932,8.6738,28.44,92.31,26.03,3.423,0.014,0.323
870,-62.4691,10.823,94.85,89.68,22.71,51.796,19.867,0.322
871,3.6036,2.2125,27.73,27.73,7.29,1.049,0.014,0.322
872,10.4257,11.931,29.9,95.79,6.21,1.756,0.015,0.321
873,3.5644,2.5462,26.54,26.54,8.25,1.056,0.013,0.321
874,-115.5924,5.5534,93.99,96.65,105.32,239.077,18.401,0.32
875,-72.4591,3.5304,95.91,92.97,31.57,71.735,21.789,0.32
876,8.4742,8.536,28.88,78.53,12.16,2.042,0.014,0.32
877,3.5851,2.832,29.33,29.33,6.04,1.731,0.015,0.319
878,10.9177,1.2294,23.9,93.01,27.65,2.684,0.012,0.319
879,-0.5832,3.3213,17.93,28.86,9.91,0.875,0.009,0.318
880,10.8186,3.1787,29.18,96.95,2.54,0.838,0.015,0.318
881,3.6318,0.3632,22.28,22.28,6.96,0.9,0.011,0.317
882,10.5445,9.0921,29.55,97.35,8.55,2.577,0.015,0.317
883,-68.8593,6.7159,84.12,92.93,84.8,172.197,5.769,0.316
884,3.235,7.8705,20.03,20.03,15.62,1.403,0.01,0.316
885,3.8275,10.6925,22.5,22.5,2.39,0.77,0.011,0.315
886,0.0116,3.0904,22.77,29.39,16.66,1.553,0.011,0.315
887,3.7772,6.8755,23.8,23.8,3.53,0.818,0.012,0.314
888,10.928,2.7695,25.26,96.21,32.9,3.714,0.013,0.314
889,3.5866,11.7091,13.08,13.08,8.4,0.774,0.007,0.313
890,-75.6068,2.676,93.32,93.32,16.82,38.553,17.283,0.313
891,-2.8251,4.0723,29.93,13.85,12.29,2.107,0.015,0.312
892,10.2231,10.5574,27.54,91.89,8.59,2.505,0.014,0.312
893,-10.1322,2.6976,29.56,25.97,50.68,5.979,0.015,0.311
894,3.8765,6.117,10.34,10.34,2.18,0.362,0.005,0.311
895,-73.4591,2.5658,92.6,92.6,19.02,43.492,16.136,0.31
896,3.5928,3.1446,27.08,27.08,7.57,1.043,0.014,0.31
897,12.4818,5.2054,17.61,95.22,3.49,0.759,0.009,0.309
898,9.9108,6.7123,27.32,90.3,31.49,3.555,0.014,0.309
899,-0.7952,10.8649,28.05,13.08,12.57,1.668,0.014,0.308
900,-48.9266,7.5948,92.11,91.8,16.56,37.959,15.376,0.308
901,-0.8221,1.3561,29.01,28.99,12.33,2.058,0.015,0.308
902,3.5988,2.9777,23.45,23.45,6.04,1.595,0.012,0.307
903,3.3871,2.2195,29.37,29.37,11.93,1.356,0.015,0.307
904,-105.7061,11.1048,89.38,89.38,88.36,199.87,11.52,0.306
905,11.2367,6.4513,21.98,90.71,2.34,0.765,0.011,0.306
906,-90.6304,1.5275,87.44,87.44,77.29,174.957,9.146,0.305
907,3.5913,3.5341,26.93,26.93,6.04,1.67,0.013,0.305
908,2.6875,6.4254,28.91,28.91,25.89,2.769,0.014,0.304
909,-31.7363,8.6643,96.6,24.75,111.39,251.67,23.083,0.304
910,3.8321,3.3527,18.63,18.63,2.34,0.745,0.009,0.303
911,3.5368,5.0642,23.14,23.14,9.93,0.661,0.012,0.303
912,-17.6549,4.0522,95.21,26.38,45.0,104.049,20.515,0.302
913,3.5501,1.9297,29.03,29.03,8.38,1.148,0.015,0.302
914,-2.1253,4.2791,20.81,27.38,18.11,2.196,0.01,0.301
915,0.7948,1.4261,26.57,23.82,2.49,0.808,0.013,0.301
916,3.4944,2.2966,27.96,27.96,10.48,0.862,0.014,0.3
917,-43.4234,0.9774,89.95,89.64,17.76,41.364,12.271,0.3
918,3.5716,7.456,27.58,27.58,8.01,1.079,0.014,0.299
919,10.7523,5.2544,27.37,96.68,27.03,3.004,0.014,0.299
920,11.3746,3.8387,23.35,93.71,2.36,0.776,0.012,0.298
921,10.9543,2.697,24.97,94.4,26.77,2.401,0.012,0.298
922,3.5875,2.1339,27.31,27.31,6.11,1.682,0.014,0.297
923,9.166,3.7429,29.48,89.8,47.89,5.806,0.015,0.297
924,3.3793,3.2647,20.66,20.66,12.98,1.014,0.01,0.296
925,10.8687,1.5012,26.86,94.23,2.39,0.806,0.013,0.296
926,3.6243,2.3651,20.91,20.91,7.19,0.879,0.01,0.296
927,3.5851,1.5842,29.51,29.51,6.03,1.735,0.015,0.295
928,10.2244,3.049,28.68,96.57,42.83,5.023,0.014,0.295
929,10.4027,1.6621,24.46,89.9,25.84,3.021,0.012,0.294
930,12.2613,2.7928,16.36,91.68,2.25,0.732,0.008,0.294
931,10.0609,2.755,29.55,93.74,27.27,2.921,0.015,0.293
932,10.976,9.4756,26.81,96.14,6.1,1.67,0.013,0.293
933,-2.1473,1.7634,25.81,25.81,35.85,3.549,0.013,0.292
934,3.4405,3.1781,24.52,24.52,11.23,1.103,0.012,0.292
935,3.8208,3.3677,27.48,27.48,2.44,0.815,0.014,0.291
936,3.5983,1.5936,13.13,13.13,8.97,0.43,0.007,0.291
937,0.5354,5.0363,28.02,22.23,5.91,1.69,0.014,0.29
938,-37.6975,2.9529,86.3,18.23,110.48,251.734,7.893,0.29
939,10.5476,3.2107,29.89,97.41,14.71,2.244,0.015,0.289
940,-41.6133,1.5614,89.83,83.78,15.89,36.442,12.113,0.289
941,3.1561,0.9833,26.83,26.83,16.63,1.786,0.013,0.288
942,-31.3275,2.8367,85.9,87.58,14.91,34.957,7.469,0.288
943,9.886,2.0879,29.77,93.91,33.12,3.981,0.015,0.287
944,3.1896,6.3464,21.47,21.47,16.54,1.487,0.011,0.287
945,-50.2444,1.666,92.59,95.33,16.2,37.158,16.119,0.286
946,3.6362,6.4661,18.36,18.36,7.02,0.83,0.009,0.286
947,3.6066,2.7072,21.24,21.24,5.95,1.553,0.011,0.285
948,3.2497,1.552,26.97,26.97,14.51,1.7,0.013,0.285
949,-109.0221,5.5022,91.63,97.89,107.38,243.345,14.651,0.284
950,10.3303,1.6089,22.76,84.2,2.35,0.771,0.011,0.284
951,3.592,2.6763,29.33,29.33,7.43,1.107,0.015,0.284
952,11.7388,12.5902,17.54,88.93,3.49,0.759,0.009,0.283
953,9.6013,4.8413,27.34,88.23,32.18,3.94,0.014,0.283
954,3.8739,2.7323,12.68,12.68,2.23,0.368,0.006,0.282
955,10.1596,9.3933,27.6,89.33,2.41,0.814,0.014,0.282
956,11.1993,2.7359,23.92,94.88,25.84,2.274,0.012,0.281
957,9.5651,3.2046,28.17,87.25,8.31,2.513,0.014,0.281
958,-4.0305,3.3157,29.56,29.32,32.12,4.244,0.015,0.28
959,-1.5503,1.818,24.38,26.58,25.04,2.985,0.012,0.28
960,10.5809,2.5182,25.67,90.23,2.47,0.798,0.013,0.279
961,3.6094,2.7689,27.34,27.34,7.18,1.033,0.014,0.279
962,-71.6453,5.8829,96.74,87.81,25.25,58.207,23.348,0.278
963,-7.487,4.0242,21.06,24.32,42.01,3.862,0.011,0.278
964,3.541,2.4022,23.92,23.92,8.97,1.003,0.012,0.277
965,10.273,2.357,26.03,88.15,2.53,0.804,0.013,0.277
966,11.0426,2.6059,18.19,85.39,25.34,1.861,0.009,0.276
967,-85.633,4.8758,94.24,94.24,24.14,55.726,18.827,0.276
968,-8.5991,2.2721,26.47,27.91,42.72,4.632,0.013,0.275
969,-1.6987,2.4096,29.32,28.89,26.84,3.569,0.015,0.275
970,11.708,8.0763,20.57,92.74,2.3,0.755,0.01,0.274
971,3.133,1.8222,27.83,27.83,17.0,1.871,0.014,0.274
972,-106.6439,4.6612,97.42,97.42,28.06,64.529,24.666,0.273
973,2.8053,0.8437,22.18,22.18,24.62,2.1,0.011,0.273
974,-2.7979,3.0613,29.64,28.63,28.55,3.704,0.015,0.272
975,3.8102,3.92,29.15,29.15,2.64,0.842,0.015,0.272
976,12.2304,1.9088,18.63,95.89,25.18,1.883,0.009,0.272
977,10.6732,4.2642,27.71,95.86,8.48,2.505,0.014,0.271
978,2.9902,11.9727,29.53,29.53,19.86,2.155,0.015,0.271
979,10.3553,0.3547,26.37,92.43,28.54,3.313,0.013,0.27
980,9.9409,6.9702,26.12,85.51,2.52,0.805,0.013,0.27
981,10.9691,2.1262,27.26,97.87,26.73,2.628,0.014,0.269
982,11.1053,1.7817,22.29,91.98,8.17,2.335,0.011,0.269
983,10.0817,6.9973,29.31,96.03,37.76,4.865,0.015,0.268
984,10.2703,2.9701,24.51,88.48,26.77,2.709,0.012,0.268
985,10.5045,6.6608,28.91,93.97,2.44,0.829,0.014,0.267
986,-72.9523,3.391,93.47,95.49,45.14,102.964,17.537,0.267
987,-70.8649,4.3896,95.13,84.37,33.28,76.279,20.371,0.266
988,3.83,5.0289,23.63,23.63,3.12,0.453,0.012,0.266
989,3.724,1.9933,16.75,16.75,5.8,0.438,0.008,0.265
990,11.0074,1.2407,23.74,91.18,2.41,0.78,0.012,0.265
991,-119.0111,4.0043,94.12,94.12,110.49,248.954,18.619,0.264
992,3.5697,3.0646,29.77,29.77,6.36,1.761,0.015,0.264
993,-2.6487,2.5754,26.22,27.21,26.55,3.213,0.013,0.263
994,-48.6607,8.2336,94.93,27.71,169.04,382.087,20.008,0.263
995,-56.5227,1.911,93.52,83.54,20.86,47.633,17.618,0.262
996,10.6724,1.3866,27.04,94.06,16.45,1.792,0.014,0.262
997,11.0105,2.2197,26.67,97.23,8.4,2.466,0.013,0.261
998,3.2062,5.5348,23.4,23.4,16.75,1.239,0.012,0.261
999,3.7187,1.4457,16.37,16.37,5.1,0.774,0.008,0.26
1000,-36.096,1.6488,88.76,90.23,12.05,27.815,10.725,0.26
1001,3.1683,1.1472,24.54,24.54,16.67,1.649,0.012,0.26
1002,3.7559,4.9588,28.28,28.28,3.87,0.894,0.014,0.259
1003,3.4716,2.6209,17.11,17.11,11.02,0.875,0.009,0.259
1004,10.7495,2.5691,26.15,95.28,26.58,3.207,0.013,0.258
1005,11.542,1.3865,18.73,88.87,2.34,0.746,0.009,0.258
1006,3.5498,0.9871,21.4,21.4,9.74,0.605,0.011,0.257
1007,9.8488,4.3865,28.21,87.65,3.85,0.892,0.014,0.257
1008,7.8093,2.5228,29.96,79.29,48.2,5.93,0.015,0.256
1009,10.5758,8.3134,28.57,96.9,25.6,3.066,0.014,0.256
1010,3.8238,4.3759,24.39,24.39,2.44,0.786,0.012,0.255
1011,10.8563,5.2514,27.64,97.5,26.63,2.665,0.014,0.255
1012,9.4668,3.6292,28.12,86.35,8.02,2.497,0.014,0.254
1013,11.5875,1.8482,23.34,97.8,27.88,2.641,0.012,0.254
1014,10.1299,3.5787,29.5,94.13,19.28,2.821,0.015,0.253
1015,10.8102,6.6973,29.3,97.05,2.45,0.834,0.015,0.253
1016,-2.5983,7.501,25.1,18.03,27.11,2.426,0.013,0.252
1017,-34.6783,7.9531,85.98,85.98,18.99,45.531,7.553,0.252
1018,10.6201,2.6792,26.96,97.89,47.71,5.287,0.013,0.251
1019,3.6886,0.969,13.5,13.5,6.75,0.414,0.007,0.251
1020,3.8137,3.1686,28.3,28.3,2.58,0.83,0.014,0.25
1021,3.5794,6.6799,29.97,29.97,7.66,1.142,0.015,0.25
1022,10.8984,2.1121,26.93,96.67,8.55,2.482,0.013,0.249
1023,-47.1437,1.6742,93.2,18.29,148.47,337.203,17.089,0.249
1024,3.2034,1.5782,23.03,23.03,16.05,1.547,0.012,0.248
1025,10.8155,4.1487,23.42,89.15,2.44,0.779,0.012,0.248
1026,11.8203,1.9697,22.12,96.71,17.02,1.531,0.011,0.248
1027,10.7622,1.3894,26.13,93.43,6.29,1.661,0.013,0.247
1028,-1.9237,5.0053,29.03,29.94,31.6,3.438,0.015,0.247
1029,11.0103,4.3884,24.14,93.85,20.78,2.468,0.012,0.246
1030,-107.3326,2.8394,97.91,97.91,24.84,56.584,25.645,0.246
1031,3.5886,2.1611,28.34,28.34,7.58,1.082,0.014,0.245
1032,-60.0388,5.1054,92.64,88.13,29.84,69.243,16.2,0.245
1033,3.5069,2.4311,23.52,23.52,10.59,0.695,0.012,0.244
1034,10.8671,2.7162,26.23,96.35,26.07,3.194,0.013,0.244
1035,10.2656,1.3778,28.76,91.77,2.43,0.827,0.014,0.243
1036,3.1671,2.9203,23.36,23.36,16.85,1.59,0.012,0.243
1037,10.3849,6.8927,26.88,92.31,8.52,2.479,0.013,0.242
1038,10.06,4.3992,28.31,94.64,43.12,4.969,0.014,0.242
1039,11.5086,1.8934,23.2,95.58,15.58,1.542,0.012,0.241
1040,-38.3649,2.5625,89.41,95.88,12.8,29.501,11.56,0.241
1041,3.6434,2.1251,18.06,18.06,6.86,0.823,0.009,0.24
1042,9.932,6.9943,28.1,90.22,8.4,2.515,0.014,0.24
1043,3.8413,5.4544,18.45,18.45,2.95,0.405,0.009,0.239
1044,3.6823,3.0695,26.62,26.62,5.59,0.943,0.013,0.239
1045,11.1046,9.4052,22.57,90.4,2.37,0.77,0.011,0.238
1046,10.7288,8.502,17.54,81.56,11.36,1.591,0.009,0.238
1047,12.0362,1.362,15.62,88.82,3.42,0.744,0.008,0.237
1048,9.637,7.9082,29.04,92.38,45.1,5.211,0.015,0.237
1049,11.6298,2.0119,21.39,95.25,25.36,2.414,0.011,0.236
1050,11.6462,6.956,23.08,95.6,2.38,0.774,0.012,0.236
1051,10.1079,2.3665,27.08,90.36,25.32,2.546,0.014,0.236
1052,-1.65,6.6344,25.62,29.31,8.15,2.424,0.013,0.235
1053,-43.479,0.9302,95.62,24.78,142.67,323.455,21.248,0.235
1054,3.8452,2.8545,28.81,28.81,2.65,0.489,0.014,0.234
1055,3.8349,7.3394,18.18,18.18,2.27,0.741,0.009,0.234
1056,3.1357,4.937,29.34,29.34,16.69,1.966,0.015,0.233
1057,10.1479,2.4021,29.88,94.5,8.62,2.594,0.015,0.233
1058,2.8798,9.1723,29.77,29.77,22.22,2.313,0.015,0.232
1059,3.7439,4.6475,10.22,10.22,5.46,0.379,0.005,0.232
1060,0.7971,3.4873,25.51,29.08,2.46,0.797,0.013,0.231
1061,3.6199,0.6995,23.51,23.51,7.17,0.933,0.012,0.231
1062,3.7955,3.7527,11.89,11.89,3.3,0.724,0.006,0.23
1063,9.13,1.1208,28.98,88.62,46.86,5.643,0.014,0.23
1064,3.8565,2.0715,23.89,23.89,2.5,0.434,0.012,0.229
1065,11.3676,2.6302,23.59,93.97,2.49,0.782,0.012,0.229
1066,3.5998,0.8154,25.18,25.18,7.54,0.987,0.013,0.228
1067,11.3201,2.6697,22.27,93.76,8.12,2.333,0.011,0.228
1068,9.1815,2.9348,29.26,85.59,21.66,2.579,0.015,0.227
1069,9.3524,2.2691,27.26,84.44,19.68,2.655,0.014,0.227
1070,3.8285,1.9744,21.07,21.07,2.39,0.76,0.011,0.226
1071,-4.5517,5.2021,28.42,20.06,25.0,3.019,0.014,0.226
1072,11.6529,2.6357,20.55,94.17,8.14,2.295,0.01,0.225
1073,8.7305,2.8304,29.43,85.37,43.75,5.217,0.015,0.225
1074,-2.565,2.1489,27.62,29.45,24.75,3.274,0.014,0.224
1075,3.8196,1.0813,26.34,26.34,2.49,0.806,0.013,0.224
1076,11.5814,1.5781,20.65,93.36,25.55,2.018,0.01,0.224
1077,-117.0206,1.6951,95.57,95.57,59.77,135.885,21.156,0.223
1078,9.8062,2.1248,27.35,91.88,50.38,5.484,0.014,0.223
1079,3.1543,3.5903,25.96,25.96,16.8,1.738,0.013,0.222
1080,0.7881,0.6179,28.44,18.43,2.58,0.831,0.014,0.222
1081,10.3472,5.1515,24.52,87.82,17.06,1.662,0.012,0.221
1082,10.4931,1.9222,28.17,94.99,8.41,2.518,0.014,0.221
1083,9.5823,3.1869,29.38,92.46,44.82,5.266,0.015,0.22
1084,-4.6511,2.6739,28.41,13.04,26.8,3.11,0.014,0.22
1085,3.8255,6.0105,23.09,23.09,2.42,0.776,0.012,0.219
1086,3.5355,5.0642,23.31,23.31,9.94,0.667,0.012,0.219
1087,3.6071,4.0713,23.59,23.59,5.84,1.592,0.012,0.218
1088,10.5758,1.8515,26.35,95.93,43.81,4.659,0.013,0.218
1089,11.627,1.239,18.18,90.59,21.72,2.145,0.009,0.217
1090,10.5748,6.0705,26.56,91.37,2.48,0.807,0.013,0.217
1091,3.1711,1.5132,23.09,23.09,16.79,1.574,0.012,0.216
1092,10.441,2.3374,28.33,94.77,8.24,2.515,0.014,0.216
1093,9.8224,8.4762,24.97,88.17,48.43,4.962,0.012,0.215
1094,10.6094,4.4573,26.72,94.35,23.42,2.777,0.013,0.215
1095,3.84,1.41,11.67,11.67,2.21,0.715,0.006,0.214
1096,-67.8028,2.1327,88.78,88.78,35.97,81.638,10.759,0.214
1097,3.5944,3.5041,26.46,26.46,6.0,1.657,0.013,0.213
1098,10.4616,1.3781,28.84,97.01,29.11,3.631,0.014,0.213
1099,3.783,0.7351,21.5,21.5,4.27,0.463,0.011,0.212
1100,12.4544,1.7445,15.75,92.46,2.25,0.73,0.008,0.212
1101,3.0985,4.9989,29.9,29.9,17.41,2.049,0.015,0.212
1102,10.3424,1.3246,24.5,88.67,8.26,2.395,0.012,0.211
1103,3.8537,6.3229,10.83,10.83,2.74,0.366,0.005,0.211
1104,3.0878,1.7507,18.13,18.13,18.47,1.734,0.009,0.21
1105,10.1204,6.2244,26.39,87.36,2.44,0.804,0.013,0.21
1106,3.168,1.9098,24.19,24.19,16.72,1.631,0.012,0.209
1107,3.5845,3.1728,29.23,29.23,6.06,1.729,0.015,0.209
1108,2.6904,2.3525,29.88,29.88,25.58,2.865,0.015,0.208
1109,3.6795,2.6479,27.81,27.81,5.59,0.969,0.014,0.208
1110,3.8381,1.3394,14.06,14.06,2.24,0.723,0.007,0.207
1111,10.8943,1.8114,27.37,97.42,26.79,2.643,0.014,0.207
1112,3.5725,2.5621,28.89,28.89,6.35,1.735,0.014,0.206
1113,3.266,6.5167,15.74,15.74,16.07,0.913,0.008,0.206
1114,-1.5862,5.9454,24.78,28.86,25.64,3.042,0.012,0.205
1115,3.8174,1.9359,27.61,27.61,2.52,0.819,0.014,0.205
1116,3.1779,3.7131,22.63,22.63,16.68,1.547,0.011,0.204
1117,11.6029,1.5675,24.35,97.99,5.95,1.61,0.012,0.204
1118,3.8418,1.868,18.2,18.2,2.94,0.404,0.009,0.203
1119,-103.8965,2.2311,89.18,92.76,110.33,250.001,11.267,0.203
1120,3.8379,1.9667,15.14,15.14,2.24,0.727,0.008,0.202
1121,9.3734,6.735,29.19,86.42,18.03,2.027,0.015,0.202
1122,3.6122,1.6926,22.8,22.8,5.76,1.575,0.011,0.201
1123,9.5244,1.9564,29.12,92.23,48.32,5.75,0.015,0.201
1124,10.6452,0.9988,26.28,94.22,27.6,2.913,0.013,0.2
1125,0.8106,3.4743,19.46,28.17,2.29,0.748,0.01,0.2
1126,10.3225,3.036,23.06,85.79,11.93,1.771,0.012,0.2
1127,12.5815,2.7562,17.0,95.22,3.44,0.754,0.008,0.199
1128,8.964,1.7069,29.03,87.2,45.02,5.556,0.015,0.199
1129,-3.4253,1.8182,29.32,21.89,22.54,2.984,0.015,0.198
1130,-76.2882,5.3719,93.38,93.38,17.33,39.703,17.39,0.198
1131,-0.0579,2.7411,25.56,28.41,17.66,1.748,0.013,0.197
1132,10.9073,3.7406,24.62,92.55,5.91,1.614,0.012,0.197
1133,10.6774,2.6894,22.94,90.23,31.81,3.078,0.011,0.196
1134,3.424,6.2958,25.97,25.97,11.47,1.17,0.013,0.196
1135,10.3131,0.6014,28.26,91.5,2.58,0.829,0.014,0.195
1136,-0.7578,1.6928,21.13,20.7,11.76,1.7,0.011,0.195
1137,0.5113,8.7712,28.16,22.31,6.34,1.715,0.014,0.194
1138,3.786,1.4371,11.2,11.2,4.4,0.378,0.006,0.194
1139,3.8214,3.0513,16.26,16.26,3.47,0.399,0.008,0.193
1140,-27.5805,2.6532,85.42,87.56,11.19,25.877,6.99,0.193
1141,10.0308,2.7014,26.28,88.6,26.24,2.507,0.013,0.192
1142,3.6029,1.9484,24.78,24.78,5.89,1.616,0.012,0.192
1143,2.5415,1.8885,24.25,24.25,29.51,2.781,0.012,0.191
1144,3.7185,2.2434,15.35,15.35,5.13,0.764,0.008,0.191
1145,3.8175,5.5315,28.77,28.77,2.49,0.83,0.014,0.19
1146,3.5951,2.932,13.8,13.8,9.02,0.44,0.007,0.19
1147,-64.6436,6.2129,94.96,85.89,25.0,57.657,20.066,0.189
1148,3.7714,12.6984,17.04,17.04,4.66,0.423,0.009,0.189
1149,3.6898,1.8637,13.17,13.17,6.73,0.41,0.007,0.188
1150,3.8202,1.744,26.85,26.85,2.47,0.81,0.013,0.188
1151,0.4816,3.0298,17.48,17.48,9.36,0.506,0.009,0.188
1152,-77.0267,8.4057,92.83,92.83,22.3,51.572,16.497,0.187
1153,3.7734,0.6947,16.31,16.31,4.62,0.416,0.008,0.187
1154,-4.5386,3.5975,29.69,19.35,24.51,3.133,0.015,0.186
1155,0.8138,2.809,16.75,21.51,2.26,0.734,0.008,0.186
1156,3.5984,6.6216,27.04,27.04,7.45,1.036,0.014,0.185
1157,3.579,6.2451,28.19,28.19,6.25,1.711,0.014,0.185
1158,-116.2136,3.3263,87.47,87.47,114.87,259.863,9.181,0.184
1159,3.8689,4.1693,16.51,16.51,2.32,0.384,0.008,0.184
1160,3.8242,1.756,26.1,26.1,2.4,0.799,0.013,0.183
1161,11.123,6.0127,26.71,97.43,17.85,1.832,0.013,0.183
1162,10.4293,6.6165,29.82,96.77,8.65,2.593,0.015,0.182
1163,2.777,1.635,23.14,23.14,25.11,2.187,0.012,0.182
1164,9.6411,0.8985,29.23,90.23,27.79,3.259,0.015,0.181
1165,3.8179,3.9319,25.79,25.79,2.55,0.803,0.013,0.181
1166,3.5822,2.6603,28.63,28.63,7.7,1.098,0.014,0.18
1167,9.9041,1.749,29.2,91.53,8.65,2.569,0.015,0.18
1168,11.044,3.0345,26.35,97.98,25.52,3.183,0.013,0.179
1169,3.0242,2.9457,19.26,19.26,19.04,2.144,0.01,0.179
1170,-94.8139,2.6597,95.19,95.19,30.34,68.959,20.48,0.178
1171,3.6162,1.0957,23.69,23.69,7.24,0.94,0.012,0.178
1172,10.7612,1.5305,26.71,95.21,8.44,2.469,0.013,0.177
1173,2.7099,4.9559,29.98,29.98,25.12,2.851,0.015,0.177
1174,-140.9628,1.4484,97.72,97.27,121.72,275.973,25.266,0.176
1175,10.9983,3.063,27.41,96.05,2.43,0.813,0.014,0.176
1176,0.4194,4.2923,25.1,25.1,10.14,0.734,0.013,0.176
1177,3.5802,3.3625,29.21,29.21,6.16,1.734,0.015,0.175
1178,10.9329,3.7478,25.84,97.03,31.17,3.713,0.013,0.175
1179,-2.6248,3.0168,24.9,26.01,26.99,2.752,0.012,0.174
1180,-90.9109,2.2955,95.58,95.58,21.33,48.698,21.171,0.174
1181,3.6151,1.203,23.61,23.61,7.28,0.939,0.012,0.173
1182,3.5918,1.9374,26.7,26.7,6.04,1.665,0.013,0.173
1183,9.5322,1.2157,27.27,86.73,25.63,3.279,0.014,0.172
1184,10.1669,4.1063,25.39,89.22,24.6,3.056,0.013,0.172
1185,-86.4627,4.2308,94.81,94.81,21.1,48.169,19.809,0.171
1186,0.5108,1.7129,12.74,12.74,8.93,0.425,0.006,0.171
1187,-53.7136,5.074,88.53,88.53,16.29,38.055,10.442,0.17
1188,10.6166,3.477,27.16,96.03,33.12,3.609,0.014,0.17
1189,-236.0275,0.7106,97.84,97.84,215.66,486.989,25.509,0.169
1190,10.9821,1.3394,14.31,78.25,2.26,0.724,0.007,0.169
1191,9.0667,3.0438,29.7,85.62,26.37,2.889,0.015,0.168
1192,11.0532,1.0834,26.73,97.68,8.55,2.475,0.013,0.168
1193,8.6847,4.314,28.61,84.28,46.11,5.53,0.014,0.167
1194,10.7312,3.3932,25.44,94.05,25.76,3.106,0.013,0.167
1195,12.7749,8.8904,16.45,96.08,2.3,0.734,0.008,0.166
1196,-65.1082,0.9566,88.52,88.52,33.51,76.095,10.436,0.166
1197,3.5693,1.4865,29.62,29.62,6.37,1.758,0.015,0.165
1198,10.343,2.7923,28.2,96.73,41.8,4.882,0.014,0.165
1199,2.9346,1.3776,27.5,27.5,20.71,2.372,0.014,0.164
1200,10.2199,2.4258,29.79,92.8,2.48,0.841,0.015,0.164
1201,-0.0522,1.6408,27.27,27.21,17.35,1.848,0.014,0.164
1202,11.2594,5.922,25.22,97.3,8.26,2.416,0.013,0.163
1203,10.418,1.5598,29.07,96.53,28.64,3.285,0.015,0.163
1204,10.1015,4.7628,29.06,94.17,26.47,3.518,0.015,0.162
1205,10.7584,2.4914,22.39,87.27,2.34,0.768,0.011,0.162
1206,9.5971,1.392,26.04,84.59,25.4,2.448,0.013,0.161
1207,3.6161,1.8499,19.38,19.38,5.79,1.522,0.01,0.161
1208,8.6815,0.8745,28.59,83.65,44.02,5.068,0.014,0.16
1209,10.5405,5.566,27.77,95.69,22.77,3.194,0.014,0.16
1210,-49.0611,2.1505,88.14,88.14,11.94,27.564,9.972,0.159
1211,3.5983,7.676,13.13,13.13,8.97,0.43,0.007,0.159
1212,0.7605,2.9382,13.18,28.19,3.33,0.73,0.007,0.158
1213,3.5118,2.9094,22.92,22.92,10.52,0.673,0.011,0.158
1214,11.413,2.7988,23.05,95.9,27.14,2.593,0.012,0.157
1215,11.2672,3.2979,25.84,96.17,2.44,0.799,0.013,0.157
1216,10.6052,5.1841,24.13,89.62,11.73,1.805,0.012,0.156
1217,10.2615,2.5368,29.48,94.88,8.43,2.567,0.015,0.156
1218,3.6152,2.9122,18.17,18.17,7.53,0.837,0.009,0.155
1219,-4.3562,3.9359,22.21,26.26,22.35,2.388,0.011,0.155
1220,9.2049,2.4106,29.86,84.44,2.66,0.852,0.015,0.154
1221,0.3991,4.5684,27.09,27.09,10.38,0.82,0.014,0.154
1222,3.5861,2.5382,27.82,27.82,6.11,1.695,0.014,0.153
1223,8.3882,1.0011,27.33,78.96,39.31,4.619,0.014,0.153
1224,3.5127,9.1356,26.96,26.96,9.38,1.12,0.013,0.152
1225,-59.1269,6.5118,94.17,90.9,21.39,48.838,18.691,0.152
1226,3.629,1.1624,22.43,22.43,7.01,0.905,0.011,0.152
1227,10.5069,2.7462,28.7,95.82,8.16,2.524,0.014,0.151
1228,10.2572,6.1335,26.93,93.06,31.69,3.866,0.013,0.151
1229,2.976,0.9685,27.18,27.18,19.84,2.306,0.014,0.15
1230,-56.7778,3.4498,89.74,89.74,13.79,31.728,11.995,0.15
1231,-23.3674,6.6187,81.33,90.24,21.99,36.456,3.57,0.149
1232,10.4353,6.8953,24.27,88.16,6.08,1.613,0.012,0.149
1233,8.4852,5.3509,28.94,83.38,49.77,5.789,0.014,0.148
1234,11.0393,3.7057,25.82,97.2,26.19,3.159,0.013,0.148
1235,10.8402,1.2582,27.83,95.31,2.41,0.817,0.014,0.147
1236,-4.5691,2.9894,29.29,12.33,25.14,3.123,0.015,0.147
1237,3.5937,3.1159,25.36,25.36,6.07,1.635,0.013,0.146
1238,3.8236,1.3278,26.06,26.06,3.2,0.482,0.013,0.146
1239,10.0332,1.233,24.58,87.12,28.74,3.136,0.012,0.145
1240,3.8291,3.3461,21.64,21.64,2.36,0.764,0.011,0.145
1241,3.6024,4.4677,28.7,28.7,7.25,1.077,0.014,0.144
1242,0.5331,4.994,24.77,26.73,6.09,1.624,0.012,0.144
1243,9.3569,2.5771,29.71,89.79,32.35,4.278,0.015,0.143
1244,3.5306,0.5821,26.44,26.44,9.02,1.086,0.013,0.143
1245,11.749,1.1924,23.99,97.69,2.38,0.781,0.012,0.142
1246,10.4666,4.418,29.22,95.55,17.83,2.018,0.015,0.142
1247,0.517,2.3955,28.02,22.27,6.25,1.706,0.014,0.141
1248,9.6817,2.5264,29.34,93.85,47.67,5.763,0.015,0.141
1249,10.7391,3.0171,27.11,96.57,25.84,3.273,0.014,0.14
1250,0.8062,2.7778,19.53,29.71,2.38,0.751,0.01,0.14
1251,-82.0456,2.3175,93.7,93.7,57.3,130.683,17.909,0.14
1252,12.8874,1.0459,16.66,97.32,3.46,0.752,0.008,0.139
1253,-48.9562,1.2066,84.87,84.87,30.18,65.014,6.456,0.139
1254,11.0504,4.3135,25.78,97.33,28.12,3.233,0.013,0.138
1255,10.468,1.0232,27.71,92.04,2.43,0.816,0.014,0.138
1256,11.4844,3.9524,24.63,97.45,17.19,1.672,0.012,0.137
1257,11.1325,3.9118,25.56,96.7,8.18,2.423,0.013,0.137
1258,9.5467,3.5338,21.83,80.85,42.13,4.306,0.011,0.136
1259,10.6511,2.2621,28.06,96.67,23.77,2.921,0.014,0.136
1260,-50.1287,1.5854,92.05,94.86,18.63,42.621,15.282,0.135
1261,11.4291,10.0444,22.59,94.08,16.29,1.533,0.011,0.135
1262,12.195,2.0052,18.13,94.45,5.7,1.503,0.009,0.134
1263,-198.4607,2.4297,93.42,93.42,197.61,446.37,17.444,0.134
1264,10.9092,0.6941,23.59,92.84,25.5,2.936,0.012,0.133
1265,3.8379,2.0414,13.9,13.9,2.25,0.723,0.007,0.133
1266,10.9844,4.211,24.32,92.83,16.98,1.647,0.012,0.132
1267,-104.7455,2.4704,97.07,97.07,28.4,65.289,23.989,0.132
1268,2.6769,2.7729,29.79,29.79,25.9,2.873,0.015,0.131
1269,9.8696,1.8197,27.83,89.71,21.98,2.812,0.014,0.131
1270,3.8242,2.3578,23.67,23.67,2.44,0.781,0.012,0.13
1271,3.5976,1.1218,25.81,25.81,7.55,1.005,0.013,0.13
1272,3.5998,8.5676,25.09,25.09,5.94,1.625,0.013,0.129
1273,3.8513,5.1374,12.49,12.49,2.79,0.372,0.006,0.129
1274,3.4211,5.5684,26.37,26.37,11.5,1.189,0.013,0.128
1275,13.4825,1.3849,13.15,97.54,2.21,0.72,0.007,0.128
1276,8.6862,2.6726,28.65,79.97,12.31,2.037,0.014,0.128
1277,3.5993,1.9223,24.23,24.23,6.0,1.609,0.012,0.127
1278,10.905,4.1831,26.51,97.94,33.75,3.903,0.013,0.127
1279,3.4075,3.9817,18.51,18.51,12.47,0.936,0.009,0.126
1280,11.8214,5.8342,20.56,93.67,2.39,0.757,0.01,0.126
1281,3.6455,4.9388,16.09,16.09,6.87,0.796,0.008,0.125
1282,10.3268,1.474,27.9,92.21,6.09,1.696,0.014,0.125
1283,-21.829,2.6643,83.27,96.95,58.02,110.617,5.032,0.124
1284,8.9327,1.4127,29.38,85.15,30.05,3.752,0.015,0.124
1285,10.6677,2.5557,21.12,84.8,2.37,0.76,0.011,0.123
1286,10.0041,1.8011,25.57,86.64,12.21,1.883,0.013,0.123
1287,9.8649,2.3646,29.57,90.65,6.06,1.739,0.015,0.122
1288,3.8492,7.5024,13.89,13.89,2.82,0.378,0.007,0.122
1289,10.7301,5.616,24.59,92.23,22.41,2.559,0.012,0.121
1290,3.8211,3.4902,26.13,26.13,2.47,0.803,0.013,0.121
1291,11.4866,2.2323,22.65,94.64,16.1,1.53,0.011,0.12
1292,3.604,1.9403,26.63,26.63,5.77,1.651,0.013,0.12
1293,2.676,3.8401,28.95,28.95,26.13,2.787,0.014,0.119
1294,3.0766,6.2423,18.27,18.27,18.73,1.744,0.009,0.119
1295,3.8301,1.3023,20.39,20.39,2.36,0.755,0.01,0.118
1296,3.6243,1.328,24.19,24.19,7.03,0.944,0.012,0.118
1297,10.9929,7.4855,19.48,87.2,7.99,2.269,0.01,0.117
1298,3.0334,0.3402,29.76,29.76,18.86,2.12,0.015,0.117
1299,10.3219,5.5941,29.78,96.64,26.47,3.254,0.015,0.116
1300,-53.7266,3.0502,92.94,94.29,19.62,44.838,16.682,0.116
1301,-17.1325,4.4868,94.36,16.51,61.79,140.429,19.027,0.116
1302,3.6097,2.4108,21.35,21.35,5.87,1.553,0.011,0.115
1303,3.3139,7.7382,20.3,20.3,13.73,1.369,0.01,0.115
1304,11.227,2.0956,16.44,85.32,24.8,2.461,0.008,0.114
1305,11.4525,1.7102,20.62,90.67,2.34,0.756,0.01,0.114
1306,0.0198,2.6843,26.22,29.71,16.15,1.727,0.013,0.113
1307,3.7579,2.0043,28.03,28.03,3.83,0.888,0.014,0.113
1308,3.584,0.5838,26.43,26.43,7.82,1.034,0.013,0.112
1309,-149.3561,4.2169,97.12,91.71,138.0,312.251,24.068,0.112
1310,13.4426,2.7325,11.97,95.62,2.21,0.716,0.006,0.111
1311,3.0743,2.0921,29.6,29.6,18.0,2.058,0.015,0.111
1312,3.5881,2.3416,27.49,27.49,6.09,1.685,0.014,0.11
1313,2.6599,2.7979,29.48,29.48,25.58,3.168,0.015,0.11
1314,10.2896,4.7765,27.04,92.69,25.47,3.248,0.014,0.109
1315,3.8304,2.7461,21.97,21.97,2.33,0.765,0.011,0.109
1316,3.6264,1.9169,22.28,22.28,7.08,0.904,0.011,0.108
1317,-79.4035,2.1535,92.81,92.81,26.23,59.728,16.475,0.108
1318,-45.9483,1.561,95.13,11.59,144.25,327.359,20.365,0.107
1319,9.3432,5.3146,29.79,88.47,25.98,3.228,0.015,0.107
1320,-55.707,4.2057,93.46,89.78,19.98,45.658,17.511,0.106
1321,10.1027,3.745,28.6,91.6,17.23,1.938,0.014,0.106
1322,3.6016,2.271,27.79,27.79,5.77,1.678,0.014,0.105
1323,-8.437,3.6125,27.93,16.85,39.31,4.715,0.014,0.105
1324,10.5844,2.781,27.69,95.51,22.96,2.845,0.014,0.104
1325,-57.486,2.716,94.2,96.8,18.79,42.978,18.747,0.104
1326,3.4965,3.5105,27.76,27.76,10.46,0.852,0.014,0.104
1327,3.5729,3.4705,28.58,28.58,6.36,1.727,0.014,0.103
1328,10.0342,0.6724,29.43,95.09,33.55,4.303,0.015,0.103
1329,-122.8838,6.1749,94.06,94.09,116.1,262.636,18.508,0.102
1330,3.8096,3.8184,29.56,29.56,2.64,0.847,0.015,0.102
1331,3.5088,1.8683,26.45,26.45,10.3,0.791,0.013,0.101
1332,3.5863,3.7618,29.14,29.14,6.03,1.725,0.015,0.101
1333,11.472,1.3544,21.99,94.86,26.99,2.503,0.011,0.1
1334,3.8314,2.9618,10.85,10.85,3.29,0.37,0.005,0.1
1335,3.8179,5.2147,25.98,25.98,2.54,0.804,0.013,0.099
1336,10.8937,1.1986,27.97,97.26,16.98,1.88,0.014,0.099
1337,3.6059,5.0142,24.23,24.23,5.84,1.604,0.012,0.098
1338,10.3472,5.3116,28.34,95.15,26.3,3.427,0.014,0.098
1339,9.5448,1.361,29.94,90.4,26.33,3.266,0.015,0.097
1340,-38.1071,1.4664,89.08,90.51,13.76,31.671,11.129,0.097
1341,8.907,3.2578,27.78,80.6,12.31,1.992,0.014,0.096
1342,3.5912,3.7875,29.98,29.98,5.87,1.739,0.015,0.096
1343,10.2394,1.6406,29.32,97.83,44.8,5.251,0.015,0.095
1344,10.8787,1.8539,26.76,95.72,14.6,2.042,0.013,0.095
1345,12.2786,0.5319,20.02,96.75,2.4,0.754,0.01,0.094
1346,3.5308,5.2113,23.9,23.9,10.01,0.688,0.012,0.094
1347,9.9102,1.9871,27.72,89.52,8.54,2.509,0.014,0.093
1348,10.3606,4.6174,27.76,96.23,42.23,4.828,0.014,0.093
1349,10.6028,3.231,27.05,94.07,18.92,2.254,0.014,0.092
1350,13.0736,3.9747,15.57,97.39,2.26,0.729,0.008,0.092
1351,3.6049,5.0181,11.69,11.69,8.85,0.412,0.006,0.092
1352,3.5867,8.7636,28.05,28.05,6.08,1.699,0.014,0.091
1353,2.8911,0.8394,16.03,16.03,23.41,1.723,0.008,0.091
1354,8.742,1.987,29.92,83.49,23.84,3.12,0.015,0.09
1355,3.815,1.7086,27.15,27.15,2.58,0.818,0.014,0.09
1356,10.7916,2.1323,24.76,92.07,12.01,1.84,0.012,0.089
1357,10.5083,6.3824,29.94,97.57,8.51,2.59,0.015,0.089
1358,3.7838,3.3191,12.2,12.2,4.44,0.384,0.006,0.088
1359,9.3914,2.048,25.7,82.53,19.76,2.54,0.013,0.088
1360,9.6866,1.0219,29.89,88.48,2.45,0.841,0.015,0.087
1361,3.5943,3.2094,13.95,13.95,9.04,0.442,0.007,0.087
1362,3.5874,1.4215,26.66,26.66,6.15,1.668,0.013,0.086
1363,8.8037,3.7145,26.83,82.58,48.37,5.291,0.013,0.086
1364,3.3,2.443,29.97,29.97,13.76,1.494,0.015,0.085
1365,3.8293,1.5604,23.09,23.09,2.34,0.773,0.012,0.085
1366,11.5338,2.5198,22.75,96.0,26.36,2.195,0.011,0.084
1367,3.5783,3.9441,29.52,29.52,6.18,1.744,0.015,0.084
1368,3.7801,4.5417,13.75,13.75,4.51,0.394,0.007,0.083
1369,3.1135,1.5139,29.89,29.89,16.32,2.336,0.015,0.083
1370,3.8379,1.9206,13.51,13.51,2.25,0.721,0.007,0.082
1371,3.4959,3.8758,27.81,27.81,10.47,0.855,0.014,0.082
1372,9.2314,6.0174,29.63,86.52,8.56,2.581,0.015,0.081
1373,2.7716,1.4083,27.64,27.64,24.32,2.555,0.014,0.081
1374,3.7678,3.5573,25.85,25.85,4.48,0.531,0.013,0.08
1375,3.83,1.6866,22.46,22.46,2.33,0.768,0.011,0.08
1376,10.5778,1.2468,24.16,89.46,12.21,1.823,0.012,0.08
1377,11.6254,1.398,22.35,96.41,8.36,2.342,0.011,0.079
1378,9.5381,1.0006,29.11,90.97,34.56,4.659,0.015,0.079
1379,2.9242,7.4745,27.79,27.79,20.1,2.717,0.014,0.078
1380,12.0946,3.0247,11.94,84.34,2.2,0.716,0.006,0.078
1381,10.9916,4.9067,23.21,92.15,26.53,2.237,0.012,0.077
1382,3.5944,1.75,28.01,28.01,5.92,1.69,0.014,0.077
1383,-43.6265,2.4852,94.35,25.53,154.5,349.017,19.011,0.076
1384,3.7169,1.5039,18.66,18.66,5.92,0.464,0.009,0.076
1385,3.8394,5.2661,13.36,13.36,2.21,0.721,0.007,0.075
1386,8.9933,4.3188,25.88,79.4,26.88,2.493,0.013,0.075
1387,3.5989,3.7938,25.41,25.41,5.95,1.632,0.013,0.074
1388,9.9143,1.5486,27.58,92.0,38.3,4.611,0.014,0.074
1389,11.5795,1.9408,23.02,97.63,25.92,2.903,0.012,0.073
1390,-48.4418,2.9925,92.22,94.18,15.33,35.184,15.542,0.073
1391,3.6347,6.6037,21.42,21.42,6.93,0.882,0.011,0.072
1392,-82.4162,3.4828,97.64,95.71,35.82,81.989,25.096,0.072
1393,9.6829,3.8874,27.08,88.36,29.44,3.782,0.014,0.071
1394,9.278,1.3413,28.45,86.28,24.59,3.352,0.014,0.071
1395,3.8286,1.8212,23.38,23.38,2.35,0.775,0.012,0.07
1396,3.4835,8.631,29.03,29.03,10.62,0.917,0.015,0.07
1397,10.0115,5.1101,28.92,92.02,8.39,2.544,0.014,0.069
1398,3.7404,3.2073,25.67,25.67,5.11,0.554,0.013,0.069
1399,3.7402,1.6042,11.62,11.62,5.53,0.388,0.006,0.068
1400,3.8188,6.1495,27.55,27.55,2.49,0.817,0.014,0.068
1401,3.6295,3.1556,22.07,22.07,7.02,0.897,0.011,0.068
1402,10.5598,4.136,28.41,95.9,8.67,2.54,0.014,0.067
1403,9.6292,1.6702,26.97,89.0,43.79,4.763,0.013,0.067
1404,3.1105,1.1987,29.33,29.33,16.48,2.303,0.015,0.066
1405,3.8385,3.2237,13.79,13.79,2.23,0.722,0.007,0.066
1406,3.2005,4.4082,20.84,20.84,16.35,1.454,0.01,0.065
1407,10.2338,5.3925,28.93,93.91,8.8,2.566,0.014,0.065
1408,3.7851,0.8088,11.64,11.64,4.42,0.38,0.006,0.064
1409,3.6763,1.3328,29.8,29.8,5.55,1.016,0.015,0.064
1410,10.1622,0.4207,27.74,89.53,2.41,0.815,0.014,0.063
1411,3.6559,1.9303,13.2,13.2,6.7,0.761,0.007,0.063
1412,-32.525,6.6781,86.46,93.24,14.83,34.778,8.056,0.062
1413,10.4373,3.6869,28.54,96.35,28.89,3.581,0.014,0.062
1414,3.8726,4.0571,13.77,13.77,2.26,0.372,0.007,0.061
1415,3.824,4.735,22.65,22.65,2.47,0.774,0.011,0.061
1416,-41.7441,0.6613,80.58,89.85,65.94,101.307,3.079,0.06
1417,3.5983,3.3816,29.11,29.11,5.77,1.71,0.015,0.06
1418,9.646,1.7419,28.18,89.85,31.85,4.035,0.014,0.059
1419,3.312,1.6536,27.04,27.04,13.89,1.326,0.014,0.059
1420,3.8399,3.328,12.51,12.51,2.21,0.718,0.006,0.058
1421,10.1078,3.0315,24.78,86.18,16.72,1.664,0.012,0.058
1422,-79.4454,2.6409,96.88,88.16,35.98,82.366,23.613,0.057
1423,3.7727,2.4105,16.58,16.58,4.64,0.419,0.008,0.057
1424,11.0733,1.5073,25.82,97.11,27.55,2.864,0.013,0.056
1425,10.0244,0.9379,29.11,90.24,2.54,0.837,0.015,0.056
1426,0.4396,6.1288,22.91,22.91,9.9,0.653,0.011,0.056
1427,-48.5177,0.6884,91.45,94.16,18.7,43.472,14.393,0.055
1428,9.0245,0.8884,27.27,84.54,45.83,4.909,0.014,0.055
1429,11.1892,0.9896,25.26,97.79,29.5,3.233,0.013,0.054
1430,10.1495,2.1119,25.77,86.76,2.45,0.798,0.013,0.054
1431,9.2676,1.8792,28.51,85.67,28.59,2.864,0.014,0.053
1432,10.4555,2.8893,26.8,92.8,8.59,2.48,0.013,0.053
1433,3.7477,5.6071,23.94,23.94,5.01,0.52,0.012,0.052
1434,10.9414,2.0878,24.69,94.29,25.8,2.69,0.012,0.052
1435,10.1413,3.2574,26.42,87.59,2.54,0.809,0.013,0.051
1436,9.1318,4.2777,29.48,84.84,11.98,2.064,0.015,0.051
1437,10.4298,1.6783,29.71,96.63,8.76,2.595,0.015,0.05
1438,2.6502,1.407,29.87,29.87,26.46,2.915,0.015,0.05
1439,10.7009,2.8014,27.08,96.02,22.53,3.12,0.014,0.049
1440,3.8161,3.2517,26.62,26.62,2.57,0.812,0.013,0.049
1441,-2.6525,5.0751,28.95,23.58,27.35,2.852,0.014,0.048
1442,11.2709,3.1883,23.26,94.7,8.25,2.362,0.012,0.048
1443,2.9878,2.9166,22.16,22.16,21.18,1.651,0.011,0.047
1444,3.6674,4.2632,18.62,18.62,7.1,0.486,0.009,0.047
1445,11.3215,3.874,21.5,90.77,2.37,0.763,0.011,0.046
1446,10.5725,2.1631,26.84,94.02,27.87,2.635,0.013,0.046
1447,-39.8428,3.3461,89.02,96.11,16.25,37.955,11.058,0.045
1448,3.4353,1.4933,26.19,26.19,11.2,1.168,0.013,0.045
1449,3.7172,5.1214,16.93,16.93,5.12,0.78,0.008,0.044
1450,3.8251,4.0774,25.83,25.83,2.38,0.796,0.013,0.044
1451,10.9535,1.2927,19.09,85.25,16.34,1.381,0.01,0.044
1452,3.6025,0.7962,23.94,23.94,5.94,1.601,0.012,0.043
1453,2.7691,2.7215,26.37,26.37,24.65,2.448,0.013,0.043
1454,3.4457,3.0228,24.82,24.82,11.09,1.109,0.012,0.042
1455,-13.7743,5.3382,86.35,97.37,10.72,24.82,7.946,0.042
1456,11.3629,1.5673,23.39,94.67,16.71,1.587,0.012,0.041
1457,3.5904,5.1342,25.82,25.82,6.12,1.648,0.013,0.041
1458,2.7536,1.2188,20.13,20.13,25.34,2.328,0.01,0.04
1459,3.4156,3.1098,29.48,29.48,11.29,1.326,0.015,0.04
1460,3.8252,3.386,23.37,23.37,2.42,0.778,0.012,0.039
1461,3.2066,0.9957,20.17,20.17,16.28,1.423,0.01,0.039
1462,3.5884,3.2294,28.99,28.99,5.99,1.719,0.014,0.038
1463,9.4505,1.9155,26.82,87.43,46.78,4.869,0.013,0.038
1464,10.1766,1.928,26.12,90.4,25.28,3.15,0.013,0.037
1465,11.6449,0.5836,19.32,90.52,2.38,0.749,0.01,0.037
1466,9.8086,3.9645,29.89,92.21,28.03,3.007,0.015,0.036
1467,-30.318,2.7849,85.46,87.08,14.8,34.708,7.031,0.036
1468,3.5635,0.481,29.86,29.86,8.02,1.158,0.015,0.035
1469,3.401,1.1354,18.82,18.82,12.61,0.948,0.009,0.035
1470,3.8333,0.4049,19.87,19.87,2.29,0.751,0.01,0.034
1471,3.2038,2.6326,24.07,24.07,15.92,1.596,0.012,0.034
1472,3.7755,2.1673,23.43,23.43,3.57,0.815,0.012,0.033
1473,10.5749,2.0068,23.7,92.56,50.1,4.81,0.012,0.033
1474,10.5337,6.9924,28.1,95.5,19.93,2.735,0.014,0.032
1475,11.2604,1.9981,24.63,94.48,2.38,0.786,0.012,0.032
1476,-2.7849,3.716,25.19,26.26,11.98,1.858,0.013,0.032
1477,3.6151,1.4373,20.69,20.69,5.77,1.54,0.01,0.031
1478,2.808,1.5384,24.2,24.2,24.2,2.241,0.012,0.031
1479,11.2444,0.9074,21.17,91.76,26.3,2.423,0.011,0.03
1480,3.8168,1.5765,29.53,29.53,2.48,0.838,0.015,0.03
1481,10.3041,4.0593,27.56,91.79,17.24,1.864,0.014,0.029
1482,3.5902,4.3041,27.59,27.59,6.03,1.685,0.014,0.029
1483,3.7743,3.727,16.0,16.0,4.61,0.413,0.008,0.028
1484,12.1638,1.5804,17.25,93.83,25.15,2.157,0.009,0.028
1485,3.8241,4.3734,25.67,25.67,2.41,0.796,0.013,0.027
1486,3.6102,0.2784,10.49,10.49,8.75,0.398,0.005,0.027
1487,10.46,5.976,29.11,96.02,8.37,2.55,0.015,0.026
1488,3.5278,1.3599,20.87,20.87,10.29,0.605,0.01,0.026
1489,9.547,5.8542,25.43,84.17,25.8,3.106,0.013,0.025
1490,12.4082,2.0257,18.44,95.7,2.28,0.743,0.009,0.025
1491,10.5096,0.9368,27.71,93.65,16.17,1.823,0.014,0.024
1492,3.59,1.3839,25.76,25.76,6.13,1.647,0.013,0.024
1493,10.6775,3.361,27.15,96.29,29.16,3.427,0.014,0.023
1494,3.6847,4.1218,27.25,27.25,5.5,0.953,0.014,0.023
1495,3.8191,2.6159,28.11,28.11,2.47,0.822,0.014,0.022
1496,3.5626,2.1022,19.51,19.51,9.55,0.553,0.01,0.022
1497,3.5849,3.8732,26.92,26.92,6.19,1.676,0.013,0.021
1498,10.0926,3.7242,25.86,90.24,34.8,3.863,0.013,0.021
1499,3.0724,2.1138,29.54,29.54,18.05,2.056,0.015,0.02
1500,-41.8335,4.4604,90.0,88.77,15.48,35.536,12.346,0.02
1501,3.0697,2.7462,29.39,29.39,18.14,2.048,0.015,0.01
1502,3.6179,2.6658,18.69,18.69,5.77,1.512,0.009,0.01
1503,3.556,3.7694,16.64,16.64,9.86,0.497,0.008,0.01
1504,9.9844,4.454,24.1,85.3,22.34,2.519,0.012,0.01
1505,3.823,6.2471,23.34,23.34,2.48,0.779,0.012,0.01
1506,9.3917,3.7586,28.37,85.42,11.77,1.995,0.014,0.01
1507,10.4014,4.2866,28.76,95.08,8.9,2.565,0.014,0.01
1508,3.6086,2.7857,21.32,21.32,7.54,0.896,0.011,0.01
1509,3.2509,4.2847,16.58,16.58,15.53,1.28,0.008,0.01
1510,11.6566,2.2826,22.51,94.92,2.4,0.771,0.011,0.01
1511,3.6236,3.114,22.74,22.74,7.12,0.915,0.011,0.01
1512,3.595,2.2374,26.51,26.51,5.98,1.657,0.013,0.01
1513,10.3877,3.0823,28.04,95.9,33.2,4.082,0.014,0.01
1514,3.1475,1.6375,29.31,29.31,16.44,1.949,0.015,0.01
1515,3.8277,1.488,24.21,24.21,2.35,0.782,0.012,0.01
1516,12.1693,6.5934,19.03,95.28,15.94,1.371,0.01,0.01
1517,3.5926,2.3415,26.02,26.02,6.06,1.65,0.013,0.01
1518,3.0567,2.6209,28.3,28.3,18.62,1.986,0.014,0.01
1519,3.186,2.276,24.13,24.13,16.32,1.614,0.012,0.01
1520,10.7119,1.5204,25.29,90.8,2.42,0.793,0.013,0.01
1521,3.5899,3.4129,26.93,26.93,7.65,1.041,0.013,0.01
1522,10.818,2.366,27.5,96.77,8.52,2.5,0.014,0.01
1523,3.8295,5.044,23.82,23.82,3.13,0.455,0.012,0.01
1524,3.4872,2.3688,28.17,28.17,9.85,1.189,0.014,0.01
1525,3.8222,1.2274,26.25,26.25,2.44,0.803,0.013,0.01
1526,11.3146,4.9595,21.04,90.95,15.81,1.449,0.011,0.01
1527,3.5922,3.191,25.78,25.78,6.08,1.645,0.013,0.01
1528,9.7752,2.7815,26.28,87.36,26.46,3.216,0.013,0.01
1529,10.2498,4.778,26.36,90.62,19.73,2.588,0.013,0.01
1530,-51.8543,3.5727,88.55,88.55,13.71,31.548,10.471,0.01
1531,3.0791,2.1562,28.35,28.35,18.11,1.965,0.014,0.01
1532,10.5426,3.641,27.21,94.09,8.52,2.49,0.014,0.01
1533,3.5825,1.9464,11.67,11.67,9.4,0.415,0.006,0.01
1534,2.9392,1.8316,28.79,28.79,20.35,2.466,0.014,0.01
1535,10.8044,3.3708,26.6,93.34,2.41,0.804,0.013,0.01
1536,3.5714,2.7599,18.11,18.11,9.41,0.52,0.009,0.01
1537,11.1473,2.4921,25.8,97.17,8.42,2.44,0.013,0.01
1538,3.6322,0.8225,13.55,13.55,7.27,0.77,0.007,0.01
1539,3.1043,1.8505,28.09,28.09,17.6,1.919,0.014,0.01
1540,11.8209,1.3861,22.36,96.09,2.35,0.768,0.011,0.01
1541,0.3904,3.3865,27.89,27.89,10.48,0.859,0.014,0.01
1542,3.5935,2.8804,27.9,27.9,5.94,1.689,0.014,0.01
1543,9.9635,2.3661,28.9,93.19,32.54,3.821,0.014,0.01
1544,3.149,1.8391,26.61,26.61,16.82,1.78,0.013,0.01
1545,-62.2919,0.344,90.65,90.65,16.06,36.842,13.245,0.01
1546,9.8383,2.9479,23.7,83.24,26.06,2.264,0.012,0.01
1547,-64.5646,2.4032,90.5,90.5,20.1,46.622,13.037,0.01
1548,2.4042,6.5063,29.49,29.49,31.19,3.481,0.015,0.01
1549,3.6331,0.765,24.91,24.91,7.59,0.632,0.012,0.01
1550,10.9758,2.3522,23.58,90.7,2.42,0.779,0.012,0.01
1551,3.1245,4.2363,27.89,27.89,17.18,1.883,0.014,0.01
1552,-74.0516,5.2822,92.54,92.54,20.04,46.49,16.039,0.01
1553,2.6136,8.5501,26.81,26.81,27.27,2.955,0.013,0.01
1554,3.8603,2.1263,21.92,21.92,2.45,0.418,0.011,0.01
1555,-35.2402,3.7785,88.31,97.39,12.51,28.838,10.175,0.01
1556,0.4781,3.6232,17.98,17.98,9.4,0.517,0.009,0.01
1557,3.6022,1.1429,24.88,24.88,5.9,1.619,0.012,0.01
1558,2.72,4.8132,29.41,29.41,25.05,2.781,0.015,0.01
1559,2.7876,1.7494,26.59,26.59,23.4,2.764,0.013,0.01
1560,3.8238,2.1269,26.44,26.44,2.4,0.803,0.013,0.01
1561,11.7421,1.4639,23.0,97.25,15.98,1.544,0.011,0.01
1562,9.2338,5.948,30.0,84.95,3.79,0.919,0.015,0.01
1563,3.8212,1.8372,26.9,26.9,3.24,0.494,0.013,0.01
1564,9.9948,3.4953,29.25,92.62,19.12,2.79,0.015,0.01
1565,3.8221,3.7128,26.42,26.42,2.44,0.804,0.013,0.01
1566,3.0894,8.7991,27.26,27.26,18.06,1.881,0.014,0.01
1567,9.6377,1.1234,28.24,87.98,8.7,2.535,0.014,0.01
1568,2.5737,1.549,30.0,30.0,27.33,3.331,0.015,0.01
1569,3.2191,2.99,17.92,17.92,16.19,1.335,0.009,0.01
1570,3.8196,1.1309,26.22,26.22,2.5,0.805,0.013,0.01
1571,9.7919,2.3074,26.8,86.59,12.19,1.938,0.013,0.01
1572,3.5982,1.9298,24.14,24.14,6.02,1.608,0.012,0.01
1573,3.6299,4.7207,13.93,13.93,7.32,0.774,0.007,0.01
1574,3.117,1.1205,28.55,28.55,16.46,2.245,0.014,0.01
1575,-56.1849,3.6542,89.47,89.47,14.57,33.475,11.645,0.01
1576,3.5998,2.5091,12.81,12.81,8.94,0.426,0.006,0.01
1577,3.7772,6.0057,21.74,21.74,3.58,0.797,0.011,0.01
1578,10.4453,0.7001,28.75,96.72,28.69,3.598,0.014,0.01
1579,9.8433,2.689,26.32,87.55,26.74,2.881,0.013,0.01
1580,3.8105,1.9031,29.8,29.8,2.61,0.849,0.015,0.01
1581,3.0839,5.7334,28.27,28.27,18.02,1.953,0.014,0.01
1582,3.6049,3.811,25.78,25.78,5.79,1.633,0.013,0.01
1583,2.5524,3.5574,27.33,27.33,28.52,3.069,0.014,0.01
1584,10.9076,1.9243,26.12,95.92,22.91,2.702,0.013,0.01
1585,3.8296,2.4284,19.45,19.45,2.38,0.75,0.01,0.01
1586,11.1339,4.2241,24.55,94.37,15.95,1.623,0.012,0.01
1587,10.6941,3.6537,28.31,96.87,8.55,2.53,0.014,0.01
1588,3.4292,3.6308,26.06,26.06,11.35,1.169,0.013,0.01
1589,11.0502,2.3083,26.32,97.99,25.64,3.184,0.013,0.01
1590,3.8177,1.9267,28.18,28.18,2.5,0.824,0.014,0.01
1591,3.2021,3.6178,19.84,19.84,16.42,1.413,0.01,0.01
1592,10.913,2.8272,27.62,97.72,8.24,2.491,0.014,0.01
1593,3.8238,0.853,25.97,25.97,3.2,0.481,0.013,0.01
1594,3.6607,2.538,20.03,20.03,7.2,0.513,0.01,0.01
1595,3.8379,2.6408,14.36,14.36,2.24,0.724,0.007,0.01
1596,9.2077,2.681,27.54,82.72,11.71,1.951,0.014,0.01
1597,-57.3803,1.9118,90.95,92.6,33.78,78.1,13.666,0.01
1598,10.086,1.628,27.39,93.95,44.85,5.235,0.014,0.01
1599,3.4126,2.7536,16.57,16.57,12.47,0.885,0.008,0.01
1600,3.8249,4.588,23.53,23.53,2.43,0.779,0.012,0.01
1601,3.1528,3.2349,25.0,25.0,16.96,1.686,0.013,0.01
1602,9.9694,3.6943,29.78,92.89,8.9,2.606,0.015,0.01
1603,9.8257,2.0126,28.3,93.34,46.7,5.498,0.014,0.01
1604,3.815,5.4366,19.12,19.12,3.57,0.423,0.01,0.01
1605,-46.0903,0.4912,91.65,91.1,14.51,33.348,14.683,0.01
1606,11.9316,1.2527,17.88,91.71,16.23,1.334,0.009,0.01
1607,-75.9722,0.5808,94.58,83.06,43.51,100.007,19.407,0.01
1608,10.0807,2.1847,29.22,95.21,34.36,4.315,0.015,0.01
1609,10.6078,1.7367,22.5,88.32,25.37,2.496,0.011,0.01
1610,3.8216,6.447,25.15,25.15,2.48,0.794,0.013,0.01
1611,9.2764,3.4306,28.62,84.76,17.73,1.965,0.014,0.01
1612,-82.2813,1.4414,95.87,95.25,45.77,105.073,21.703,0.01
1613,10.3767,1.3193,27.35,96.43,46.81,5.319,0.014,0.01
1614,8.5044,2.9978,29.27,80.32,20.41,2.862,0.015,0.01
1615,-11.8065,3.912,85.12,95.27,10.54,23.811,6.699,0.01
1616,-2.7995,2.056,26.76,26.01,12.12,1.933,0.013,0.01
1617,-52.0063,1.9019,89.77,94.33,30.9,71.628,12.035,0.01
1618,3.5966,2.6572,21.16,21.16,7.83,0.9,0.011,0.01
1619,3.0454,2.052,19.04,19.04,19.39,1.791,0.01,0.01
1620,11.249,1.1543,22.1,90.97,2.36,0.767,0.011,0.01
1621,11.428,1.8659,23.75,96.59,26.87,2.295,0.012,0.01
1622,10.9559,0.9873,27.23,97.58,8.8,2.504,0.014,0.01
1623,3.0473,4.0092,24.0,24.0,19.53,1.716,0.012,0.01
1624,10.4497,1.2942,29.17,96.91,28.02,3.265,0.015,0.01
1625,-58.6937,2.2668,94.33,90.75,19.89,45.463,18.968,0.01
1626,3.6486,1.6765,16.97,16.97,6.77,0.806,0.008,0.01
1627,11.7932,5.1991,19.62,94.07,8.0,2.272,0.01,0.01
1628,2.4597,1.0752,27.36,27.36,30.59,3.168,0.014,0.01
1629,3.786,1.1273,20.51,20.51,4.22,0.451,0.01,0.01
1630,3.8302,1.034,20.48,20.48,2.36,0.756,0.01,0.01
1631,8.8599,5.4839,27.22,79.37,11.44,1.924,0.014,0.01
1632,3.5775,2.1138,29.17,29.17,6.22,1.736,0.015,0.01
1633,3.5897,6.4787,10.11,10.11,9.26,0.397,0.005,0.01
1634,3.341,3.0597,27.83,27.83,12.36,1.647,0.014,0.01
1635,10.8145,2.0044,28.05,95.39,2.55,0.825,0.014,0.01
1636,3.2504,1.6125,13.91,13.91,15.72,1.209,0.007,0.01
1637,-90.7156,1.1329,93.05,93.05,40.93,93.488,16.849,0.01
1638,3.45,1.3449,29.33,29.33,11.32,0.97,0.015,0.01
1639,10.1488,1.8913,29.57,95.46,28.39,3.686,0.015,0.01
1640,9.8577,1.546,28.94,88.62,2.43,0.829,0.014,0.01
1641,3.1635,2.4602,25.52,25.52,16.65,1.705,0.013,0.01
1642,10.3582,3.2953,28.9,94.88,8.38,2.543,0.014,0.01
1643,8.8342,4.6213,27.98,84.61,47.57,5.476,0.014,0.01
1644,10.4589,4.7655,27.59,94.91,25.47,3.305,0.014,0.01
1645,11.9926,1.1735,19.0,92.99,2.36,0.747,0.009,0.01
1646,8.9007,1.5118,26.58,78.87,12.44,1.939,0.013,0.01
1647,3.5847,1.1916,27.57,27.57,6.16,1.691,0.014,0.01
1648,3.7699,2.1592,17.55,17.55,4.68,0.429,0.009,0.01
1649,10.3606,2.4467,29.74,97.55,29.42,3.766,0.015,0.01
1650,-51.3649,3.3231,92.91,90.42,16.27,37.31,16.633,0.01
1651,11.6359,1.1288,20.47,93.55,25.41,2.002,0.01,0.01
1652,-74.758,0.4596,94.49,93.58,42.22,97.097,19.243,0.01
1653,2.504,3.1179,29.06,29.06,29.12,3.311,0.015,0.01
1654,9.7836,1.2243,29.8,91.95,23.1,3.065,0.015,0.01
1655,3.8158,1.8621,28.51,28.51,2.53,0.83,0.014,0.01
1656,3.637,0.5684,19.91,19.91,6.94,0.855,0.01,0.01
1657,10.6959,3.3088,20.31,85.87,8.09,2.288,0.01,0.01
1658,3.757,2.2975,21.51,21.51,4.88,0.479,0.011,0.01
1659,3.7141,6.3182,18.28,18.28,5.16,0.795,0.009,0.01
1660,10.5439,3.1286,23.73,87.29,2.43,0.781,0.012,0.01
1661,9.9814,2.1806,28.06,89.92,11.88,1.986,0.014,0.01
1662,10.4807,2.0041,28.73,95.69,8.9,2.564,0.014,0.01
1663,3.7326,3.2075,27.37,27.37,5.21,0.592,0.014,0.01
1664,10.8051,2.6364,27.79,96.53,14.05,2.076,0.014,0.01
1665,-40.7041,3.328,90.17,94.94,13.08,30.128,12.58,0.01
1666,3.6219,3.4855,23.21,23.21,7.14,0.925,0.012,0.01
1667,11.2251,2.2979,25.6,97.56,8.56,2.44,0.013,0.01
1668,2.706,1.6072,29.73,29.73,25.27,2.83,0.015,0.01
1669,3.516,1.8172,26.53,26.53,9.34,1.103,0.013,0.01
1670,3.8117,0.7135,28.6,28.6,2.62,0.835,0.014,0.01
1671,-2.5563,1.7355,26.83,26.2,26.02,2.552,0.013,0.01
1672,3.5685,1.9454,29.9,29.9,6.37,1.766,0.015,0.01
1673,8.6134,4.4443,29.62,84.39,39.29,5.005,0.015,0.01
1674,10.5031,1.7272,28.7,96.95,25.8,3.441,0.014,0.01
1675,10.9549,2.6462,20.5,86.36,2.3,0.755,0.01,0.01
1676,3.6156,0.7433,25.42,25.42,7.16,0.979,0.013,0.01
1677,3.5886,2.6368,27.13,27.13,6.09,1.677,0.014,0.01
1678,2.746,2.6351,28.09,28.09,24.79,2.624,0.014,0.01
1679,8.8643,1.2014,29.66,83.88,20.12,2.883,0.015,0.01
1680,12.7234,1.2467,16.94,96.3,2.32,0.736,0.008,0.01
1681,3.15,5.2186,23.87,23.87,17.18,1.629,0.012,0.01
1682,11.2641,3.3463,25.16,97.26,8.38,2.419,0.013,0.01
1683,10.1467,2.5162,28.94,94.97,28.9,3.983,0.014,0.01
1684,10.3417,4.6333,24.74,89.79,25.87,3.046,0.012,0.01
1685,10.947,2.7692,24.69,91.95,2.44,0.789,0.012,0.01
1686,3.5406,3.4749,22.64,22.64,9.87,0.644,0.011,0.01
1687,3.5891,3.2213,27.02,27.02,6.09,1.674,0.014,0.01
1688,3.5929,3.2765,21.39,21.39,7.91,0.907,0.011,0.01
1689,11.1564,0.7467,18.02,86.45,22.2,2.146,0.009,0.01
1690,3.8388,2.7756,13.32,13.32,2.23,0.721,0.007,0.01
1691,10.8854,1.0275,24.04,91.85,12.11,1.815,0.012,0.01
1692,10.4834,4.7535,28.46,95.32,8.46,2.531,0.014,0.01
1693,3.7639,2.4298,19.49,19.49,4.77,0.451,0.01,0.01
1694,3.1775,0.4808,27.25,27.25,16.09,1.789,0.014,0.01
1695,10.5428,1.8286,27.86,92.87,2.48,0.82,0.014,0.01
1696,11.3499,1.0141,24.63,97.14,25.48,2.323,0.012,0.01
1697,3.7691,1.1296,23.97,23.97,3.71,0.826,0.012,0.01
1698,3.2035,2.5136,28.39,28.39,15.35,1.827,0.014,0.01
1699,10.0867,1.2542,27.0,90.8,22.79,3.124,0.014,0.01
1700,3.8167,3.9724,27.07,27.07,2.55,0.815,0.014,0.01
1701,3.5626,5.2702,19.52,19.52,9.55,0.553,0.01,0.01
1702,-40.1299,0.8402,88.95,96.69,16.94,39.521,10.972,0.01
1703,3.6842,1.9888,20.42,20.42,6.63,0.506,0.01,0.01
1704,9.8818,2.1835,23.03,82.48,22.24,2.09,0.012,0.01
1705,9.6175,2.2111,28.49,86.0,2.43,0.824,0.014,0.01
1706,3.5768,1.3918,28.74,28.74,7.81,1.108,0.014,0.01
1707,10.6052,1.0934,27.94,95.61,8.47,2.513,0.014,0.01
1708,3.7649,2.3262,19.18,19.18,4.76,0.447,0.01,0.01
1709,10.3158,2.3788,26.68,91.01,16.24,2.11,0.013,0.01
1710,11.0187,2.1948,22.43,89.49,2.39,0.77,0.011,0.01
1711,10.3863,3.9947,27.42,92.27,17.32,1.857,0.014,0.01
1712,10.0512,1.9252,29.87,93.7,8.74,2.601,0.015,0.01
1713,10.3448,0.5395,29.67,97.92,31.76,4.239,0.015,0.01
1714,10.1934,1.2343,25.13,88.71,26.52,2.756,0.013,0.01
1715,11.0926,4.9329,26.8,96.02,2.56,0.813,0.013,0.01
1716,3.1188,1.7785,25.52,25.52,17.67,1.745,0.013,0.01
1717,-19.3569,1.1603,97.18,21.07,51.19,117.975,24.191,0.01
1718,9.6371,1.4304,29.74,91.38,27.45,3.655,0.015,0.01
1719,3.8464,2.4207,15.67,15.67,2.87,0.388,0.008,0.01
1720,3.8287,1.8222,21.32,21.32,2.38,0.762,0.011,0.01
1721,0.4306,7.6189,23.91,23.91,10.01,0.688,0.012,0.01
1722,9.6608,4.6884,27.93,87.72,8.25,2.502,0.014,0.01
1723,3.5586,3.5058,29.99,29.99,8.11,1.169,0.015,0.01
1724,2.9723,3.9287,26.54,26.54,20.03,2.264,0.013,0.01
1725,3.8242,3.2403,26.32,26.32,2.39,0.801,0.013,0.01
1726,9.7027,1.8043,29.54,89.58,16.78,1.986,0.015,0.01
1727,3.5866,3.2937,28.47,28.47,6.06,1.709,0.014,0.01
1728,10.2418,3.3942,29.68,95.9,27.51,3.301,0.015,0.01
1729,3.1641,1.0831,25.16,25.16,16.68,1.685,0.013,0.01
1730,3.8302,4.0703,22.41,22.41,2.33,0.768,0.011,0.01
1731,10.37,1.4199,29.35,95.99,26.75,2.868,0.015,0.01
1732,10.8838,0.5738,26.76,96.32,8.62,2.479,0.013,0.01
1733,3.7502,2.4521,23.33,23.33,4.97,0.509,0.012,0.01
1734,-4.2972,1.6377,28.67,26.98,20.33,2.804,0.014,0.01
1735,3.8348,2.3716,17.62,17.62,2.28,0.739,0.009,0.01
1736,3.1889,2.8658,21.75,21.75,16.53,1.5,0.011,0.01
1737,-68.3068,1.5233,94.63,96.55,32.22,73.904,19.486,0.01
1738,2.6702,3.6123,29.82,29.82,25.27,3.191,0.015,0.01
1739,10.606,3.9174,26.49,93.19,16.84,2.123,0.013,0.01
1740,-57.5117,2.3932,94.14,93.13,19.16,43.805,18.641,0.01
1741,11.0182,0.6483,25.77,96.07,26.14,2.452,0.013,0.01
1742,12.6895,1.5159,16.44,97.21,7.85,2.214,0.008,0.01
1743,2.7821,2.7429,28.29,28.29,23.94,2.603,0.014,0.01
1744,-87.4818,1.5528,86.81,89.56,94.72,215.228,8.442,0.01
1745,-40.7408,1.8394,90.07,91.96,13.56,31.213,12.443,0.01
1746,0.3805,5.6415,28.76,28.76,10.58,0.903,0.014,0.01
1747,11.1775,0.7776,25.87,97.51,8.23,2.434,0.013,0.01
1748,3.4737,0.8503,18.73,18.73,10.88,0.911,0.009,0.01
1749,9.0842,4.6304,27.92,83.99,26.28,3.379,0.014,0.01
1750,3.8144,1.2106,27.32,27.32,2.59,0.82,0.014,0.01
1751,12.0956,2.9123,19.86,96.53,26.03,1.976,0.01,0.01
1752,12.9449,4.5807,12.8,92.6,3.33,0.728,0.006,0.01
1753,3.252,1.3669,23.84,23.84,14.83,1.548,0.012,0.01
1754,3.1427,2.7608,28.8,28.8,16.63,1.922,0.014,0.01
1755,11.5291,2.4276,25.49,97.89,2.53,0.799,0.013,0.01
1756,3.1702,1.7333,23.77,23.77,16.73,1.608,0.012,0.01
1757,3.5702,3.6906,29.44,29.44,6.36,1.752,0.015,0.01
1758,9.2935,1.8095,28.06,86.07,28.34,3.496,0.014,0.01
1759,11.2566,1.1651,25.04,97.86,26.06,3.081,0.013,0.01
1760,3.8278,3.9503,22.35,22.35,2.38,0.769,0.011,0.01
1761,11.5677,1.3371,23.06,95.92,16.89,1.575,0.012,0.01
1762,11.6257,3.2364,22.55,96.68,8.19,2.342,0.011,0.01
1763,3.7015,2.5839,16.33,16.33,6.36,0.441,0.008,0.01
1764,3.8308,1.908,11.18,11.18,3.3,0.371,0.006,0.01
1765,11.1443,4.6186,24.32,93.1,2.39,0.784,0.012,0.01
1766,3.6104,1.317,24.27,24.27,7.35,0.957,0.012,0.01
1767,-47.2541,2.8953,91.24,95.9,17.79,41.417,14.085,0.01
1768,9.5902,2.4639,28.64,90.09,32.28,4.119,0.014,0.01
1769,3.6766,1.8801,27.01,27.01,6.48,0.642,0.014,0.01
1770,3.8332,1.4616,19.17,19.17,2.3,0.747,0.01,0.01
1771,3.5892,2.6819,28.37,28.37,7.56,1.082,0.014,0.01
1772,3.5792,1.9177,29.64,29.64,6.16,1.746,0.015,0.01
1773,10.1564,1.708,28.5,95.75,43.46,5.021,0.014,0.01
1774,10.2343,2.5498,28.77,94.02,20.57,2.826,0.014,0.01
1775,11.6027,3.9315,22.17,94.01,2.45,0.77,0.011,0.01
1776,11.3555,0.4329,24.78,96.56,16.52,1.657,0.012,0.01
1777,10.3503,3.7615,29.02,94.98,8.48,2.553,0.015,0.01
1778,3.8402,1.8606,19.02,19.02,2.97,0.41,0.01,0.01
1779,3.8628,1.6472,20.49,20.49,2.41,0.407,0.01,0.01
1780,9.4096,2.1814,28.19,83.87,2.53,0.826,0.014,0.01
1781,3.1347,1.5471,28.72,28.72,16.82,1.926,0.014,0.01
1782,3.5842,2.1063,26.65,26.65,6.22,1.671,0.013,0.01
1783,10.5122,0.7798,26.31,94.34,33.41,3.863,0.013,0.01
1784,3.5836,1.2367,13.71,13.71,8.45,0.783,0.007,0.01
1785,-57.8379,2.0414,93.53,93.68,22.75,51.879,17.638,0.01
1786,10.3098,1.4501,28.26,93.82,26.09,2.707,0.014,0.01
1787,-16.5427,2.1531,87.01,97.81,15.26,35.734,8.665,0.01
1788,3.7501,1.7002,23.34,23.34,4.97,0.509,0.012,0.01
1789,3.1497,1.3231,27.7,27.7,16.65,1.845,0.014,0.01
1790,12.1698,1.3258,21.02,97.19,2.4,0.76,0.011,0.01
1791,10.0918,2.9083,23.22,84.09,11.74,1.771,0.012,0.01
1792,3.5829,4.0344,28.04,28.04,6.17,1.703,0.014,0.01
1793,10.5901,1.0189,28.56,97.48,26.15,3.443,0.014,0.01
1794,3.6761,3.4811,16.68,16.68,6.96,0.455,0.008,0.01
1795,9.9349,4.5097,28.38,88.51,2.53,0.828,0.014,0.01
1796,0.0719,2.8587,16.04,29.92,16.02,1.271,0.008,0.01
1797,9.709,2.4289,26.32,85.9,8.35,2.453,0.013,0.01
1798,10.3992,0.3565,27.11,94.51,31.86,3.895,0.014,0.01
1799,8.9874,2.0554,27.25,81.83,27.59,3.017,0.014,0.01
1800,10.7091,3.9211,25.62,91.23,2.46,0.798,0.013,0.01
1801,11.5695,2.728,23.1,96.79,26.03,2.213,0.012,0.01
1802,10.3671,0.663,28.94,95.03,8.8,2.566,0.014,0.01
1803,3.6202,1.7799,18.02,18.02,7.41,0.832,0.009,0.01
1804,10.6593,3.0964,28.21,97.2,27.57,3.126,0.014,0.01
1805,11.3032,1.3005,23.39,93.16,2.34,0.775,0.012,0.01
1806,3.5246,2.1205,24.66,24.66,10.09,0.717,0.012,0.01
1807,3.5827,0.9937,27.74,27.74,6.19,1.697,0.014,0.01
1808,3.8546,2.6893,10.15,10.15,2.73,0.364,0.005,0.01
1809,11.483,3.4811,20.43,91.88,13.99,1.73,0.01,0.01
1810,-68.8026,2.0102,96.78,90.06,21.11,48.206,23.424,0.01
1811,3.1125,5.502,28.8,28.8,17.3,1.957,0.014,0.01
1812,10.7457,2.0492,27.86,96.67,8.42,2.508,0.014,0.01
1813,2.6428,1.3639,29.83,29.83,25.86,3.226,0.015,0.01
1814,9.3395,1.023,29.84,88.6,27.26,3.306,0.015,0.01
1815,-45.2843,0.6562,91.29,90.17,14.97,34.392,14.15,0.01
1816,10.974,0.7667,26.11,95.3,17.4,1.772,0.013,0.01
1817,3.5833,1.0426,27.67,27.67,6.18,1.695,0.014,0.01
1818,2.9124,1.7879,15.08,15.08,23.0,1.677,0.008,0.01
1819,3.145,1.1619,25.46,25.46,17.08,1.719,0.013,0.01
1820,-81.2812,4.3587,93.81,93.81,21.47,48.998,18.087,0.01
1821,9.8923,1.7066,29.18,90.72,18.04,2.026,0.015,0.01
1822,10.4476,2.4891,29.91,97.03,8.39,2.582,0.015,0.01
1823,3.6661,5.176,23.97,23.97,6.89,0.584,0.012,0.01
1824,10.4716,3.5972,28.14,96.06,29.05,3.541,0.014,0.01
1825,-40.8095,0.8372,90.01,90.99,13.93,32.04,12.358,0.01
1826,10.5839,0.5959,26.51,93.59,27.18,2.569,0.013,0.01
1827,-82.8472,1.885,97.68,94.32,36.2,82.852,25.179,0.01
1828,8.2937,0.9485,29.51,81.9,44.35,5.266,0.015,0.01
1829,10.0991,2.9216,28.68,93.19,27.01,3.152,0.014,0.01
1830,-65.8636,1.3201,95.03,92.23,26.76,60.918,20.182,0.01
1831,3.6319,4.1512,21.68,21.68,6.98,0.889,0.011,0.01
1832,10.9985,1.1668,26.58,95.0,3.67,0.859,0.013,0.01
1833,3.2384,0.9145,29.02,29.02,14.48,1.823,0.015,0.01
1834,11.119,1.2607,23.28,93.56,21.81,2.443,0.012,0.01
1835,-50.9918,2.8627,92.16,96.84,19.36,44.268,15.458,0.01
1836,11.568,1.0639,24.35,97.75,17.12,1.654,0.012,0.01
1837,3.5914,2.5274,29.76,29.76,5.88,1.734,0.015,0.01
1838,8.6768,3.1326,29.53,85.91,49.58,5.91,0.015,0.01
1839,3.8695,3.7978,16.13,16.13,2.31,0.382,0.008,0.01
1840,12.9734,2.8659,14.42,95.0,2.23,0.724,0.007,0.01
1841,10.3879,1.4332,28.85,94.33,17.27,1.959,0.014,0.01
1842,11.6479,0.6112,20.0,91.5,3.49,0.779,0.01,0.01
1843,3.7508,1.4274,23.16,23.16,4.96,0.506,0.012,0.01
1844,9.7201,2.1664,29.99,92.46,27.63,3.697,0.015,0.01
1845,10.7591,1.493,29.55,96.97,2.64,0.847,0.015,0.01
1846,3.0896,0.8483,28.85,28.85,17.79,1.987,0.014,0.01
1847,11.0315,2.3653,24.55,94.47,8.23,2.396,0.012,0.01
1848,3.0631,0.6664,15.79,15.79,20.13,1.318,0.008,0.01
1849,3.7635,0.6968,26.92,26.92,4.53,0.552,0.013,0.01
1850,3.8294,5.0306,23.13,23.13,2.33,0.773,0.012,0.01
1851,10.1188,2.4028,28.05,90.98,17.85,1.929,0.014,0.01
1852,-61.6343,1.2085,91.86,95.8,35.94,82.972,14.996,0.01
1853,3.0197,2.4649,19.57,19.57,20.77,1.495,0.01,0.01
1854,10.052,4.0034,29.48,94.46,27.59,3.63,0.015,0.01
1855,3.8315,3.0197,21.51,21.51,2.31,0.761,0.011,0.01
1856,10.0045,1.6938,27.4,90.01,26.03,2.611,0.014,0.01
1857,3.6003,4.962,23.69,23.69,6.0,1.599,0.012,0.01
1858,3.0198,0.3502,18.8,18.8,20.86,1.459,0.009,0.01
1859,9.9033,4.5004,29.86,93.32,27.15,3.303,0.015,0.01
1860,11.2777,4.269,23.9,93.64,2.35,0.779,0.012,0.01
1861,10.1791,3.7777,24.86,86.92,17.55,1.7,0.012,0.01
1862,11.0317,1.2508,21.75,90.64,8.25,2.324,0.011,0.01
1863,10.2055,1.2262,29.42,95.66,27.67,3.627,0.015,0.01
1864,10.026,2.7275,26.51,88.72,22.97,2.389,0.013,0.01
1865,11.8215,4.2076,22.32,96.04,2.38,0.769,0.011,0.01
1866,10.3527,0.5424,29.51,95.03,17.91,2.046,0.015,0.01
1867,10.7762,0.5817,28.63,98.0,8.58,2.543,0.014,0.01
1868,10.2383,0.7755,28.28,96.24,45.86,5.101,0.014,0.01
1869,9.9097,3.2811,27.93,90.5,27.03,3.067,0.014,0.01
1870,9.8277,3.5091,27.77,86.79,2.45,0.818,0.014,0.01
1871,3.0788,1.5798,29.41,29.41,17.93,2.038,0.015,0.01
1872,-51.3212,3.2865,91.72,89.89,21.63,50.072,14.785,0.01
1873,-107.0647,1.0036,90.62,90.62,82.61,186.564,13.2,0.01
1874,2.9741,4.2468,27.64,27.64,19.8,2.34,0.014,0.01
1875,12.3448,0.9463,15.57,91.3,2.25,0.729,0.008,0.01
1876,8.9843,3.0893,29.51,83.71,12.82,2.113,0.015,0.01
1877,-39.5551,2.6461,88.45,93.63,18.05,42.014,10.346,0.01
1878,9.4741,4.7323,29.88,92.16,42.07,5.21,0.015,0.01
1879,2.8409,1.9267,24.06,24.06,22.66,2.527,0.012,0.01
1880,11.0367,2.7128,22.72,90.04,2.47,0.774,0.011,0.01
1881,3.6378,3.2816,17.51,17.51,7.01,0.817,0.009,0.01
1882,3.5947,4.6411,28.7,28.7,5.87,1.705,0.014,0.01
1883,10.5619,1.6156,27.5,96.58,33.89,4.041,0.014,0.01
1884,3.8472,2.6948,15.17,15.17,2.86,0.385,0.008,0.01
1885,3.8243,1.9976,24.48,24.48,2.43,0.787,0.012,0.01
1886,3.1545,3.5149,27.42,27.42,16.58,1.823,0.014,0.01
1887,3.6011,1.6473,25.77,25.77,5.88,1.637,0.013,0.01
1888,3.3202,0.6,25.75,25.75,13.85,1.257,0.013,0.01
1889,3.8448,2.2682,16.56,16.56,2.9,0.393,0.008,0.01
1890,11.2471,3.5185,21.17,89.7,2.35,0.76,0.011,0.01
1891,12.7988,3.1252,14.75,95.19,24.78,1.685,0.007,0.01
1892,3.6041,3.35,23.9,23.9,5.9,1.599,0.012,0.01
1893,9.5019,0.9616,29.05,92.0,49.27,5.787,0.015,0.01
1894,9.5153,0.6303,29.17,89.17,28.83,3.308,0.015,0.01
1895,10.1637,3.2923,29.62,92.09,2.51,0.841,0.015,0.01
1896,3.6044,0.9046,27.38,27.38,7.29,1.039,0.014,0.01
1897,-51.441,5.355,92.2,94.56,19.52,45.33,15.52,0.01
1898,3.5683,2.506,14.49,14.49,9.65,0.457,0.007,0.01
1899,3.3723,4.8207,21.52,21.52,13.07,1.047,0.011,0.01
1900,-34.9323,2.5841,88.32,92.1,12.02,27.751,10.184,0.01
1901,-0.0278,0.802,24.06,27.76,17.27,1.643,0.012,0.01
1902,10.3272,2.1594,29.31,95.18,8.2,2.549,0.015,0.01
1903,3.1012,3.825,19.28,19.28,18.87,1.441,0.01,0.01
1904,-180.009,1.6819,96.17,95.68,188.81,426.922,22.267,0.01
1905,12.183,0.732,16.68,91.46,2.29,0.734,0.008,0.01
1906,0.42,1.6704,25.04,25.04,10.14,0.731,0.013,0.01
1907,3.7803,3.1947,19.55,19.55,3.55,0.776,0.01,0.01
1908,3.5677,2.9831,28.15,28.15,8.06,1.1,0.014,0.01
1909,2.9401,1.6692,26.57,26.57,20.75,2.298,0.013,0.01
1910,-28.1238,1.3442,85.58,87.9,11.49,26.556,7.149,0.01
1911,0.5,2.1719,14.61,14.61,9.1,0.452,0.007,0.01
1912,10.0123,0.8705,29.93,93.43,8.45,2.586,0.015,0.01
1913,9.9195,2.2948,29.76,96.38,45.7,5.744,0.015,0.01
1914,10.7842,1.0534,22.57,90.24,22.82,2.776,0.011,0.01
1915,3.8189,2.0661,29.78,29.78,2.43,0.838,0.015,0.01
1916,11.4238,1.9241,21.49,93.26,25.95,2.087,0.011,0.01
1917,3.5842,1.3817,29.15,29.15,6.08,1.728,0.015,0.01
1918,9.5402,1.8173,28.84,91.35,46.49,5.244,0.014,0.01
1919,3.0167,2.259,22.68,22.68,19.61,1.987,0.011,0.01
1920,11.8372,3.7359,15.94,87.57,2.24,0.73,0.008,0.01
1921,3.2114,1.6219,20.82,20.82,16.1,1.447,0.01,0.01
1922,3.6214,2.4579,21.03,21.03,5.61,1.541,0.011,0.01
1923,2.9297,2.1873,26.33,26.33,21.82,1.974,0.013,0.01
1924,3.2336,0.8807,21.4,21.4,15.52,1.457,0.011,0.01
1925,3.8266,3.8897,24.23,24.23,2.38,0.783,0.012,0.01
1926,3.6091,0.3941,23.55,23.55,7.42,0.942,0.012,0.01
1927,3.7736,1.896,25.82,25.82,3.55,0.844,0.013,0.01
1928,3.8206,2.1347,27.08,27.08,3.24,0.497,0.014,0.01
1929,10.3707,1.3086,29.67,96.95,27.41,3.294,0.015,0.01
1930,10.8803,2.7619,18.56,83.13,2.29,0.744,0.009,0.01
1931,3.6251,1.3542,22.61,22.61,7.09,0.911,0.011,0.01
1932,-31.1003,3.3735,85.91,92.73,14.52,34.079,7.486,0.01
1933,10.4125,1.7645,26.84,93.49,26.55,3.276,0.013,0.01
1934,3.7362,1.0294,13.0,13.0,5.6,0.399,0.006,0.01
1935,3.8198,2.6044,29.31,29.31,2.42,0.833,0.015,0.01
1936,9.686,3.5178,26.08,84.71,12.49,1.917,0.013,0.01
1937,3.7924,2.722,13.93,13.93,3.35,0.734,0.007,0.01
1938,10.6462,1.5358,23.27,90.41,30.86,3.08,0.012,0.01
1939,10.0621,1.3388,28.81,93.52,27.11,3.523,0.014,0.01
1940,3.8322,2.9115,19.42,19.42,2.32,0.749,0.01,0.01
1941,10.6293,0.9653,27.04,93.91,12.34,1.956,0.014,0.01
1942,9.7391,2.4335,29.83,91.03,8.68,2.595,0.015,0.01
1943,2.6962,1.273,23.59,23.59,26.08,2.605,0.012,0.01
1944,10.3321,3.1827,26.33,90.64,16.08,2.081,0.013,0.01
1945,3.8181,3.2486,26.83,26.83,2.52,0.812,0.013,0.01
1946,3.5835,2.0897,16.02,16.02,9.22,0.477,0.008,0.01
1947,-68.8101,2.0862,96.06,90.2,25.05,57.761,22.05,0.01
1948,3.4235,2.5195,25.28,25.28,11.55,1.144,0.013,0.01
1949,3.1408,4.5161,27.16,27.16,16.14,2.136,0.014,0.01
1950,13.2457,1.2574,14.71,97.66,2.26,0.726,0.007,0.01
1951,12.1671,1.5627,19.06,95.63,11.45,1.631,0.01,0.01
1952,3.7572,2.0412,28.13,28.13,3.84,0.89,0.014,0.01
1953,9.4466,1.2971,29.91,92.66,45.51,5.763,0.015,0.01
1954,9.0374,1.381,29.8,85.72,23.02,3.06,0.015,0.01
1955,11.285,1.4073,19.56,87.84,2.3,0.749,0.01,0.01
1956,10.2481,3.7341,26.54,90.77,25.98,2.521,0.013,0.01
1957,3.5684,0.846,28.41,28.41,6.47,1.728,0.014,0.01
1958,3.4549,1.9226,28.9,28.9,11.26,0.946,0.014,0.01
1959,3.8684,1.4634,16.89,16.89,2.33,0.386,0.008,0.01
1960,-10.2014,0.5849,84.25,94.27,10.23,21.431,5.88,0.01
1961,9.8846,2.8267,29.23,91.86,28.14,2.929,0.015,0.01
1962,9.4409,2.3019,27.47,85.25,8.46,2.496,0.014,0.01
1963,10.2021,0.8843,29.8,96.11,26.44,3.605,0.015,0.01
1964,10.8007,2.4476,23.02,90.97,21.43,2.764,0.012,0.01
1965,11.9338,2.9276,22.77,97.58,2.44,0.774,0.011,0.01
1966,-0.0593,2.482,28.76,23.03,17.28,1.953,0.014,0.01
1967,3.5802,3.6553,29.8,29.8,6.12,1.749,0.015,0.01
1968,10.5706,1.3098,28.77,97.66,26.64,3.493,0.014,0.01
1969,10.4666,0.5231,29.85,97.43,19.0,2.836,0.015,0.01
1970,3.8184,2.8084,27.51,27.51,2.5,0.817,0.014,0.01
1971,3.0854,1.0568,29.89,29.89,17.7,2.065,0.015,0.01
1972,10.3747,1.5422,26.72,92.0,8.38,2.468,0.013,0.01
1973,3.4998,0.8534,12.29,12.29,10.55,0.782,0.006,0.01
1974,11.0024,1.1365,24.85,95.6,28.97,3.171,0.012,0.01
1975,-76.3241,2.3214,97.59,90.79,27.38,62.316,25.005,0.01
1976,11.4549,0.9039,23.2,95.18,16.94,1.584,0.012,0.01
1977,3.7733,1.4066,22.67,22.67,3.65,0.809,0.011,0.01
1978,3.3181,0.8524,20.3,20.3,13.63,1.367,0.01,0.01
1979,10.7199,1.1536,28.32,97.96,22.19,3.217,0.014,0.01
1980,3.8246,2.1396,25.8,25.8,2.39,0.797,0.013,0.01
1981,3.5713,2.902,29.46,29.46,7.88,1.136,0.015,0.01
1982,10.2276,3.4107,29.17,94.2,8.81,2.576,0.015,0.01
1983,3.1287,2.1264,24.66,24.66,17.56,1.688,0.012,0.01
1984,9.9749,2.9532,27.58,90.88,25.76,3.318,0.014,0.01
1985,11.3493,0.9941,26.5,97.76,2.52,0.808,0.013,0.01
1986,10.7519,1.8946,28.36,97.74,27.49,2.789,0.014,0.01
1987,-48.519,1.8269,89.17,93.8,28.2,65.554,11.246,0.01
1988,3.838,0.3016,20.1,20.1,3.0,0.418,0.01,0.01
1989,10.678,2.7819,28.15,97.21,26.75,3.078,0.014,0.01
1990,-73.6784,5.1449,97.08,96.22,26.58,60.514,23.992,0.01
1991,9.3416,2.2907,25.31,80.76,12.06,1.866,0.013,0.01
1992,-30.4746,0.7069,85.75,89.56,14.14,33.216,7.314,0.01
1993,3.7226,0.4535,29.35,29.35,5.33,0.642,0.015,0.01
1994,3.7997,2.2819,24.71,24.71,3.79,0.488,0.012,0.01
1995,11.5518,1.6812,22.84,94.49,2.42,0.773,0.011,0.01
1996,3.0945,1.2654,27.96,27.96,17.83,1.921,0.014,0.01
1997,10.3625,2.7116,26.66,91.81,8.42,2.467,0.013,0.01
1998,2.646,0.6572,29.93,29.93,25.77,3.232,0.015,0.01
1999,3.7673,2.2081,25.97,25.97,4.48,0.534,0.013,0.01
2000,-12.534,2.1752,85.64,97.85,10.82,25.046,7.211,0.01
